CustomerID,CustomerName,DOB,Email,Region,AnnualIncome,RiskBand
C000001,Customer 0001,1996-07-03,customer1@example.co.uk,South East,36592,Low
C000002,Customer 0002,1988-10-06,customer2@example.co.uk,Scotland,51256,Low
C000003,Customer 0003,2003-02-03,customer3@example.co.uk,London,93482,Low
C000004,Customer 0004,1994-08-08,customer4@example.co.uk,North West,25905,Low
C000005,Customer 0005,2016-04-14,customer5@example.co.uk,Scotland,25478,Medium
C000006,Customer 0006,2004-04-25,customer6@example.co.uk,North West,93426,Low
C000007,Customer 0007,1984-06-16,customer7@example.co.uk,Wales,58463,Medium
C000008,Customer 0008,1999-06-06,customer8@example.co.uk,South West,42926,Medium
C000009,Customer 0009,1999-04-07,customer9@example.co.uk,London,42379,Low
C000010,Customer 0010,2000-04-08,customer10@example.co.uk,Wales,34156,Low
C000011,Customer 0011,1986-02-11,customer11@example.co.uk,Scotland,67082,Medium
C000012,Customer 0012,2001-02-22,customer12@example.co.uk,London,82217,Low
C000013,Customer 0013,2012-05-13,customer13@example.co.uk,North West,94357,Low
C000014,Customer 0014,2015-10-09,customer14@example.co.uk,London,69400,Medium
C000015,Customer 0015,1997-02-23,customer15@example.co.uk,London,28006,Medium
C000016,Customer 0016,2001-03-20,customer16@example.co.uk,South West,52512,Medium
C000017,Customer 0017,2000-07-13,customer17@example.co.uk,South East,81429,Medium
C000018,Customer 0018,2014-03-25,customer18@example.co.uk,South West,70520,Low
C000019,Customer 0019,1991-11-04,customer19@example.co.uk,North West,31358,Medium
C000020,Customer 0020,2001-03-09,customer20@example.co.uk,South West,54087,Low
C000021,Customer 0021,1998-09-18,customer21@example.co.uk,Wales,95000,Low
C000022,Customer 0022,1985-08-09,customer22@example.co.uk,Wales,29331,Low
C000023,Customer 0023,1987-02-19,customer23@example.co.uk,South East,63347,Low
C000024,Customer 0024,2006-07-24,customer24@example.co.uk,Midlands,63245,Low
C000025,Customer 0025,1990-06-06,customer25@example.co.uk,South East,82142,Low
C000026,Customer 0026,2010-05-22,customer26@example.co.uk,Midlands,92644,Low
C000027,Customer 0027,1990-05-16,customer27@example.co.uk,North West,74350,Low
C000028,Customer 0028,1986-04-12,customer28@example.co.uk,Wales,86686,Low
C000029,Customer 0029,1991-05-06,customer29@example.co.uk,Wales,36371,Low
C000030,Customer 0030,2001-06-05,customer30@example.co.uk,Midlands,77333,Medium
C000031,Customer 0031,2008-12-25,customer31@example.co.uk,Wales,83348,Low
C000032,Customer 0032,1989-04-21,customer32@example.co.uk,Scotland,23504,Medium
C000033,Customer 0033,2012-12-01,customer33@example.co.uk,South West,92381,Medium
C000034,Customer 0034,1991-04-06,customer34@example.co.uk,Midlands,36621,Low
C000035,Customer 0035,2016-06-13,customer35@example.co.uk,South West,22425,High
C000036,Customer 0036,2006-12-09,customer36@example.co.uk,London,87612,Medium
C000037,Customer 0037,2006-12-09,customer37@example.co.uk,North West,61117,Medium
C000038,Customer 0038,1991-05-31,customer38@example.co.uk,North West,48071,Low
C000039,Customer 0039,2011-01-13,customer39@example.co.uk,South West,91514,High
C000040,Customer 0040,2000-06-13,customer40@example.co.uk,Wales,86042,Low
C000041,Customer 0041,1994-12-21,customer41@example.co.uk,North West,62306,Low
C000042,Customer 0042,2005-12-19,customer42@example.co.uk,Wales,32322,Low
C000043,Customer 0043,2008-01-23,customer43@example.co.uk,Wales,31071,High
C000044,Customer 0044,2005-06-27,customer44@example.co.uk,North West,38483,Low
C000045,Customer 0045,2011-05-18,customer45@example.co.uk,Midlands,43643,Low
C000046,Customer 0046,2016-11-28,customer46@example.co.uk,Scotland,49760,High
C000047,Customer 0047,2002-01-24,customer47@example.co.uk,Scotland,48365,Medium
C000048,Customer 0048,2007-05-20,customer48@example.co.uk,Midlands,70944,Low
C000049,Customer 0049,1987-01-15,customer49@example.co.uk,South West,37860,Low
C000050,Customer 0050,1994-06-28,customer50@example.co.uk,North West,24757,Medium
C000051,Customer 0051,2015-12-02,customer51@example.co.uk,Scotland,50864,Low
C000052,Customer 0052,1985-07-29,customer52@example.co.uk,Wales,29716,Low
C000053,Customer 0053,1994-11-04,customer53@example.co.uk,South West,65309,Low
C000054,Customer 0054,1990-02-06,customer54@example.co.uk,Scotland,85624,Low
C000055,Customer 0055,2005-05-20,customer55@example.co.uk,Wales,83953,Low
C000056,Customer 0056,1988-07-07,customer56@example.co.uk,Scotland,75354,Low
C000057,Customer 0057,2002-08-10,customer57@example.co.uk,Midlands,78498,Low
C000058,Customer 0058,2013-02-25,customer58@example.co.uk,London,29100,Medium
C000059,Customer 0059,1999-05-22,customer59@example.co.uk,Wales,29944,Low
C000060,Customer 0060,1992-09-12,customer60@example.co.uk,North West,36322,Low
C000061,Customer 0061,1992-05-25,customer61@example.co.uk,South West,80800,Low
C000062,Customer 0062,1987-07-20,customer62@example.co.uk,Midlands,82637,Low
C000063,Customer 0063,2013-06-02,customer63@example.co.uk,North West,94132,Low
C000064,Customer 0064,1994-10-08,customer64@example.co.uk,South East,23934,High
C000065,Customer 0065,1993-10-03,customer65@example.co.uk,Wales,75269,Low
C000066,Customer 0066,1991-07-21,customer66@example.co.uk,Midlands,74565,High
C000067,Customer 0067,1996-01-24,customer67@example.co.uk,Wales,22282,High
C000068,Customer 0068,2015-05-31,customer68@example.co.uk,Scotland,81638,Low
C000069,Customer 0069,2005-12-30,customer69@example.co.uk,South East,94845,Medium
C000070,Customer 0070,1986-10-16,customer70@example.co.uk,North West,46890,Low
C000071,Customer 0071,1998-03-27,customer71@example.co.uk,London,93066,Low
C000072,Customer 0072,2006-09-21,customer72@example.co.uk,Wales,28572,Medium
C000073,Customer 0073,2006-12-12,customer73@example.co.uk,London,91615,Low
C000074,Customer 0074,1987-03-20,customer74@example.co.uk,Scotland,46356,Low
C000075,Customer 0075,2009-09-20,customer75@example.co.uk,South East,52828,Low
C000076,Customer 0076,2002-12-21,customer76@example.co.uk,Scotland,27209,Medium
C000077,Customer 0077,1995-11-12,customer77@example.co.uk,South East,90522,Low
C000078,Customer 0078,2001-12-02,customer78@example.co.uk,South East,63180,Low
C000079,Customer 0079,1987-06-03,customer79@example.co.uk,London,61321,Low
C000080,Customer 0080,2009-06-03,customer80@example.co.uk,London,82068,Medium
C000081,Customer 0081,2006-11-10,customer81@example.co.uk,South West,31602,Low
C000082,Customer 0082,1987-04-03,customer82@example.co.uk,South East,39361,High
C000083,Customer 0083,2003-10-28,customer83@example.co.uk,Wales,70434,Low
C000084,Customer 0084,2011-08-09,customer84@example.co.uk,Wales,93200,Medium
C000085,Customer 0085,2009-01-16,customer85@example.co.uk,South West,91329,Low
C000086,Customer 0086,1990-03-11,customer86@example.co.uk,South West,35577,High
C000087,Customer 0087,2008-12-25,customer87@example.co.uk,South East,37129,High
C000088,Customer 0088,1993-08-12,customer88@example.co.uk,Scotland,57697,Low
C000089,Customer 0089,2012-08-13,customer89@example.co.uk,Wales,66942,Low
C000090,Customer 0090,1995-06-07,customer90@example.co.uk,Wales,56600,Low
C000091,Customer 0091,2003-03-02,customer91@example.co.uk,Wales,28658,Low
C000092,Customer 0092,1999-02-16,customer92@example.co.uk,Wales,58265,Low
C000093,Customer 0093,1995-12-01,customer93@example.co.uk,South East,39146,Medium
C000094,Customer 0094,2003-05-09,customer94@example.co.uk,North West,79912,Medium
C000095,Customer 0095,2015-03-01,customer95@example.co.uk,South East,23267,Low
C000096,Customer 0096,2000-09-23,customer96@example.co.uk,North West,93511,Low
C000097,Customer 0097,1989-11-19,customer97@example.co.uk,London,94420,Low
C000098,Customer 0098,1985-12-15,customer98@example.co.uk,South West,62404,Low
C000099,Customer 0099,2014-01-31,customer99@example.co.uk,London,49535,Medium
C000100,Customer 0100,2002-05-25,customer100@example.co.uk,North West,68357,Medium
C000101,Customer 0101,1994-10-14,customer101@example.co.uk,Wales,42257,High
C000102,Customer 0102,1992-02-09,customer102@example.co.uk,Midlands,43299,High
C000103,Customer 0103,1999-01-25,customer103@example.co.uk,Wales,25248,Low
C000104,Customer 0104,1995-04-19,customer104@example.co.uk,South West,75964,Medium
C000105,Customer 0105,1989-01-06,customer105@example.co.uk,Midlands,42866,Medium
C000106,Customer 0106,1994-02-22,customer106@example.co.uk,South East,27075,Medium
C000107,Customer 0107,1994-05-17,customer107@example.co.uk,South East,82332,Low
C000108,Customer 0108,2002-01-15,customer108@example.co.uk,South West,25101,Medium
C000109,Customer 0109,1996-09-08,customer109@example.co.uk,South West,58517,Medium
C000110,Customer 0110,2008-03-21,customer110@example.co.uk,South West,88768,Low
C000111,Customer 0111,1995-11-19,customer111@example.co.uk,South East,25617,Low
C000112,Customer 0112,2010-12-05,customer112@example.co.uk,Midlands,56795,Low
C000113,Customer 0113,1998-03-28,customer113@example.co.uk,Midlands,67309,Medium
C000114,Customer 0114,2010-01-11,customer114@example.co.uk,South East,89033,Low
C000115,Customer 0115,2003-09-23,customer115@example.co.uk,London,55386,Low
C000116,Customer 0116,2008-04-26,customer116@example.co.uk,Scotland,90146,High
C000117,Customer 0117,1987-04-22,customer117@example.co.uk,Scotland,47825,Low
C000118,Customer 0118,2013-12-03,customer118@example.co.uk,Wales,65279,Medium
C000119,Customer 0119,1997-08-21,customer119@example.co.uk,North West,38334,Medium
C000120,Customer 0120,1998-10-19,customer120@example.co.uk,Midlands,62538,Medium
C000121,Customer 0121,1992-10-09,customer121@example.co.uk,Midlands,60752,Medium
C000122,Customer 0122,1991-12-22,customer122@example.co.uk,North West,71695,Medium
C000123,Customer 0123,1984-03-08,customer123@example.co.uk,South West,61446,Low
C000124,Customer 0124,2010-03-08,customer124@example.co.uk,North West,59606,Low
C000125,Customer 0125,2004-01-01,customer125@example.co.uk,Scotland,64237,Low
C000126,Customer 0126,1991-10-12,customer126@example.co.uk,Scotland,50010,Low
C000127,Customer 0127,2013-12-11,customer127@example.co.uk,Scotland,33114,Low
C000128,Customer 0128,1994-09-14,customer128@example.co.uk,Scotland,65933,Low
C000129,Customer 0129,1993-02-05,customer129@example.co.uk,South East,62687,Low
C000130,Customer 0130,2005-06-24,customer130@example.co.uk,North West,25201,Low
C000131,Customer 0131,2012-06-01,customer131@example.co.uk,North West,31545,Low
C000132,Customer 0132,2001-05-23,customer132@example.co.uk,Midlands,47485,Medium
C000133,Customer 0133,2013-08-05,customer133@example.co.uk,Scotland,74383,Low
C000134,Customer 0134,1988-12-12,customer134@example.co.uk,Wales,22726,High
C000135,Customer 0135,2015-05-20,customer135@example.co.uk,North West,77724,Low
C000136,Customer 0136,1995-05-06,customer136@example.co.uk,Wales,82889,Low
C000137,Customer 0137,2005-01-03,customer137@example.co.uk,Scotland,37906,Low
C000138,Customer 0138,2010-11-16,customer138@example.co.uk,South West,91616,High
C000139,Customer 0139,2016-06-06,customer139@example.co.uk,North West,80008,Medium
C000140,Customer 0140,2008-09-28,customer140@example.co.uk,Midlands,77933,Medium
C000141,Customer 0141,2005-06-17,customer141@example.co.uk,Midlands,42861,Medium
C000142,Customer 0142,2012-10-08,customer142@example.co.uk,South West,55972,Medium
C000143,Customer 0143,1994-11-24,customer143@example.co.uk,South West,90327,Low
C000144,Customer 0144,1996-12-25,customer144@example.co.uk,South East,79654,Low
C000145,Customer 0145,2008-05-24,customer145@example.co.uk,London,57614,Low
C000146,Customer 0146,2001-05-07,customer146@example.co.uk,Scotland,40136,Low
C000147,Customer 0147,1987-01-18,customer147@example.co.uk,Midlands,42028,Medium
C000148,Customer 0148,2005-01-24,customer148@example.co.uk,Midlands,75424,Low
C000149,Customer 0149,2003-01-05,customer149@example.co.uk,Midlands,30161,Low
C000150,Customer 0150,2009-12-28,customer150@example.co.uk,Midlands,24560,Medium
C000151,Customer 0151,1999-12-12,customer151@example.co.uk,South West,84518,Low
C000152,Customer 0152,2002-12-18,customer152@example.co.uk,North West,73116,Medium
C000153,Customer 0153,1994-01-22,customer153@example.co.uk,Midlands,93582,Medium
C000154,Customer 0154,2005-12-13,customer154@example.co.uk,London,50760,Low
C000155,Customer 0155,2014-08-19,customer155@example.co.uk,Wales,72968,Low
C000156,Customer 0156,2005-02-17,customer156@example.co.uk,South East,74994,Medium
C000157,Customer 0157,2001-11-03,customer157@example.co.uk,North West,92008,Low
C000158,Customer 0158,2003-05-24,customer158@example.co.uk,South East,25552,Low
C000159,Customer 0159,1995-11-02,customer159@example.co.uk,Midlands,82515,Low
C000160,Customer 0160,1998-10-30,customer160@example.co.uk,South West,64906,Low
C000161,Customer 0161,2003-01-28,customer161@example.co.uk,South West,71692,Low
C000162,Customer 0162,2008-05-12,customer162@example.co.uk,London,32735,Low
C000163,Customer 0163,1987-03-31,customer163@example.co.uk,Wales,67870,Low
C000164,Customer 0164,1995-04-05,customer164@example.co.uk,South East,27276,Medium
C000165,Customer 0165,1994-11-13,customer165@example.co.uk,South East,24671,Medium
C000166,Customer 0166,2009-06-19,customer166@example.co.uk,South East,84070,Medium
C000167,Customer 0167,2000-09-17,customer167@example.co.uk,South East,82952,Medium
C000168,Customer 0168,1991-07-07,customer168@example.co.uk,South West,37012,Medium
C000169,Customer 0169,1998-02-28,customer169@example.co.uk,North West,36168,Medium
C000170,Customer 0170,2016-03-28,customer170@example.co.uk,South East,71192,Low
C000171,Customer 0171,2012-04-20,customer171@example.co.uk,South East,31961,Medium
C000172,Customer 0172,1997-09-11,customer172@example.co.uk,Wales,35356,Medium
C000173,Customer 0173,2009-07-21,customer173@example.co.uk,Wales,37866,Medium
C000174,Customer 0174,2003-05-20,customer174@example.co.uk,Scotland,27383,Low
C000175,Customer 0175,2013-03-19,customer175@example.co.uk,South West,70571,Low
C000176,Customer 0176,2006-02-26,customer176@example.co.uk,London,23658,Medium
C000177,Customer 0177,2012-09-04,customer177@example.co.uk,Wales,78822,High
C000178,Customer 0178,2003-09-14,customer178@example.co.uk,South East,82258,Medium
C000179,Customer 0179,1996-04-13,customer179@example.co.uk,North West,90386,High
C000180,Customer 0180,2005-01-07,customer180@example.co.uk,Midlands,92539,Medium
C000181,Customer 0181,1995-03-07,customer181@example.co.uk,Wales,57179,Low
C000182,Customer 0182,2004-05-21,customer182@example.co.uk,South East,33359,Low
C000183,Customer 0183,2014-02-20,customer183@example.co.uk,Midlands,82910,Medium
C000184,Customer 0184,1998-09-30,customer184@example.co.uk,South East,66092,Low
C000185,Customer 0185,1995-10-03,customer185@example.co.uk,South West,85904,Low
C000186,Customer 0186,2015-08-15,customer186@example.co.uk,South West,58655,High
C000187,Customer 0187,1992-09-26,customer187@example.co.uk,London,94848,Low
C000188,Customer 0188,2006-01-30,customer188@example.co.uk,North West,53635,Medium
C000189,Customer 0189,2013-02-20,customer189@example.co.uk,Scotland,53499,Medium
C000190,Customer 0190,1984-12-09,customer190@example.co.uk,London,86332,Low
C000191,Customer 0191,2015-03-14,customer191@example.co.uk,South East,60566,Low
C000192,Customer 0192,2000-09-20,customer192@example.co.uk,Midlands,62135,Medium
C000193,Customer 0193,2003-04-03,customer193@example.co.uk,Scotland,94544,Low
C000194,Customer 0194,2015-09-11,customer194@example.co.uk,Midlands,94140,Low
C000195,Customer 0195,1994-07-05,customer195@example.co.uk,London,57509,Low
C000196,Customer 0196,2008-03-15,customer196@example.co.uk,Wales,47242,Low
C000197,Customer 0197,2005-11-20,customer197@example.co.uk,South West,46267,Low
C000198,Customer 0198,1988-09-04,customer198@example.co.uk,Wales,90765,Medium
C000199,Customer 0199,2000-05-09,customer199@example.co.uk,South East,47443,Low
C000200,Customer 0200,2008-02-16,customer200@example.co.uk,South East,61618,Low
C000201,Customer 0201,1986-08-12,customer201@example.co.uk,North West,57954,Low
C000202,Customer 0202,1989-10-30,customer202@example.co.uk,Scotland,60290,Medium
C000203,Customer 0203,1984-09-18,customer203@example.co.uk,North West,86340,Low
C000204,Customer 0204,2003-12-04,customer204@example.co.uk,South West,59268,Low
C000205,Customer 0205,1995-06-29,customer205@example.co.uk,Wales,46164,High
C000206,Customer 0206,1987-02-05,customer206@example.co.uk,Midlands,84616,Low
C000207,Customer 0207,2012-05-26,customer207@example.co.uk,Scotland,86454,Low
C000208,Customer 0208,2009-05-31,customer208@example.co.uk,South West,29026,Low
C000209,Customer 0209,1989-06-24,customer209@example.co.uk,North West,33164,High
C000210,Customer 0210,2011-11-28,customer210@example.co.uk,South East,76548,Medium
C000211,Customer 0211,2004-01-10,customer211@example.co.uk,South West,90494,Low
C000212,Customer 0212,2012-01-09,customer212@example.co.uk,London,78207,Low
C000213,Customer 0213,1993-06-27,customer213@example.co.uk,Scotland,35006,High
C000214,Customer 0214,1987-10-23,customer214@example.co.uk,South East,49659,Low
C000215,Customer 0215,1987-07-14,customer215@example.co.uk,South East,53439,Low
C000216,Customer 0216,2015-02-02,customer216@example.co.uk,North West,22350,Low
C000217,Customer 0217,1994-07-20,customer217@example.co.uk,South West,83592,Low
C000218,Customer 0218,2004-07-13,customer218@example.co.uk,London,59056,Medium
C000219,Customer 0219,2012-03-15,customer219@example.co.uk,North West,52595,High
C000220,Customer 0220,2008-08-05,customer220@example.co.uk,South East,47928,Low
C000221,Customer 0221,1990-07-19,customer221@example.co.uk,London,41528,High
C000222,Customer 0222,1997-12-18,customer222@example.co.uk,North West,29816,Low
C000223,Customer 0223,2005-03-11,customer223@example.co.uk,Scotland,59828,Low
C000224,Customer 0224,1996-05-18,customer224@example.co.uk,North West,61857,Medium
C000225,Customer 0225,1987-10-10,customer225@example.co.uk,North West,92776,Low
C000226,Customer 0226,1998-08-16,customer226@example.co.uk,North West,27224,High
C000227,Customer 0227,1994-06-08,customer227@example.co.uk,Scotland,54816,Low
C000228,Customer 0228,2014-04-28,customer228@example.co.uk,Wales,24719,High
C000229,Customer 0229,1992-01-10,customer229@example.co.uk,Midlands,57325,Medium
C000230,Customer 0230,1996-08-23,customer230@example.co.uk,South East,90021,Medium
C000231,Customer 0231,2006-03-23,customer231@example.co.uk,London,79132,Medium
C000232,Customer 0232,1999-02-12,customer232@example.co.uk,South West,83605,Low
C000233,Customer 0233,1998-12-17,customer233@example.co.uk,Midlands,35710,Medium
C000234,Customer 0234,2002-02-17,customer234@example.co.uk,Wales,86942,Low
C000235,Customer 0235,1988-02-12,customer235@example.co.uk,South West,94102,Low
C000236,Customer 0236,2002-04-19,customer236@example.co.uk,Wales,55082,Low
C000237,Customer 0237,1984-03-20,customer237@example.co.uk,Scotland,89449,Medium
C000238,Customer 0238,1986-08-07,customer238@example.co.uk,South East,93118,Low
C000239,Customer 0239,2006-07-12,customer239@example.co.uk,Scotland,89952,Low
C000240,Customer 0240,1993-04-19,customer240@example.co.uk,South West,79939,Medium
C000241,Customer 0241,1997-02-01,customer241@example.co.uk,Midlands,93987,Low
C000242,Customer 0242,2012-06-05,customer242@example.co.uk,North West,85532,Low
C000243,Customer 0243,1998-02-08,customer243@example.co.uk,North West,53365,Medium
C000244,Customer 0244,1988-05-07,customer244@example.co.uk,South East,23792,Medium
C000245,Customer 0245,1989-06-08,customer245@example.co.uk,Scotland,36871,Low
C000246,Customer 0246,2016-04-23,customer246@example.co.uk,South West,42181,Low
C000247,Customer 0247,2002-10-21,customer247@example.co.uk,Wales,88698,Medium
C000248,Customer 0248,1995-02-06,customer248@example.co.uk,Midlands,85242,High
C000249,Customer 0249,1992-09-18,customer249@example.co.uk,North West,94255,Low
C000250,Customer 0250,1990-04-16,customer250@example.co.uk,Wales,88616,Medium
C000251,Customer 0251,2002-10-12,customer251@example.co.uk,South West,31150,Low
C000252,Customer 0252,1984-04-13,customer252@example.co.uk,South West,88550,Low
C000253,Customer 0253,2010-03-07,customer253@example.co.uk,Scotland,61132,Medium
C000254,Customer 0254,2004-03-13,customer254@example.co.uk,North West,86178,Medium
C000255,Customer 0255,2008-12-03,customer255@example.co.uk,Wales,85483,Low
C000256,Customer 0256,1998-08-08,customer256@example.co.uk,Wales,93228,Low
C000257,Customer 0257,1994-11-17,customer257@example.co.uk,North West,46727,High
C000258,Customer 0258,2002-08-05,customer258@example.co.uk,London,72196,Low
C000259,Customer 0259,2015-10-20,customer259@example.co.uk,Wales,63704,Medium
C000260,Customer 0260,2013-12-08,customer260@example.co.uk,Wales,71968,Low
C000261,Customer 0261,1985-10-29,customer261@example.co.uk,South East,41936,Low
C000262,Customer 0262,1999-01-22,customer262@example.co.uk,Wales,87836,High
C000263,Customer 0263,2003-12-01,customer263@example.co.uk,London,35154,High
C000264,Customer 0264,1984-11-08,customer264@example.co.uk,Scotland,90937,High
C000265,Customer 0265,2013-07-15,customer265@example.co.uk,South East,40894,Low
C000266,Customer 0266,1996-01-21,customer266@example.co.uk,South West,31807,Low
C000267,Customer 0267,1998-11-27,customer267@example.co.uk,Wales,74098,Medium
C000268,Customer 0268,1998-05-16,customer268@example.co.uk,Scotland,91942,Low
C000269,Customer 0269,1985-10-11,customer269@example.co.uk,North West,85956,High
C000270,Customer 0270,2014-11-13,customer270@example.co.uk,South West,30968,Low
C000271,Customer 0271,2003-08-20,customer271@example.co.uk,London,51817,Medium
C000272,Customer 0272,2015-04-19,customer272@example.co.uk,South West,35173,Low
C000273,Customer 0273,1986-09-07,customer273@example.co.uk,South West,25794,Low
C000274,Customer 0274,1990-09-12,customer274@example.co.uk,South East,68984,Low
C000275,Customer 0275,2014-10-01,customer275@example.co.uk,Wales,91621,Low
C000276,Customer 0276,1987-09-16,customer276@example.co.uk,North West,45600,Low
C000277,Customer 0277,1994-12-20,customer277@example.co.uk,Midlands,72140,Medium
C000278,Customer 0278,2012-10-12,customer278@example.co.uk,South West,40758,Low
C000279,Customer 0279,1984-08-02,customer279@example.co.uk,Wales,82236,Low
C000280,Customer 0280,2014-07-24,customer280@example.co.uk,North West,82981,High
C000281,Customer 0281,1999-09-01,customer281@example.co.uk,North West,42706,Low
C000282,Customer 0282,2003-03-14,customer282@example.co.uk,Scotland,61210,Medium
C000283,Customer 0283,1997-09-19,customer283@example.co.uk,South East,54780,Low
C000284,Customer 0284,1988-12-13,customer284@example.co.uk,South East,72422,Medium
C000285,Customer 0285,2009-12-13,customer285@example.co.uk,South West,71986,Medium
C000286,Customer 0286,2013-09-10,customer286@example.co.uk,Midlands,60696,Low
C000287,Customer 0287,2014-12-06,customer287@example.co.uk,Wales,57976,Low
C000288,Customer 0288,2006-06-13,customer288@example.co.uk,Wales,28428,High
C000289,Customer 0289,1994-06-28,customer289@example.co.uk,North West,59512,Medium
C000290,Customer 0290,1992-09-11,customer290@example.co.uk,North West,68179,Low
C000291,Customer 0291,2016-07-03,customer291@example.co.uk,Wales,54850,Medium
C000292,Customer 0292,2012-04-24,customer292@example.co.uk,Scotland,39927,Medium
C000293,Customer 0293,2003-12-10,customer293@example.co.uk,London,27167,Low
C000294,Customer 0294,1988-03-17,customer294@example.co.uk,South West,69823,Medium
C000295,Customer 0295,1992-01-17,customer295@example.co.uk,South East,64823,Medium
C000296,Customer 0296,2000-07-30,customer296@example.co.uk,North West,39322,Medium
C000297,Customer 0297,1991-07-19,customer297@example.co.uk,South West,87771,High
C000298,Customer 0298,1997-05-28,customer298@example.co.uk,Scotland,85156,High
C000299,Customer 0299,2005-03-05,customer299@example.co.uk,London,66396,Medium
C000300,Customer 0300,1994-04-15,customer300@example.co.uk,Wales,40449,Medium
C000301,Customer 0301,2009-03-02,customer301@example.co.uk,South West,74089,High
C000302,Customer 0302,1984-10-16,customer302@example.co.uk,South West,33836,Medium
C000303,Customer 0303,2000-09-12,customer303@example.co.uk,Scotland,92329,Low
C000304,Customer 0304,2012-10-22,customer304@example.co.uk,South West,56362,Medium
C000305,Customer 0305,2005-04-25,customer305@example.co.uk,London,36201,Medium
C000306,Customer 0306,1994-02-04,customer306@example.co.uk,Scotland,64992,High
C000307,Customer 0307,2004-12-28,customer307@example.co.uk,Scotland,30285,Medium
C000308,Customer 0308,1989-05-26,customer308@example.co.uk,South East,61608,Medium
C000309,Customer 0309,1997-10-26,customer309@example.co.uk,Midlands,27943,High
C000310,Customer 0310,2008-04-12,customer310@example.co.uk,South East,37220,Low
C000311,Customer 0311,2014-03-30,customer311@example.co.uk,Scotland,72940,Low
C000312,Customer 0312,2016-10-04,customer312@example.co.uk,South East,92804,Low
C000313,Customer 0313,2006-02-12,customer313@example.co.uk,North West,76379,Medium
C000314,Customer 0314,1996-09-18,customer314@example.co.uk,London,75492,High
C000315,Customer 0315,2004-02-11,customer315@example.co.uk,South East,70566,Low
C000316,Customer 0316,2014-12-04,customer316@example.co.uk,South West,69537,Low
C000317,Customer 0317,2013-02-02,customer317@example.co.uk,South West,93364,High
C000318,Customer 0318,1992-09-05,customer318@example.co.uk,London,29936,Low
C000319,Customer 0319,1993-09-06,customer319@example.co.uk,Scotland,81600,Low
C000320,Customer 0320,1999-02-16,customer320@example.co.uk,South East,24799,Low
C000321,Customer 0321,1993-05-16,customer321@example.co.uk,London,38505,Medium
C000322,Customer 0322,1993-11-08,customer322@example.co.uk,Wales,94641,Low
C000323,Customer 0323,1990-10-14,customer323@example.co.uk,Wales,52539,Low
C000324,Customer 0324,1990-08-28,customer324@example.co.uk,South East,22371,Low
C000325,Customer 0325,1991-12-29,customer325@example.co.uk,London,92807,Low
C000326,Customer 0326,2000-03-27,customer326@example.co.uk,Wales,25379,Low
C000327,Customer 0327,1984-11-15,customer327@example.co.uk,South East,53186,Medium
C000328,Customer 0328,2003-01-19,customer328@example.co.uk,North West,56782,Low
C000329,Customer 0329,2005-07-12,customer329@example.co.uk,Midlands,36896,Medium
C000330,Customer 0330,1989-01-21,customer330@example.co.uk,Midlands,69453,Low
C000331,Customer 0331,2011-10-04,customer331@example.co.uk,London,88039,Low
C000332,Customer 0332,2013-01-09,customer332@example.co.uk,London,90347,Low
C000333,Customer 0333,2002-03-08,customer333@example.co.uk,Midlands,29972,High
C000334,Customer 0334,2004-01-24,customer334@example.co.uk,London,36150,Low
C000335,Customer 0335,1990-10-27,customer335@example.co.uk,London,32589,Low
C000336,Customer 0336,2012-07-25,customer336@example.co.uk,North West,38540,Low
C000337,Customer 0337,2001-04-02,customer337@example.co.uk,North West,93874,Medium
C000338,Customer 0338,2006-11-04,customer338@example.co.uk,North West,91541,Low
C000339,Customer 0339,2015-08-24,customer339@example.co.uk,London,78387,Low
C000340,Customer 0340,1993-10-23,customer340@example.co.uk,Midlands,94264,Medium
C000341,Customer 0341,2002-09-23,customer341@example.co.uk,South West,81186,High
C000342,Customer 0342,2016-11-22,customer342@example.co.uk,London,81441,Low
C000343,Customer 0343,2014-01-01,customer343@example.co.uk,South West,62966,Low
C000344,Customer 0344,2014-12-22,customer344@example.co.uk,Midlands,71060,High
C000345,Customer 0345,1987-12-30,customer345@example.co.uk,London,30799,Low
C000346,Customer 0346,2000-11-18,customer346@example.co.uk,Wales,78606,Low
C000347,Customer 0347,2010-06-22,customer347@example.co.uk,North West,39054,Medium
C000348,Customer 0348,2002-08-05,customer348@example.co.uk,South West,65207,Medium
C000349,Customer 0349,2016-07-05,customer349@example.co.uk,London,77435,Medium
C000350,Customer 0350,1999-12-10,customer350@example.co.uk,London,59700,Medium
C000351,Customer 0351,2013-08-16,customer351@example.co.uk,Midlands,88507,Low
C000352,Customer 0352,1999-11-15,customer352@example.co.uk,Wales,51392,Medium
C000353,Customer 0353,1996-08-30,customer353@example.co.uk,North West,94910,Low
C000354,Customer 0354,2009-04-30,customer354@example.co.uk,Wales,51643,Medium
C000355,Customer 0355,2013-09-03,customer355@example.co.uk,Wales,94972,Low
C000356,Customer 0356,1996-06-04,customer356@example.co.uk,Scotland,57054,Low
C000357,Customer 0357,1999-11-30,customer357@example.co.uk,London,62499,High
C000358,Customer 0358,2009-07-27,customer358@example.co.uk,Scotland,45777,Medium
C000359,Customer 0359,2012-07-26,customer359@example.co.uk,London,74531,Low
C000360,Customer 0360,1993-10-25,customer360@example.co.uk,Midlands,34026,Medium
C000361,Customer 0361,1991-03-24,customer361@example.co.uk,South West,77028,Low
C000362,Customer 0362,2009-08-17,customer362@example.co.uk,North West,62846,Medium
C000363,Customer 0363,1991-02-23,customer363@example.co.uk,South East,33135,High
C000364,Customer 0364,1996-05-16,customer364@example.co.uk,Midlands,28522,Medium
C000365,Customer 0365,2003-12-30,customer365@example.co.uk,Midlands,77576,Low
C000366,Customer 0366,2007-02-24,customer366@example.co.uk,London,57804,Low
C000367,Customer 0367,1996-11-14,customer367@example.co.uk,Scotland,67242,Low
C000368,Customer 0368,1998-01-01,customer368@example.co.uk,London,85783,Low
C000369,Customer 0369,2011-01-19,customer369@example.co.uk,London,50903,Low
C000370,Customer 0370,1993-08-22,customer370@example.co.uk,Wales,23007,Low
C000371,Customer 0371,1997-02-24,customer371@example.co.uk,South West,39987,Medium
C000372,Customer 0372,2003-06-26,customer372@example.co.uk,South East,37726,Low
C000373,Customer 0373,2015-09-24,customer373@example.co.uk,South East,38932,Low
C000374,Customer 0374,2014-02-18,customer374@example.co.uk,Wales,87570,Medium
C000375,Customer 0375,1986-01-24,customer375@example.co.uk,Midlands,68421,Low
C000376,Customer 0376,1987-08-29,customer376@example.co.uk,Wales,24456,Low
C000377,Customer 0377,2009-11-20,customer377@example.co.uk,Midlands,63033,Medium
C000378,Customer 0378,2002-05-03,customer378@example.co.uk,London,76747,Low
C000379,Customer 0379,2011-11-23,customer379@example.co.uk,Midlands,64568,Low
C000380,Customer 0380,1988-11-30,customer380@example.co.uk,South East,69428,Low
C000381,Customer 0381,2007-09-02,customer381@example.co.uk,London,79104,Medium
C000382,Customer 0382,1999-05-25,customer382@example.co.uk,South East,73873,High
C000383,Customer 0383,1987-08-05,customer383@example.co.uk,North West,65655,Medium
C000384,Customer 0384,1992-11-11,customer384@example.co.uk,Wales,36945,Low
C000385,Customer 0385,2013-02-12,customer385@example.co.uk,Wales,67793,Low
C000386,Customer 0386,1990-09-26,customer386@example.co.uk,South West,41358,Low
C000387,Customer 0387,1991-01-09,customer387@example.co.uk,Wales,47856,Low
C000388,Customer 0388,2012-05-02,customer388@example.co.uk,Midlands,31876,Low
C000389,Customer 0389,2010-02-28,customer389@example.co.uk,Midlands,82811,Medium
C000390,Customer 0390,2012-04-20,customer390@example.co.uk,South West,64363,Medium
C000391,Customer 0391,2005-03-14,customer391@example.co.uk,Midlands,41786,Low
C000392,Customer 0392,2010-09-11,customer392@example.co.uk,London,61691,Medium
C000393,Customer 0393,1998-02-02,customer393@example.co.uk,Midlands,68129,Low
C000394,Customer 0394,2000-09-15,customer394@example.co.uk,Wales,81233,Low
C000395,Customer 0395,1988-03-20,customer395@example.co.uk,North West,59627,Low
C000396,Customer 0396,2010-03-14,customer396@example.co.uk,North West,88462,Low
C000397,Customer 0397,2009-10-23,customer397@example.co.uk,Scotland,27376,Low
C000398,Customer 0398,2005-07-02,customer398@example.co.uk,North West,46672,Low
C000399,Customer 0399,2004-05-17,customer399@example.co.uk,London,41773,High
C000400,Customer 0400,1987-12-13,customer400@example.co.uk,North West,67015,High
C000401,Customer 0401,2015-11-28,customer401@example.co.uk,Midlands,44617,Low
C000402,Customer 0402,2011-07-10,customer402@example.co.uk,South East,79595,Low
C000403,Customer 0403,1996-11-08,customer403@example.co.uk,Midlands,69696,Low
C000404,Customer 0404,2014-08-15,customer404@example.co.uk,North West,75578,Medium
C000405,Customer 0405,2013-03-15,customer405@example.co.uk,South West,28863,Medium
C000406,Customer 0406,2009-03-12,customer406@example.co.uk,Scotland,30639,Low
C000407,Customer 0407,2016-08-18,customer407@example.co.uk,Wales,72667,Low
C000408,Customer 0408,2010-04-22,customer408@example.co.uk,Scotland,41709,Low
C000409,Customer 0409,1998-01-30,customer409@example.co.uk,Scotland,40537,High
C000410,Customer 0410,2015-12-18,customer410@example.co.uk,London,73374,Low
C000411,Customer 0411,2013-01-11,customer411@example.co.uk,Wales,62577,Medium
C000412,Customer 0412,2014-03-24,customer412@example.co.uk,Scotland,65054,Medium
C000413,Customer 0413,2014-03-29,customer413@example.co.uk,Midlands,90995,Low
C000414,Customer 0414,2000-06-06,customer414@example.co.uk,South West,88648,Low
C000415,Customer 0415,1999-06-30,customer415@example.co.uk,Wales,45627,High
C000416,Customer 0416,1990-05-03,customer416@example.co.uk,South East,85736,Low
C000417,Customer 0417,1988-09-14,customer417@example.co.uk,North West,32114,Low
C000418,Customer 0418,2007-10-14,customer418@example.co.uk,London,92748,Medium
C000419,Customer 0419,2011-11-21,customer419@example.co.uk,South East,66140,High
C000420,Customer 0420,1992-04-11,customer420@example.co.uk,Wales,71377,Low
C000421,Customer 0421,1986-02-15,customer421@example.co.uk,Midlands,43697,Medium
C000422,Customer 0422,1994-10-27,customer422@example.co.uk,Midlands,69749,Medium
C000423,Customer 0423,2004-04-21,customer423@example.co.uk,South East,59346,Medium
C000424,Customer 0424,2005-03-16,customer424@example.co.uk,Wales,91993,Low
C000425,Customer 0425,2009-10-02,customer425@example.co.uk,Midlands,47430,Low
C000426,Customer 0426,2001-04-18,customer426@example.co.uk,North West,82513,Medium
C000427,Customer 0427,1991-06-09,customer427@example.co.uk,Wales,91135,Low
C000428,Customer 0428,1990-05-17,customer428@example.co.uk,Wales,48174,Medium
C000429,Customer 0429,2005-09-21,customer429@example.co.uk,Wales,54768,Low
C000430,Customer 0430,1988-10-07,customer430@example.co.uk,Scotland,70655,Medium
C000431,Customer 0431,1996-12-14,customer431@example.co.uk,London,89621,Medium
C000432,Customer 0432,2007-03-12,customer432@example.co.uk,South East,43012,Low
C000433,Customer 0433,1994-02-15,customer433@example.co.uk,Wales,79340,Low
C000434,Customer 0434,1985-05-12,customer434@example.co.uk,Midlands,81130,High
C000435,Customer 0435,2000-12-09,customer435@example.co.uk,South East,28980,Low
C000436,Customer 0436,2000-12-25,customer436@example.co.uk,South East,72615,High
C000437,Customer 0437,1988-08-11,customer437@example.co.uk,Wales,25694,Low
C000438,Customer 0438,1990-05-04,customer438@example.co.uk,London,65947,Medium
C000439,Customer 0439,2005-05-11,customer439@example.co.uk,Scotland,59601,High
C000440,Customer 0440,2005-03-17,customer440@example.co.uk,Midlands,40191,Medium
C000441,Customer 0441,1985-01-07,customer441@example.co.uk,South West,22688,High
C000442,Customer 0442,2008-10-13,customer442@example.co.uk,Scotland,50266,Medium
C000443,Customer 0443,1997-02-02,customer443@example.co.uk,South East,91176,Low
C000444,Customer 0444,1994-11-11,customer444@example.co.uk,Midlands,61472,Low
C000445,Customer 0445,2006-08-03,customer445@example.co.uk,North West,81914,Low
C000446,Customer 0446,2007-04-14,customer446@example.co.uk,North West,92261,Low
C000447,Customer 0447,1997-03-26,customer447@example.co.uk,Midlands,53711,Medium
C000448,Customer 0448,1994-12-16,customer448@example.co.uk,North West,22205,Medium
C000449,Customer 0449,2014-02-21,customer449@example.co.uk,London,76600,Low
C000450,Customer 0450,1987-03-15,customer450@example.co.uk,North West,90614,High
C000451,Customer 0451,2006-12-08,customer451@example.co.uk,North West,93313,Low
C000452,Customer 0452,2005-04-03,customer452@example.co.uk,London,24665,Low
C000453,Customer 0453,1995-07-18,customer453@example.co.uk,Scotland,72709,High
C000454,Customer 0454,1987-03-13,customer454@example.co.uk,South West,24128,Low
C000455,Customer 0455,2012-05-07,customer455@example.co.uk,London,53604,Medium
C000456,Customer 0456,1999-12-21,customer456@example.co.uk,North West,65583,Low
C000457,Customer 0457,1992-01-08,customer457@example.co.uk,Wales,66374,Medium
C000458,Customer 0458,2005-08-19,customer458@example.co.uk,Scotland,82899,High
C000459,Customer 0459,1986-12-30,customer459@example.co.uk,Scotland,45891,Medium
C000460,Customer 0460,1993-03-17,customer460@example.co.uk,London,81988,Low
C000461,Customer 0461,1998-04-28,customer461@example.co.uk,South West,48144,High
C000462,Customer 0462,2008-07-11,customer462@example.co.uk,Midlands,89552,Low
C000463,Customer 0463,2013-03-08,customer463@example.co.uk,South East,55202,Low
C000464,Customer 0464,1986-04-24,customer464@example.co.uk,Wales,59501,Low
C000465,Customer 0465,2000-09-03,customer465@example.co.uk,Midlands,65506,Low
C000466,Customer 0466,2001-07-05,customer466@example.co.uk,South West,74431,Medium
C000467,Customer 0467,2006-06-26,customer467@example.co.uk,South West,46486,Low
C000468,Customer 0468,1987-11-15,customer468@example.co.uk,Scotland,90062,Low
C000469,Customer 0469,2011-03-11,customer469@example.co.uk,Wales,77640,Low
C000470,Customer 0470,1998-07-29,customer470@example.co.uk,London,45652,Low
C000471,Customer 0471,1997-06-05,customer471@example.co.uk,South West,32494,Low
C000472,Customer 0472,2003-04-13,customer472@example.co.uk,South East,80447,Medium
C000473,Customer 0473,1986-01-24,customer473@example.co.uk,Scotland,80183,Low
C000474,Customer 0474,2003-09-05,customer474@example.co.uk,South West,68210,Medium
C000475,Customer 0475,2012-10-06,customer475@example.co.uk,Midlands,29518,Low
C000476,Customer 0476,2014-08-23,customer476@example.co.uk,South East,69619,Low
C000477,Customer 0477,2011-06-03,customer477@example.co.uk,Scotland,26081,Low
C000478,Customer 0478,1987-03-08,customer478@example.co.uk,South East,79432,Low
C000479,Customer 0479,2009-08-11,customer479@example.co.uk,London,70015,Low
C000480,Customer 0480,2000-10-21,customer480@example.co.uk,South West,42111,Medium
C000481,Customer 0481,2009-11-29,customer481@example.co.uk,South East,80188,Medium
C000482,Customer 0482,1998-04-08,customer482@example.co.uk,Scotland,91397,Low
C000483,Customer 0483,1989-04-03,customer483@example.co.uk,London,58528,Low
C000484,Customer 0484,2001-07-11,customer484@example.co.uk,North West,46385,Low
C000485,Customer 0485,1995-11-04,customer485@example.co.uk,Scotland,37435,Low
C000486,Customer 0486,2011-08-12,customer486@example.co.uk,South West,80493,Low
C000487,Customer 0487,1990-04-03,customer487@example.co.uk,Wales,86382,Low
C000488,Customer 0488,2016-03-01,customer488@example.co.uk,Midlands,31706,Low
C000489,Customer 0489,1998-07-03,customer489@example.co.uk,Scotland,33506,Medium
C000490,Customer 0490,2008-11-02,customer490@example.co.uk,North West,67537,Medium
C000491,Customer 0491,1991-03-26,customer491@example.co.uk,Scotland,60058,High
C000492,Customer 0492,2006-12-27,customer492@example.co.uk,South East,44818,Medium
C000493,Customer 0493,1990-05-25,customer493@example.co.uk,South East,37907,High
C000494,Customer 0494,2009-01-07,customer494@example.co.uk,North West,86752,Low
C000495,Customer 0495,2008-11-29,customer495@example.co.uk,South East,70353,Low
C000496,Customer 0496,2002-01-10,customer496@example.co.uk,Scotland,33300,Low
C000497,Customer 0497,2002-07-14,customer497@example.co.uk,Wales,84739,Low
C000498,Customer 0498,1998-05-22,customer498@example.co.uk,Scotland,31666,Low
C000499,Customer 0499,2014-09-03,customer499@example.co.uk,North West,31720,Low
C000500,Customer 0500,2008-11-23,customer500@example.co.uk,Scotland,67156,Low
C000501,Customer 0501,1989-12-15,customer501@example.co.uk,Midlands,45850,Medium
C000502,Customer 0502,1986-08-26,customer502@example.co.uk,Wales,87911,High
C000503,Customer 0503,1997-10-22,customer503@example.co.uk,South East,38274,Low
C000504,Customer 0504,2015-12-26,customer504@example.co.uk,South East,43229,Low
C000505,Customer 0505,2007-06-11,customer505@example.co.uk,South West,67353,High
C000506,Customer 0506,2012-08-26,customer506@example.co.uk,North West,32336,Low
C000507,Customer 0507,1997-10-01,customer507@example.co.uk,North West,57972,Low
C000508,Customer 0508,2012-12-01,customer508@example.co.uk,South East,91924,Low
C000509,Customer 0509,2012-03-06,customer509@example.co.uk,Scotland,42210,Low
C000510,Customer 0510,2009-06-13,customer510@example.co.uk,London,66252,Medium
C000511,Customer 0511,2012-12-09,customer511@example.co.uk,Wales,25718,Low
C000512,Customer 0512,2009-10-30,customer512@example.co.uk,Midlands,56688,Medium
C000513,Customer 0513,2012-04-19,customer513@example.co.uk,North West,25969,Low
C000514,Customer 0514,1997-09-19,customer514@example.co.uk,Midlands,59967,Medium
C000515,Customer 0515,2014-11-22,customer515@example.co.uk,Midlands,54096,Medium
C000516,Customer 0516,2015-01-21,customer516@example.co.uk,London,60985,Low
C000517,Customer 0517,2005-11-20,customer517@example.co.uk,Midlands,42719,Low
C000518,Customer 0518,1990-08-11,customer518@example.co.uk,South West,48741,Low
C000519,Customer 0519,1999-08-29,customer519@example.co.uk,Midlands,63853,Medium
C000520,Customer 0520,2007-04-08,customer520@example.co.uk,North West,39139,Medium
C000521,Customer 0521,2005-02-02,customer521@example.co.uk,London,35917,Low
C000522,Customer 0522,1990-06-27,customer522@example.co.uk,London,57058,Low
C000523,Customer 0523,2001-05-25,customer523@example.co.uk,Wales,28632,Low
C000524,Customer 0524,1991-05-01,customer524@example.co.uk,Wales,76805,Low
C000525,Customer 0525,2016-07-06,customer525@example.co.uk,South West,64917,High
C000526,Customer 0526,2006-07-08,customer526@example.co.uk,North West,46881,Medium
C000527,Customer 0527,1998-01-03,customer527@example.co.uk,Midlands,83186,Low
C000528,Customer 0528,2001-10-21,customer528@example.co.uk,North West,25037,Low
C000529,Customer 0529,1993-10-25,customer529@example.co.uk,North West,81930,High
C000530,Customer 0530,1996-10-14,customer530@example.co.uk,Midlands,68254,Low
C000531,Customer 0531,1984-07-13,customer531@example.co.uk,Wales,83680,Low
C000532,Customer 0532,1996-01-12,customer532@example.co.uk,Scotland,36089,Low
C000533,Customer 0533,2000-07-31,customer533@example.co.uk,London,69943,Medium
C000534,Customer 0534,2009-05-14,customer534@example.co.uk,South East,74505,Low
C000535,Customer 0535,1987-06-19,customer535@example.co.uk,Midlands,69516,Medium
C000536,Customer 0536,2008-10-30,customer536@example.co.uk,South West,88093,Low
C000537,Customer 0537,1988-07-03,customer537@example.co.uk,Midlands,37572,Low
C000538,Customer 0538,1999-05-18,customer538@example.co.uk,North West,70915,Medium
C000539,Customer 0539,1993-02-04,customer539@example.co.uk,North West,69920,Medium
C000540,Customer 0540,1985-12-21,customer540@example.co.uk,London,88731,Low
C000541,Customer 0541,1999-02-08,customer541@example.co.uk,Wales,27100,Low
C000542,Customer 0542,1990-11-06,customer542@example.co.uk,North West,84094,Low
C000543,Customer 0543,2011-09-01,customer543@example.co.uk,South West,89568,Low
C000544,Customer 0544,2011-10-27,customer544@example.co.uk,Scotland,43299,Low
C000545,Customer 0545,2006-12-03,customer545@example.co.uk,Wales,61221,Medium
C000546,Customer 0546,2015-12-16,customer546@example.co.uk,North West,88809,Low
C000547,Customer 0547,1984-11-29,customer547@example.co.uk,South West,61294,Low
C000548,Customer 0548,2002-11-07,customer548@example.co.uk,North West,65416,Medium
C000549,Customer 0549,2016-09-13,customer549@example.co.uk,Wales,62327,Medium
C000550,Customer 0550,1996-01-29,customer550@example.co.uk,Scotland,25492,Medium
C000551,Customer 0551,2010-05-05,customer551@example.co.uk,Midlands,51824,Medium
C000552,Customer 0552,2016-07-07,customer552@example.co.uk,North West,44349,Low
C000553,Customer 0553,2014-09-14,customer553@example.co.uk,South East,71832,Low
C000554,Customer 0554,2015-08-04,customer554@example.co.uk,London,26138,Medium
C000555,Customer 0555,1998-03-28,customer555@example.co.uk,Midlands,47006,Low
C000556,Customer 0556,1993-04-24,customer556@example.co.uk,Midlands,41848,Low
C000557,Customer 0557,2005-04-27,customer557@example.co.uk,Wales,87774,Medium
C000558,Customer 0558,2007-06-08,customer558@example.co.uk,South East,30163,Medium
C000559,Customer 0559,2005-08-16,customer559@example.co.uk,North West,64604,High
C000560,Customer 0560,1991-12-08,customer560@example.co.uk,Midlands,71391,Low
C000561,Customer 0561,2000-01-22,customer561@example.co.uk,Scotland,91878,Low
C000562,Customer 0562,1992-10-16,customer562@example.co.uk,South East,56650,Medium
C000563,Customer 0563,1994-04-03,customer563@example.co.uk,South West,58569,Medium
C000564,Customer 0564,2015-02-16,customer564@example.co.uk,Scotland,59880,Medium
C000565,Customer 0565,1999-10-24,customer565@example.co.uk,North West,86094,Low
C000566,Customer 0566,2009-11-21,customer566@example.co.uk,Scotland,57842,Low
C000567,Customer 0567,2001-11-12,customer567@example.co.uk,Wales,93197,Low
C000568,Customer 0568,1990-09-26,customer568@example.co.uk,South West,67237,High
C000569,Customer 0569,2016-03-14,customer569@example.co.uk,London,27513,Low
C000570,Customer 0570,2013-08-04,customer570@example.co.uk,South West,67398,High
C000571,Customer 0571,2008-04-29,customer571@example.co.uk,South West,84793,Low
C000572,Customer 0572,2011-10-14,customer572@example.co.uk,Scotland,57601,Low
C000573,Customer 0573,2014-03-19,customer573@example.co.uk,North West,53363,Low
C000574,Customer 0574,1986-07-10,customer574@example.co.uk,London,51579,Medium
C000575,Customer 0575,2005-05-10,customer575@example.co.uk,London,76172,Low
C000576,Customer 0576,2008-11-07,customer576@example.co.uk,South East,40018,Low
C000577,Customer 0577,2005-07-03,customer577@example.co.uk,Midlands,75334,Medium
C000578,Customer 0578,1997-01-19,customer578@example.co.uk,South West,48143,Medium
C000579,Customer 0579,1988-03-06,customer579@example.co.uk,Scotland,59409,Medium
C000580,Customer 0580,2016-08-08,customer580@example.co.uk,Wales,52437,Low
C000581,Customer 0581,1992-01-08,customer581@example.co.uk,Midlands,26888,High
C000582,Customer 0582,1985-10-18,customer582@example.co.uk,Wales,45040,High
C000583,Customer 0583,1992-07-10,customer583@example.co.uk,Scotland,74034,Medium
C000584,Customer 0584,1984-07-31,customer584@example.co.uk,South West,59941,High
C000585,Customer 0585,1999-03-13,customer585@example.co.uk,South West,36064,High
C000586,Customer 0586,2008-07-15,customer586@example.co.uk,North West,81552,High
C000587,Customer 0587,1990-03-09,customer587@example.co.uk,Wales,86738,High
C000588,Customer 0588,1992-10-25,customer588@example.co.uk,Wales,88088,Low
C000589,Customer 0589,2016-12-17,customer589@example.co.uk,Midlands,36764,Low
C000590,Customer 0590,1984-10-18,customer590@example.co.uk,Scotland,55720,Medium
C000591,Customer 0591,2009-08-20,customer591@example.co.uk,Scotland,66185,Medium
C000592,Customer 0592,2012-10-25,customer592@example.co.uk,Midlands,47318,Low
C000593,Customer 0593,1988-01-22,customer593@example.co.uk,Midlands,78059,Low
C000594,Customer 0594,1990-06-22,customer594@example.co.uk,Midlands,34502,Low
C000595,Customer 0595,1984-06-21,customer595@example.co.uk,South West,64415,High
C000596,Customer 0596,1996-02-22,customer596@example.co.uk,South West,72275,Low
C000597,Customer 0597,2009-11-12,customer597@example.co.uk,London,61576,Medium
C000598,Customer 0598,2015-03-30,customer598@example.co.uk,South East,56282,Medium
C000599,Customer 0599,2005-01-16,customer599@example.co.uk,South West,30142,Medium
C000600,Customer 0600,2006-09-16,customer600@example.co.uk,Scotland,42934,Low
C000601,Customer 0601,2012-10-25,customer601@example.co.uk,South West,62760,Medium
C000602,Customer 0602,1993-12-30,customer602@example.co.uk,South East,70174,Medium
C000603,Customer 0603,2011-05-04,customer603@example.co.uk,South West,84676,Low
C000604,Customer 0604,2005-04-15,customer604@example.co.uk,Wales,76505,Medium
C000605,Customer 0605,1993-12-18,customer605@example.co.uk,Wales,92453,Medium
C000606,Customer 0606,2010-11-22,customer606@example.co.uk,Wales,54435,Medium
C000607,Customer 0607,2007-11-10,customer607@example.co.uk,Scotland,32730,Low
C000608,Customer 0608,2009-06-22,customer608@example.co.uk,London,69419,Low
C000609,Customer 0609,2006-11-03,customer609@example.co.uk,South East,30094,Medium
C000610,Customer 0610,1998-11-19,customer610@example.co.uk,Wales,92341,Low
C000611,Customer 0611,2014-09-06,customer611@example.co.uk,South East,90202,Low
C000612,Customer 0612,2007-01-22,customer612@example.co.uk,Midlands,86071,Low
C000613,Customer 0613,2007-03-11,customer613@example.co.uk,Midlands,29292,Low
C000614,Customer 0614,2009-03-26,customer614@example.co.uk,Midlands,81873,Medium
C000615,Customer 0615,2001-12-05,customer615@example.co.uk,South West,62392,Medium
C000616,Customer 0616,2010-02-09,customer616@example.co.uk,London,22395,Medium
C000617,Customer 0617,2015-08-02,customer617@example.co.uk,London,27936,Low
C000618,Customer 0618,1987-04-06,customer618@example.co.uk,Midlands,92931,High
C000619,Customer 0619,1992-03-28,customer619@example.co.uk,Wales,26159,Low
C000620,Customer 0620,2016-11-17,customer620@example.co.uk,Scotland,39750,Medium
C000621,Customer 0621,2001-04-28,customer621@example.co.uk,Midlands,77097,Low
C000622,Customer 0622,2014-10-16,customer622@example.co.uk,Scotland,71479,Low
C000623,Customer 0623,1999-10-07,customer623@example.co.uk,London,92687,Low
C000624,Customer 0624,2001-10-18,customer624@example.co.uk,North West,45392,High
C000625,Customer 0625,1994-02-26,customer625@example.co.uk,Wales,38691,Medium
C000626,Customer 0626,1997-07-20,customer626@example.co.uk,Midlands,22455,Medium
C000627,Customer 0627,2001-03-07,customer627@example.co.uk,Wales,93361,Low
C000628,Customer 0628,1999-09-11,customer628@example.co.uk,South East,52102,Low
C000629,Customer 0629,2016-09-08,customer629@example.co.uk,Wales,58129,Low
C000630,Customer 0630,2013-10-12,customer630@example.co.uk,Midlands,36790,Low
C000631,Customer 0631,1987-03-09,customer631@example.co.uk,London,24050,Low
C000632,Customer 0632,2014-04-24,customer632@example.co.uk,Scotland,26400,Low
C000633,Customer 0633,1986-02-24,customer633@example.co.uk,Midlands,28380,Low
C000634,Customer 0634,1993-11-29,customer634@example.co.uk,Wales,79535,Low
C000635,Customer 0635,1997-02-21,customer635@example.co.uk,South East,29398,Low
C000636,Customer 0636,2014-05-02,customer636@example.co.uk,Wales,63799,Medium
C000637,Customer 0637,1990-08-05,customer637@example.co.uk,Scotland,64030,Low
C000638,Customer 0638,1997-08-24,customer638@example.co.uk,South West,90321,Low
C000639,Customer 0639,2010-09-15,customer639@example.co.uk,Scotland,29989,Medium
C000640,Customer 0640,2003-05-01,customer640@example.co.uk,North West,44955,Medium
C000641,Customer 0641,1999-08-13,customer641@example.co.uk,Scotland,86962,Low
C000642,Customer 0642,1998-06-19,customer642@example.co.uk,Scotland,71958,Medium
C000643,Customer 0643,1997-08-14,customer643@example.co.uk,Midlands,76568,Low
C000644,Customer 0644,2005-05-29,customer644@example.co.uk,South East,46101,Medium
C000645,Customer 0645,2015-11-27,customer645@example.co.uk,South East,51536,Low
C000646,Customer 0646,2009-05-24,customer646@example.co.uk,Midlands,82689,High
C000647,Customer 0647,1990-03-07,customer647@example.co.uk,Midlands,76592,Medium
C000648,Customer 0648,1998-12-25,customer648@example.co.uk,Scotland,53831,Low
C000649,Customer 0649,2000-10-23,customer649@example.co.uk,London,32363,High
C000650,Customer 0650,1992-09-16,customer650@example.co.uk,London,92206,Medium
C000651,Customer 0651,2011-04-21,customer651@example.co.uk,North West,57187,Low
C000652,Customer 0652,1992-08-09,customer652@example.co.uk,Wales,27183,High
C000653,Customer 0653,1999-02-07,customer653@example.co.uk,South West,50444,Low
C000654,Customer 0654,1992-09-09,customer654@example.co.uk,Scotland,24009,Low
C000655,Customer 0655,2005-08-25,customer655@example.co.uk,South East,37376,Medium
C000656,Customer 0656,1994-11-26,customer656@example.co.uk,North West,48805,Low
C000657,Customer 0657,2001-03-29,customer657@example.co.uk,Midlands,64154,Medium
C000658,Customer 0658,1998-01-01,customer658@example.co.uk,South West,91946,Medium
C000659,Customer 0659,2006-06-22,customer659@example.co.uk,Midlands,69139,Low
C000660,Customer 0660,2016-07-28,customer660@example.co.uk,Midlands,34924,Medium
C000661,Customer 0661,2000-10-17,customer661@example.co.uk,South West,63973,High
C000662,Customer 0662,1994-02-03,customer662@example.co.uk,Scotland,76254,Low
C000663,Customer 0663,2008-12-26,customer663@example.co.uk,North West,41126,Low
C000664,Customer 0664,1992-12-19,customer664@example.co.uk,South West,76732,Low
C000665,Customer 0665,1995-03-11,customer665@example.co.uk,Midlands,52149,Low
C000666,Customer 0666,2014-11-20,customer666@example.co.uk,South West,94173,Medium
C000667,Customer 0667,2006-01-31,customer667@example.co.uk,Scotland,55728,Medium
C000668,Customer 0668,1999-12-19,customer668@example.co.uk,South East,86303,Low
C000669,Customer 0669,2006-01-26,customer669@example.co.uk,South East,40344,Medium
C000670,Customer 0670,1986-10-20,customer670@example.co.uk,North West,93058,High
C000671,Customer 0671,1987-07-02,customer671@example.co.uk,Wales,26433,Medium
C000672,Customer 0672,2002-08-31,customer672@example.co.uk,South East,28358,Medium
C000673,Customer 0673,1990-12-10,customer673@example.co.uk,London,52334,Low
C000674,Customer 0674,2000-11-27,customer674@example.co.uk,London,50668,Low
C000675,Customer 0675,1984-11-14,customer675@example.co.uk,London,85334,Medium
C000676,Customer 0676,1984-09-12,customer676@example.co.uk,London,91758,Medium
C000677,Customer 0677,2008-03-13,customer677@example.co.uk,South West,91391,Medium
C000678,Customer 0678,2015-06-21,customer678@example.co.uk,Scotland,24246,Low
C000679,Customer 0679,1992-03-17,customer679@example.co.uk,London,78436,Medium
C000680,Customer 0680,1994-12-23,customer680@example.co.uk,South East,34624,Low
C000681,Customer 0681,2000-01-25,customer681@example.co.uk,South West,91003,Low
C000682,Customer 0682,2002-05-19,customer682@example.co.uk,Midlands,74022,Low
C000683,Customer 0683,1994-04-19,customer683@example.co.uk,South West,53877,High
C000684,Customer 0684,2013-04-26,customer684@example.co.uk,Wales,32566,Medium
C000685,Customer 0685,2001-03-06,customer685@example.co.uk,Midlands,26152,Low
C000686,Customer 0686,2012-09-23,customer686@example.co.uk,London,94443,Low
C000687,Customer 0687,2003-08-19,customer687@example.co.uk,Scotland,44463,Low
C000688,Customer 0688,1988-06-11,customer688@example.co.uk,North West,65420,Medium
C000689,Customer 0689,2015-03-22,customer689@example.co.uk,North West,27577,Low
C000690,Customer 0690,1987-07-03,customer690@example.co.uk,Scotland,84324,Low
C000691,Customer 0691,2009-06-11,customer691@example.co.uk,Scotland,58749,High
C000692,Customer 0692,1998-04-10,customer692@example.co.uk,London,26312,Low
C000693,Customer 0693,2016-02-20,customer693@example.co.uk,Wales,49152,Medium
C000694,Customer 0694,1997-08-04,customer694@example.co.uk,South East,74205,High
C000695,Customer 0695,2001-08-15,customer695@example.co.uk,Scotland,53519,Medium
C000696,Customer 0696,1990-06-11,customer696@example.co.uk,Wales,92852,Low
C000697,Customer 0697,1999-09-06,customer697@example.co.uk,London,32279,Low
C000698,Customer 0698,1987-07-30,customer698@example.co.uk,South West,34803,Low
C000699,Customer 0699,1998-10-22,customer699@example.co.uk,London,73996,High
C000700,Customer 0700,2004-05-17,customer700@example.co.uk,Midlands,57825,Medium
C000701,Customer 0701,2001-01-02,customer701@example.co.uk,Midlands,51902,Low
C000702,Customer 0702,2013-10-20,customer702@example.co.uk,Midlands,46345,Medium
C000703,Customer 0703,1997-06-01,customer703@example.co.uk,Wales,33232,Medium
C000704,Customer 0704,1987-11-06,customer704@example.co.uk,South West,54302,Medium
C000705,Customer 0705,2012-08-07,customer705@example.co.uk,South East,42214,Low
C000706,Customer 0706,1988-12-11,customer706@example.co.uk,London,73068,Low
C000707,Customer 0707,2004-02-12,customer707@example.co.uk,South West,22680,High
C000708,Customer 0708,1988-01-31,customer708@example.co.uk,South East,57358,Low
C000709,Customer 0709,2009-01-18,customer709@example.co.uk,North West,78489,Low
C000710,Customer 0710,1988-03-09,customer710@example.co.uk,South West,75483,Low
C000711,Customer 0711,2010-12-29,customer711@example.co.uk,Wales,94642,Low
C000712,Customer 0712,1984-09-20,customer712@example.co.uk,South West,64523,Medium
C000713,Customer 0713,1987-12-19,customer713@example.co.uk,Scotland,76238,Low
C000714,Customer 0714,1991-10-10,customer714@example.co.uk,Scotland,53816,Medium
C000715,Customer 0715,1996-03-24,customer715@example.co.uk,South West,71903,Low
C000716,Customer 0716,1987-01-02,customer716@example.co.uk,South East,57180,Low
C000717,Customer 0717,1997-08-12,customer717@example.co.uk,Midlands,78973,Low
C000718,Customer 0718,1995-03-25,customer718@example.co.uk,Scotland,32082,Low
C000719,Customer 0719,1992-12-08,customer719@example.co.uk,Midlands,86985,Medium
C000720,Customer 0720,1984-06-20,customer720@example.co.uk,Midlands,36021,Low
C000721,Customer 0721,2001-03-17,customer721@example.co.uk,Wales,65544,Medium
C000722,Customer 0722,2003-06-26,customer722@example.co.uk,Wales,65193,Low
C000723,Customer 0723,2011-03-24,customer723@example.co.uk,Scotland,39842,Low
C000724,Customer 0724,1992-02-19,customer724@example.co.uk,Midlands,48326,Low
C000725,Customer 0725,2015-05-05,customer725@example.co.uk,Scotland,63830,Low
C000726,Customer 0726,1995-01-15,customer726@example.co.uk,South West,86357,High
C000727,Customer 0727,2001-10-16,customer727@example.co.uk,South West,71290,Low
C000728,Customer 0728,1993-02-16,customer728@example.co.uk,North West,36927,High
C000729,Customer 0729,2008-11-03,customer729@example.co.uk,London,93516,Low
C000730,Customer 0730,1993-07-27,customer730@example.co.uk,Midlands,82505,High
C000731,Customer 0731,1987-04-09,customer731@example.co.uk,Wales,60185,Medium
C000732,Customer 0732,1990-05-30,customer732@example.co.uk,Scotland,75627,Medium
C000733,Customer 0733,2013-09-17,customer733@example.co.uk,South East,61692,Low
C000734,Customer 0734,1987-06-26,customer734@example.co.uk,Midlands,77460,Medium
C000735,Customer 0735,2008-02-20,customer735@example.co.uk,North West,84814,Medium
C000736,Customer 0736,2000-04-17,customer736@example.co.uk,Scotland,76827,Low
C000737,Customer 0737,1987-12-24,customer737@example.co.uk,London,92373,Medium
C000738,Customer 0738,2000-02-03,customer738@example.co.uk,South East,54536,Medium
C000739,Customer 0739,2013-02-06,customer739@example.co.uk,Scotland,27806,Medium
C000740,Customer 0740,1999-01-15,customer740@example.co.uk,Wales,74378,High
C000741,Customer 0741,1988-08-03,customer741@example.co.uk,South West,78420,Low
C000742,Customer 0742,2007-06-09,customer742@example.co.uk,North West,51098,Low
C000743,Customer 0743,2001-09-17,customer743@example.co.uk,Midlands,50971,Low
C000744,Customer 0744,1985-04-08,customer744@example.co.uk,Midlands,87597,Low
C000745,Customer 0745,1988-01-07,customer745@example.co.uk,London,35703,Low
C000746,Customer 0746,1999-07-22,customer746@example.co.uk,Midlands,40569,Low
C000747,Customer 0747,1999-10-16,customer747@example.co.uk,Midlands,49114,Low
C000748,Customer 0748,2015-06-03,customer748@example.co.uk,Midlands,34795,Low
C000749,Customer 0749,1986-03-04,customer749@example.co.uk,Wales,63800,Low
C000750,Customer 0750,1999-07-22,customer750@example.co.uk,Scotland,37084,Low
C000751,Customer 0751,1991-07-16,customer751@example.co.uk,Scotland,36334,Medium
C000752,Customer 0752,2008-12-03,customer752@example.co.uk,South East,53970,Low
C000753,Customer 0753,2004-11-22,customer753@example.co.uk,South East,65383,Medium
C000754,Customer 0754,1992-07-11,customer754@example.co.uk,Scotland,75090,Medium
C000755,Customer 0755,2011-09-18,customer755@example.co.uk,South East,78640,Low
C000756,Customer 0756,2001-08-10,customer756@example.co.uk,London,80926,Medium
C000757,Customer 0757,2015-09-26,customer757@example.co.uk,Wales,50153,Low
C000758,Customer 0758,2008-04-01,customer758@example.co.uk,South East,30200,Medium
C000759,Customer 0759,2004-09-09,customer759@example.co.uk,London,69945,Low
C000760,Customer 0760,2006-02-14,customer760@example.co.uk,North West,56387,Medium
C000761,Customer 0761,2011-08-03,customer761@example.co.uk,Midlands,63078,Medium
C000762,Customer 0762,2004-09-14,customer762@example.co.uk,North West,36972,Low
C000763,Customer 0763,2015-11-01,customer763@example.co.uk,Wales,44613,Medium
C000764,Customer 0764,2010-08-22,customer764@example.co.uk,London,60986,High
C000765,Customer 0765,1994-11-13,customer765@example.co.uk,South West,39556,Low
C000766,Customer 0766,2015-04-10,customer766@example.co.uk,South East,37328,Low
C000767,Customer 0767,2010-12-02,customer767@example.co.uk,South East,88954,Low
C000768,Customer 0768,2005-12-30,customer768@example.co.uk,Scotland,72293,Low
C000769,Customer 0769,2013-02-09,customer769@example.co.uk,South East,92435,Medium
C000770,Customer 0770,1997-02-14,customer770@example.co.uk,South East,94733,Low
C000771,Customer 0771,2004-05-25,customer771@example.co.uk,North West,46523,Low
C000772,Customer 0772,1984-08-06,customer772@example.co.uk,Midlands,29026,Medium
C000773,Customer 0773,2001-05-22,customer773@example.co.uk,North West,39895,Low
C000774,Customer 0774,2002-07-09,customer774@example.co.uk,Scotland,88248,Medium
C000775,Customer 0775,2004-01-29,customer775@example.co.uk,Midlands,86451,Low
C000776,Customer 0776,1985-07-20,customer776@example.co.uk,Wales,43922,Low
C000777,Customer 0777,1996-06-30,customer777@example.co.uk,South East,50905,Low
C000778,Customer 0778,2004-09-05,customer778@example.co.uk,North West,92465,Low
C000779,Customer 0779,1989-03-30,customer779@example.co.uk,North West,86921,Low
C000780,Customer 0780,2008-07-12,customer780@example.co.uk,Wales,36969,Low
C000781,Customer 0781,1986-01-12,customer781@example.co.uk,Wales,70085,Low
C000782,Customer 0782,2003-03-28,customer782@example.co.uk,London,79850,Low
C000783,Customer 0783,1985-08-12,customer783@example.co.uk,Midlands,54444,Low
C000784,Customer 0784,1988-01-26,customer784@example.co.uk,Midlands,56447,Low
C000785,Customer 0785,1994-10-18,customer785@example.co.uk,South East,37386,Medium
C000786,Customer 0786,2011-07-17,customer786@example.co.uk,Scotland,67957,Medium
C000787,Customer 0787,1990-05-31,customer787@example.co.uk,Wales,78120,Low
C000788,Customer 0788,1986-10-30,customer788@example.co.uk,North West,49082,Medium
C000789,Customer 0789,2010-12-09,customer789@example.co.uk,North West,67982,Low
C000790,Customer 0790,2015-10-01,customer790@example.co.uk,South West,44069,Low
C000791,Customer 0791,2007-03-30,customer791@example.co.uk,Scotland,59923,Medium
C000792,Customer 0792,2002-08-18,customer792@example.co.uk,London,34481,Low
C000793,Customer 0793,1989-11-09,customer793@example.co.uk,Scotland,58349,Medium
C000794,Customer 0794,2016-01-29,customer794@example.co.uk,South West,39392,Low
C000795,Customer 0795,2014-07-02,customer795@example.co.uk,Midlands,54447,Medium
C000796,Customer 0796,2012-07-14,customer796@example.co.uk,South West,86154,Low
C000797,Customer 0797,1987-07-22,customer797@example.co.uk,Scotland,76293,Low
C000798,Customer 0798,1996-08-24,customer798@example.co.uk,Scotland,34202,Low
C000799,Customer 0799,2006-01-22,customer799@example.co.uk,South West,70374,Low
C000800,Customer 0800,1988-05-06,customer800@example.co.uk,Scotland,22324,Medium
C000801,Customer 0801,2015-06-12,customer801@example.co.uk,South West,82089,Medium
C000802,Customer 0802,2002-01-03,customer802@example.co.uk,South East,30300,Medium
C000803,Customer 0803,2006-05-11,customer803@example.co.uk,South West,78314,Medium
C000804,Customer 0804,1999-04-26,customer804@example.co.uk,North West,64318,Medium
C000805,Customer 0805,2005-12-08,customer805@example.co.uk,Wales,39117,Medium
C000806,Customer 0806,1986-05-04,customer806@example.co.uk,London,67054,High
C000807,Customer 0807,2004-10-12,customer807@example.co.uk,London,35051,Medium
C000808,Customer 0808,1991-04-03,customer808@example.co.uk,Midlands,38284,High
C000809,Customer 0809,2003-05-11,customer809@example.co.uk,South East,81836,Low
C000810,Customer 0810,1997-09-15,customer810@example.co.uk,South East,39290,High
C000811,Customer 0811,2000-05-02,customer811@example.co.uk,South West,57916,Low
C000812,Customer 0812,2013-04-10,customer812@example.co.uk,South East,32803,Low
C000813,Customer 0813,1997-11-14,customer813@example.co.uk,Scotland,28787,Low
C000814,Customer 0814,1988-04-04,customer814@example.co.uk,Scotland,52689,Low
C000815,Customer 0815,2005-07-22,customer815@example.co.uk,London,34475,Low
C000816,Customer 0816,2007-06-20,customer816@example.co.uk,Scotland,39393,Medium
C000817,Customer 0817,2015-05-15,customer817@example.co.uk,South West,80335,Low
C000818,Customer 0818,2003-02-10,customer818@example.co.uk,Scotland,37806,High
C000819,Customer 0819,1994-06-09,customer819@example.co.uk,Midlands,39324,Low
C000820,Customer 0820,1988-10-05,customer820@example.co.uk,London,33708,Medium
C000821,Customer 0821,1997-08-03,customer821@example.co.uk,South East,63071,Low
C000822,Customer 0822,1990-02-20,customer822@example.co.uk,Scotland,72164,Medium
C000823,Customer 0823,2009-06-07,customer823@example.co.uk,London,40724,Low
C000824,Customer 0824,2016-07-28,customer824@example.co.uk,South East,43511,Low
C000825,Customer 0825,2011-10-20,customer825@example.co.uk,Scotland,41840,High
C000826,Customer 0826,1988-01-21,customer826@example.co.uk,London,79984,Medium
C000827,Customer 0827,2010-08-12,customer827@example.co.uk,Scotland,40351,Medium
C000828,Customer 0828,2003-06-06,customer828@example.co.uk,South West,72335,Low
C000829,Customer 0829,2013-01-30,customer829@example.co.uk,London,40327,Low
C000830,Customer 0830,2011-01-30,customer830@example.co.uk,Scotland,54527,Medium
C000831,Customer 0831,2015-02-20,customer831@example.co.uk,London,59345,Medium
C000832,Customer 0832,2011-05-23,customer832@example.co.uk,North West,61537,Low
C000833,Customer 0833,1997-06-04,customer833@example.co.uk,Scotland,46726,Medium
C000834,Customer 0834,1994-11-26,customer834@example.co.uk,Midlands,29152,Medium
C000835,Customer 0835,2006-07-30,customer835@example.co.uk,Scotland,72578,Low
C000836,Customer 0836,1984-09-15,customer836@example.co.uk,South West,31307,Low
C000837,Customer 0837,2009-08-30,customer837@example.co.uk,Midlands,63480,Low
C000838,Customer 0838,1991-12-01,customer838@example.co.uk,Wales,69895,Low
C000839,Customer 0839,1987-06-10,customer839@example.co.uk,London,83736,High
C000840,Customer 0840,1993-11-04,customer840@example.co.uk,London,30851,Low
C000841,Customer 0841,2002-01-07,customer841@example.co.uk,North West,29925,High
C000842,Customer 0842,2006-08-23,customer842@example.co.uk,Wales,59550,Medium
C000843,Customer 0843,2002-03-18,customer843@example.co.uk,London,76451,Low
C000844,Customer 0844,1991-01-06,customer844@example.co.uk,South West,92328,Low
C000845,Customer 0845,2007-02-07,customer845@example.co.uk,South East,32957,Low
C000846,Customer 0846,2001-09-10,customer846@example.co.uk,North West,42365,Low
C000847,Customer 0847,2003-10-16,customer847@example.co.uk,Scotland,30665,Low
C000848,Customer 0848,1988-01-13,customer848@example.co.uk,Midlands,53278,Low
C000849,Customer 0849,2011-06-24,customer849@example.co.uk,London,37202,Low
C000850,Customer 0850,2013-09-07,customer850@example.co.uk,Scotland,62539,Medium
C000851,Customer 0851,2015-12-03,customer851@example.co.uk,South East,45022,Low
C000852,Customer 0852,1999-09-20,customer852@example.co.uk,North West,23487,Low
C000853,Customer 0853,2016-07-01,customer853@example.co.uk,South West,89793,Medium
C000854,Customer 0854,1996-03-22,customer854@example.co.uk,Scotland,43884,Low
C000855,Customer 0855,1985-06-25,customer855@example.co.uk,South West,37473,Medium
C000856,Customer 0856,1987-01-12,customer856@example.co.uk,South West,78272,Low
C000857,Customer 0857,2007-01-29,customer857@example.co.uk,South West,32101,Low
C000858,Customer 0858,2009-08-05,customer858@example.co.uk,South East,29266,Low
C000859,Customer 0859,1988-10-12,customer859@example.co.uk,North West,70193,Low
C000860,Customer 0860,2006-12-28,customer860@example.co.uk,London,37117,Low
C000861,Customer 0861,1984-09-19,customer861@example.co.uk,South East,27772,Medium
C000862,Customer 0862,2001-05-06,customer862@example.co.uk,South East,28026,Low
C000863,Customer 0863,1985-10-02,customer863@example.co.uk,North West,45456,High
C000864,Customer 0864,1995-04-21,customer864@example.co.uk,Midlands,76967,Low
C000865,Customer 0865,1987-08-30,customer865@example.co.uk,North West,63934,Low
C000866,Customer 0866,2014-05-15,customer866@example.co.uk,London,70864,Low
C000867,Customer 0867,2007-04-21,customer867@example.co.uk,London,45507,Low
C000868,Customer 0868,2005-01-11,customer868@example.co.uk,Wales,74550,Low
C000869,Customer 0869,1998-02-07,customer869@example.co.uk,South West,59002,Medium
C000870,Customer 0870,1984-07-10,customer870@example.co.uk,South West,33322,Medium
C000871,Customer 0871,1997-10-19,customer871@example.co.uk,Scotland,48302,Low
C000872,Customer 0872,2010-09-16,customer872@example.co.uk,Midlands,53795,Low
C000873,Customer 0873,2008-09-06,customer873@example.co.uk,Wales,47614,Medium
C000874,Customer 0874,2002-07-24,customer874@example.co.uk,London,54129,Low
C000875,Customer 0875,2012-09-10,customer875@example.co.uk,Wales,52539,Low
C000876,Customer 0876,1984-03-25,customer876@example.co.uk,Wales,23257,High
C000877,Customer 0877,2016-10-14,customer877@example.co.uk,South West,71319,Medium
C000878,Customer 0878,1994-11-07,customer878@example.co.uk,Midlands,35624,Low
C000879,Customer 0879,1990-07-21,customer879@example.co.uk,Scotland,86491,High
C000880,Customer 0880,1994-07-20,customer880@example.co.uk,Wales,58677,Low
C000881,Customer 0881,2000-11-15,customer881@example.co.uk,Midlands,90125,Low
C000882,Customer 0882,2006-11-02,customer882@example.co.uk,South East,33128,Medium
C000883,Customer 0883,2009-08-21,customer883@example.co.uk,London,73688,Low
C000884,Customer 0884,1990-01-11,customer884@example.co.uk,South East,79014,Medium
C000885,Customer 0885,1998-04-19,customer885@example.co.uk,Wales,60230,Low
C000886,Customer 0886,1998-10-20,customer886@example.co.uk,South West,73505,Medium
C000887,Customer 0887,1987-07-08,customer887@example.co.uk,South East,81343,Low
C000888,Customer 0888,2010-05-24,customer888@example.co.uk,London,39840,Medium
C000889,Customer 0889,2004-05-01,customer889@example.co.uk,Midlands,42369,Low
C000890,Customer 0890,2008-03-16,customer890@example.co.uk,South West,63160,Low
C000891,Customer 0891,2004-12-13,customer891@example.co.uk,South West,49215,Low
C000892,Customer 0892,2014-12-10,customer892@example.co.uk,South West,37717,Low
C000893,Customer 0893,1998-11-14,customer893@example.co.uk,South East,27286,Low
C000894,Customer 0894,2000-02-15,customer894@example.co.uk,Midlands,33955,Medium
C000895,Customer 0895,1997-07-28,customer895@example.co.uk,South West,89300,Low
C000896,Customer 0896,2002-04-22,customer896@example.co.uk,Wales,44789,Low
C000897,Customer 0897,2008-11-04,customer897@example.co.uk,South East,81270,Medium
C000898,Customer 0898,1990-06-09,customer898@example.co.uk,London,34415,Low
C000899,Customer 0899,1994-02-19,customer899@example.co.uk,South East,23567,Low
C000900,Customer 0900,2000-11-11,customer900@example.co.uk,Scotland,47969,Medium
C000901,Customer 0901,1995-10-11,customer901@example.co.uk,Wales,33015,Medium
C000902,Customer 0902,1987-01-22,customer902@example.co.uk,South East,31828,Low
C000903,Customer 0903,1988-04-16,customer903@example.co.uk,Wales,80121,Medium
C000904,Customer 0904,2004-11-04,customer904@example.co.uk,London,65456,Low
C000905,Customer 0905,2003-08-06,customer905@example.co.uk,Wales,44018,High
C000906,Customer 0906,2001-05-02,customer906@example.co.uk,Scotland,73773,Low
C000907,Customer 0907,1993-10-18,customer907@example.co.uk,South East,77923,Low
C000908,Customer 0908,1990-11-01,customer908@example.co.uk,London,58042,Low
C000909,Customer 0909,2006-07-18,customer909@example.co.uk,Midlands,54215,Medium
C000910,Customer 0910,1988-02-07,customer910@example.co.uk,South West,94179,Low
C000911,Customer 0911,1993-02-10,customer911@example.co.uk,Scotland,72202,Low
C000912,Customer 0912,2008-07-21,customer912@example.co.uk,Wales,90919,Low
C000913,Customer 0913,2016-03-01,customer913@example.co.uk,South West,24559,High
C000914,Customer 0914,2005-11-27,customer914@example.co.uk,South West,84873,Low
C000915,Customer 0915,1996-04-18,customer915@example.co.uk,South East,87849,Low
C000916,Customer 0916,1993-12-28,customer916@example.co.uk,London,25416,Low
C000917,Customer 0917,2005-04-29,customer917@example.co.uk,North West,58822,Low
C000918,Customer 0918,1994-08-10,customer918@example.co.uk,South East,68849,Medium
C000919,Customer 0919,1994-12-26,customer919@example.co.uk,South West,35124,Low
C000920,Customer 0920,1986-09-04,customer920@example.co.uk,Wales,91951,Medium
C000921,Customer 0921,2001-08-03,customer921@example.co.uk,South West,50758,Medium
C000922,Customer 0922,2010-09-29,customer922@example.co.uk,South West,44768,Low
C000923,Customer 0923,1985-06-07,customer923@example.co.uk,Scotland,69026,High
C000924,Customer 0924,2009-06-13,customer924@example.co.uk,South East,68095,High
C000925,Customer 0925,2006-03-31,customer925@example.co.uk,North West,46672,Medium
C000926,Customer 0926,1985-11-13,customer926@example.co.uk,London,62508,Low
C000927,Customer 0927,1993-12-24,customer927@example.co.uk,London,29362,Low
C000928,Customer 0928,1999-01-18,customer928@example.co.uk,North West,91002,Low
C000929,Customer 0929,1999-06-14,customer929@example.co.uk,Scotland,48406,Medium
C000930,Customer 0930,1998-09-06,customer930@example.co.uk,London,45260,High
C000931,Customer 0931,2015-10-11,customer931@example.co.uk,South East,24872,Low
C000932,Customer 0932,2000-07-14,customer932@example.co.uk,London,36538,Medium
C000933,Customer 0933,2013-11-13,customer933@example.co.uk,Midlands,70967,Medium
C000934,Customer 0934,1998-08-21,customer934@example.co.uk,South East,35242,Low
C000935,Customer 0935,2003-10-06,customer935@example.co.uk,Wales,42644,Medium
C000936,Customer 0936,1991-12-25,customer936@example.co.uk,Scotland,85858,Medium
C000937,Customer 0937,2010-08-02,customer937@example.co.uk,Wales,68769,Low
C000938,Customer 0938,2015-01-19,customer938@example.co.uk,South West,44983,Low
C000939,Customer 0939,1984-03-31,customer939@example.co.uk,Scotland,38691,Low
C000940,Customer 0940,2009-08-15,customer940@example.co.uk,London,73327,Medium
C000941,Customer 0941,2011-08-04,customer941@example.co.uk,South East,45865,Medium
C000942,Customer 0942,1990-06-23,customer942@example.co.uk,South West,35645,High
C000943,Customer 0943,1998-07-01,customer943@example.co.uk,South East,32198,Low
C000944,Customer 0944,2014-03-22,customer944@example.co.uk,Scotland,33629,Medium
C000945,Customer 0945,1996-01-24,customer945@example.co.uk,South East,66007,Low
C000946,Customer 0946,1999-11-21,customer946@example.co.uk,South West,54707,Medium
C000947,Customer 0947,1986-04-29,customer947@example.co.uk,Midlands,36160,Medium
C000948,Customer 0948,1991-08-18,customer948@example.co.uk,Midlands,79438,Medium
C000949,Customer 0949,1999-12-03,customer949@example.co.uk,North West,86629,High
C000950,Customer 0950,2005-09-03,customer950@example.co.uk,Wales,71197,Low
C000951,Customer 0951,1987-06-22,customer951@example.co.uk,Wales,51567,Low
C000952,Customer 0952,1998-06-18,customer952@example.co.uk,South West,26379,Low
C000953,Customer 0953,1991-10-19,customer953@example.co.uk,Midlands,35726,Low
C000954,Customer 0954,2008-09-14,customer954@example.co.uk,London,43090,Medium
C000955,Customer 0955,2011-09-10,customer955@example.co.uk,Midlands,66295,Medium
C000956,Customer 0956,2013-06-27,customer956@example.co.uk,South East,26062,Low
C000957,Customer 0957,1988-09-16,customer957@example.co.uk,South West,78911,Low
C000958,Customer 0958,2002-07-11,customer958@example.co.uk,Scotland,48941,High
C000959,Customer 0959,2016-11-28,customer959@example.co.uk,North West,94628,Medium
C000960,Customer 0960,1997-07-04,customer960@example.co.uk,South East,56768,Medium
C000961,Customer 0961,2009-10-24,customer961@example.co.uk,North West,34571,Low
C000962,Customer 0962,2000-05-08,customer962@example.co.uk,London,86349,Low
C000963,Customer 0963,2013-11-11,customer963@example.co.uk,Scotland,78047,Low
C000964,Customer 0964,1985-04-27,customer964@example.co.uk,South East,84957,Low
C000965,Customer 0965,1987-11-04,customer965@example.co.uk,Midlands,44391,Medium
C000966,Customer 0966,2001-12-30,customer966@example.co.uk,Midlands,37139,Low
C000967,Customer 0967,1996-01-20,customer967@example.co.uk,London,86106,High
C000968,Customer 0968,2000-10-22,customer968@example.co.uk,Midlands,93319,Low
C000969,Customer 0969,1986-03-03,customer969@example.co.uk,South West,70418,Low
C000970,Customer 0970,1994-04-25,customer970@example.co.uk,Wales,79637,Low
C000971,Customer 0971,1990-12-12,customer971@example.co.uk,Wales,57200,Medium
C000972,Customer 0972,1999-08-03,customer972@example.co.uk,Wales,34675,Low
C000973,Customer 0973,2010-08-15,customer973@example.co.uk,South East,92968,Low
C000974,Customer 0974,2001-07-13,customer974@example.co.uk,Wales,94561,Low
C000975,Customer 0975,2008-03-09,customer975@example.co.uk,Scotland,90495,Low
C000976,Customer 0976,1994-09-26,customer976@example.co.uk,Midlands,84236,Medium
C000977,Customer 0977,2016-03-17,customer977@example.co.uk,London,61171,Low
C000978,Customer 0978,2007-05-08,customer978@example.co.uk,Wales,87811,Medium
C000979,Customer 0979,2004-04-23,customer979@example.co.uk,South East,41326,Low
C000980,Customer 0980,1992-10-23,customer980@example.co.uk,South East,43910,High
C000981,Customer 0981,2014-10-23,customer981@example.co.uk,Midlands,27593,Low
C000982,Customer 0982,2012-04-20,customer982@example.co.uk,South East,48465,High
C000983,Customer 0983,2016-10-12,customer983@example.co.uk,Wales,55801,Low
C000984,Customer 0984,2009-02-14,customer984@example.co.uk,Midlands,30783,Low
C000985,Customer 0985,1996-07-22,customer985@example.co.uk,North West,94358,Low
C000986,Customer 0986,1984-09-20,customer986@example.co.uk,Wales,82051,High
C000987,Customer 0987,1989-03-19,customer987@example.co.uk,Midlands,90493,Medium
C000988,Customer 0988,2010-07-16,customer988@example.co.uk,North West,41613,Low
C000989,Customer 0989,2009-05-29,customer989@example.co.uk,Wales,35133,High
C000990,Customer 0990,2008-03-11,customer990@example.co.uk,South West,35237,Medium
C000991,Customer 0991,2013-07-16,customer991@example.co.uk,Midlands,75856,Low
C000992,Customer 0992,1996-07-09,customer992@example.co.uk,Midlands,84003,Low
C000993,Customer 0993,2014-09-15,customer993@example.co.uk,Scotland,40855,Medium
C000994,Customer 0994,1999-01-14,customer994@example.co.uk,Scotland,74654,Low
C000995,Customer 0995,2005-06-25,customer995@example.co.uk,South West,53139,Low
C000996,Customer 0996,1997-10-05,customer996@example.co.uk,South West,70816,Low
C000997,Customer 0997,2015-05-25,customer997@example.co.uk,Scotland,58745,Medium
C000998,Customer 0998,1994-05-23,customer998@example.co.uk,South East,34873,High
C000999,Customer 0999,2004-01-16,customer999@example.co.uk,Wales,61384,High
C001000,Customer 1000,2002-11-11,customer1000@example.co.uk,North West,64056,Low
C001001,Customer 1001,1993-08-25,customer1001@example.co.uk,Wales,33703,Low
C001002,Customer 1002,2007-05-03,customer1002@example.co.uk,Wales,75368,Medium
C001003,Customer 1003,2007-04-13,customer1003@example.co.uk,Wales,71009,Medium
C001004,Customer 1004,2015-12-30,customer1004@example.co.uk,North West,42836,Low
C001005,Customer 1005,2007-09-07,customer1005@example.co.uk,North West,74872,Low
C001006,Customer 1006,1993-03-03,customer1006@example.co.uk,Wales,25794,Low
C001007,Customer 1007,2004-08-22,customer1007@example.co.uk,London,29553,Low
C001008,Customer 1008,1996-06-15,customer1008@example.co.uk,South West,69235,Medium
C001009,Customer 1009,2012-09-01,customer1009@example.co.uk,London,82846,Low
C001010,Customer 1010,2006-02-03,customer1010@example.co.uk,North West,26005,Low
C001011,Customer 1011,2005-06-15,customer1011@example.co.uk,North West,80471,Low
C001012,Customer 1012,1991-07-03,customer1012@example.co.uk,Wales,94264,Low
C001013,Customer 1013,2015-01-25,customer1013@example.co.uk,London,55903,Medium
C001014,Customer 1014,1986-05-24,customer1014@example.co.uk,South East,59364,Low
C001015,Customer 1015,2013-03-16,customer1015@example.co.uk,South East,50091,Medium
C001016,Customer 1016,2002-07-15,customer1016@example.co.uk,North West,49096,Low
C001017,Customer 1017,2014-10-08,customer1017@example.co.uk,London,24628,Medium
C001018,Customer 1018,2013-03-16,customer1018@example.co.uk,South East,84140,High
C001019,Customer 1019,2011-06-16,customer1019@example.co.uk,Wales,23109,Low
C001020,Customer 1020,2015-12-27,customer1020@example.co.uk,Scotland,62037,Medium
C001021,Customer 1021,2001-01-20,customer1021@example.co.uk,Wales,58094,Low
C001022,Customer 1022,1993-12-15,customer1022@example.co.uk,Midlands,67706,Low
C001023,Customer 1023,2012-02-21,customer1023@example.co.uk,Midlands,61602,Medium
C001024,Customer 1024,2013-11-17,customer1024@example.co.uk,Wales,35410,Low
C001025,Customer 1025,2010-10-20,customer1025@example.co.uk,North West,71051,Medium
C001026,Customer 1026,1989-01-06,customer1026@example.co.uk,Midlands,59051,Low
C001027,Customer 1027,1996-07-26,customer1027@example.co.uk,Scotland,30367,Low
C001028,Customer 1028,1995-11-18,customer1028@example.co.uk,Scotland,64616,Medium
C001029,Customer 1029,2007-05-16,customer1029@example.co.uk,Wales,61163,Low
C001030,Customer 1030,2011-01-30,customer1030@example.co.uk,Midlands,53496,High
C001031,Customer 1031,2016-07-09,customer1031@example.co.uk,London,63888,Medium
C001032,Customer 1032,1995-10-21,customer1032@example.co.uk,Midlands,87191,High
C001033,Customer 1033,1985-10-01,customer1033@example.co.uk,North West,75031,Low
C001034,Customer 1034,2016-03-01,customer1034@example.co.uk,South East,46892,Low
C001035,Customer 1035,2005-07-04,customer1035@example.co.uk,Scotland,92075,Medium
C001036,Customer 1036,1991-10-17,customer1036@example.co.uk,Wales,68988,Low
C001037,Customer 1037,2005-04-14,customer1037@example.co.uk,South East,45741,Low
C001038,Customer 1038,2009-03-30,customer1038@example.co.uk,Wales,55902,Medium
C001039,Customer 1039,1999-03-23,customer1039@example.co.uk,Scotland,45995,High
C001040,Customer 1040,1994-03-09,customer1040@example.co.uk,Scotland,33704,Low
C001041,Customer 1041,1999-01-11,customer1041@example.co.uk,South West,62250,Low
C001042,Customer 1042,2004-12-20,customer1042@example.co.uk,Wales,56152,Medium
C001043,Customer 1043,2012-08-15,customer1043@example.co.uk,North West,37437,Low
C001044,Customer 1044,1992-11-22,customer1044@example.co.uk,North West,31334,Low
C001045,Customer 1045,2001-04-15,customer1045@example.co.uk,North West,37704,Medium
C001046,Customer 1046,1990-12-06,customer1046@example.co.uk,South East,61106,Low
C001047,Customer 1047,2009-09-16,customer1047@example.co.uk,Midlands,48253,Low
C001048,Customer 1048,2016-04-08,customer1048@example.co.uk,South East,40772,Low
C001049,Customer 1049,2012-06-21,customer1049@example.co.uk,South East,32592,Low
C001050,Customer 1050,1984-05-18,customer1050@example.co.uk,Midlands,63079,Medium
C001051,Customer 1051,1991-09-24,customer1051@example.co.uk,North West,57851,Low
C001052,Customer 1052,1988-02-12,customer1052@example.co.uk,South East,42766,Low
C001053,Customer 1053,2002-04-06,customer1053@example.co.uk,Midlands,78847,Medium
C001054,Customer 1054,1985-11-10,customer1054@example.co.uk,North West,84573,Low
C001055,Customer 1055,1984-10-18,customer1055@example.co.uk,South West,48137,Medium
C001056,Customer 1056,2014-07-10,customer1056@example.co.uk,London,91603,Low
C001057,Customer 1057,1999-08-12,customer1057@example.co.uk,South West,54613,Low
C001058,Customer 1058,2006-09-29,customer1058@example.co.uk,North West,38899,Low
C001059,Customer 1059,1986-03-21,customer1059@example.co.uk,South West,62123,Low
C001060,Customer 1060,2007-07-04,customer1060@example.co.uk,North West,60119,Low
C001061,Customer 1061,2014-12-22,customer1061@example.co.uk,South East,90697,Low
C001062,Customer 1062,2006-02-26,customer1062@example.co.uk,South West,66922,High
C001063,Customer 1063,2002-04-06,customer1063@example.co.uk,London,46697,Low
C001064,Customer 1064,1990-01-19,customer1064@example.co.uk,South East,51939,Low
C001065,Customer 1065,1991-09-30,customer1065@example.co.uk,London,24872,Medium
C001066,Customer 1066,1985-11-04,customer1066@example.co.uk,Midlands,70049,Medium
C001067,Customer 1067,2012-02-13,customer1067@example.co.uk,London,55526,Medium
C001068,Customer 1068,2013-06-26,customer1068@example.co.uk,Wales,28286,Medium
C001069,Customer 1069,1989-05-12,customer1069@example.co.uk,Midlands,24587,Low
C001070,Customer 1070,2008-09-18,customer1070@example.co.uk,South West,80237,Low
C001071,Customer 1071,1993-05-20,customer1071@example.co.uk,Scotland,84180,Medium
C001072,Customer 1072,2013-11-05,customer1072@example.co.uk,London,23219,Low
C001073,Customer 1073,2011-05-02,customer1073@example.co.uk,Scotland,90197,Low
C001074,Customer 1074,1988-11-14,customer1074@example.co.uk,North West,39978,Low
C001075,Customer 1075,1988-12-07,customer1075@example.co.uk,Midlands,37431,Low
C001076,Customer 1076,1995-12-18,customer1076@example.co.uk,Wales,48037,Medium
C001077,Customer 1077,2000-03-22,customer1077@example.co.uk,Scotland,90569,High
C001078,Customer 1078,1985-12-07,customer1078@example.co.uk,North West,75707,Low
C001079,Customer 1079,2015-01-14,customer1079@example.co.uk,Midlands,87058,High
C001080,Customer 1080,1984-09-26,customer1080@example.co.uk,Scotland,65332,Low
C001081,Customer 1081,2009-12-02,customer1081@example.co.uk,Scotland,33665,High
C001082,Customer 1082,1988-03-16,customer1082@example.co.uk,Wales,86763,Low
C001083,Customer 1083,2016-08-16,customer1083@example.co.uk,London,89070,Low
C001084,Customer 1084,2004-08-27,customer1084@example.co.uk,South West,55540,Medium
C001085,Customer 1085,1988-08-23,customer1085@example.co.uk,Wales,56619,Low
C001086,Customer 1086,1997-03-14,customer1086@example.co.uk,South West,44898,High
C001087,Customer 1087,1989-05-13,customer1087@example.co.uk,London,62987,Low
C001088,Customer 1088,1990-05-17,customer1088@example.co.uk,Scotland,28014,Low
C001089,Customer 1089,2003-10-20,customer1089@example.co.uk,North West,44349,Low
C001090,Customer 1090,1988-05-02,customer1090@example.co.uk,South West,57167,High
C001091,Customer 1091,2002-02-22,customer1091@example.co.uk,Midlands,66921,Low
C001092,Customer 1092,2001-06-20,customer1092@example.co.uk,Scotland,81839,Low
C001093,Customer 1093,2013-04-09,customer1093@example.co.uk,Wales,84684,Medium
C001094,Customer 1094,2015-05-25,customer1094@example.co.uk,Scotland,43860,Low
C001095,Customer 1095,1991-04-26,customer1095@example.co.uk,London,29686,High
C001096,Customer 1096,2005-10-26,customer1096@example.co.uk,Wales,76529,High
C001097,Customer 1097,2001-03-14,customer1097@example.co.uk,Wales,79430,Low
C001098,Customer 1098,2014-11-14,customer1098@example.co.uk,Wales,69002,Medium
C001099,Customer 1099,2006-01-23,customer1099@example.co.uk,London,39125,Low
C001100,Customer 1100,1987-01-03,customer1100@example.co.uk,South West,75907,Low
C001101,Customer 1101,2014-07-30,customer1101@example.co.uk,North West,63187,Low
C001102,Customer 1102,2014-03-19,customer1102@example.co.uk,Wales,51358,High
C001103,Customer 1103,2015-01-15,customer1103@example.co.uk,Scotland,66341,Low
C001104,Customer 1104,2016-10-05,customer1104@example.co.uk,South East,34483,Low
C001105,Customer 1105,2014-07-03,customer1105@example.co.uk,Scotland,85167,Low
C001106,Customer 1106,2009-03-18,customer1106@example.co.uk,North West,72446,Low
C001107,Customer 1107,1991-03-17,customer1107@example.co.uk,North West,29152,Low
C001108,Customer 1108,1991-08-02,customer1108@example.co.uk,London,83510,Medium
C001109,Customer 1109,1999-01-04,customer1109@example.co.uk,South West,86441,Low
C001110,Customer 1110,2008-11-10,customer1110@example.co.uk,Scotland,28599,Low
C001111,Customer 1111,1994-09-16,customer1111@example.co.uk,London,71628,Low
C001112,Customer 1112,2009-11-14,customer1112@example.co.uk,Midlands,82174,Low
C001113,Customer 1113,2004-03-21,customer1113@example.co.uk,South West,33536,Medium
C001114,Customer 1114,2013-06-22,customer1114@example.co.uk,London,37559,High
C001115,Customer 1115,1985-10-10,customer1115@example.co.uk,North West,35453,Low
C001116,Customer 1116,1988-03-30,customer1116@example.co.uk,Wales,93971,Low
C001117,Customer 1117,2009-05-23,customer1117@example.co.uk,South East,61924,High
C001118,Customer 1118,2000-06-19,customer1118@example.co.uk,Wales,81796,High
C001119,Customer 1119,2004-07-20,customer1119@example.co.uk,South West,29113,Medium
C001120,Customer 1120,2000-06-18,customer1120@example.co.uk,Scotland,84014,Medium
C001121,Customer 1121,2013-09-21,customer1121@example.co.uk,South East,81314,Low
C001122,Customer 1122,2012-08-03,customer1122@example.co.uk,Wales,22287,Low
C001123,Customer 1123,2000-12-08,customer1123@example.co.uk,Scotland,60270,Low
C001124,Customer 1124,1991-07-13,customer1124@example.co.uk,Midlands,35935,Low
C001125,Customer 1125,2016-07-14,customer1125@example.co.uk,Midlands,40408,Medium
C001126,Customer 1126,1992-12-14,customer1126@example.co.uk,South East,36019,Low
C001127,Customer 1127,2001-10-16,customer1127@example.co.uk,South East,37826,High
C001128,Customer 1128,1992-09-18,customer1128@example.co.uk,Scotland,81905,Medium
C001129,Customer 1129,2002-10-04,customer1129@example.co.uk,London,66293,Low
C001130,Customer 1130,2004-05-17,customer1130@example.co.uk,Midlands,38150,Medium
C001131,Customer 1131,2006-07-17,customer1131@example.co.uk,London,88086,Low
C001132,Customer 1132,2008-12-25,customer1132@example.co.uk,Midlands,91515,Medium
C001133,Customer 1133,1992-02-12,customer1133@example.co.uk,Scotland,85298,High
C001134,Customer 1134,1989-12-04,customer1134@example.co.uk,London,44760,Medium
C001135,Customer 1135,2011-05-11,customer1135@example.co.uk,South West,72778,Medium
C001136,Customer 1136,2002-12-12,customer1136@example.co.uk,North West,88074,High
C001137,Customer 1137,1999-07-19,customer1137@example.co.uk,South West,54537,Low
C001138,Customer 1138,1990-05-13,customer1138@example.co.uk,Midlands,81355,Medium
C001139,Customer 1139,2015-08-20,customer1139@example.co.uk,North West,89147,Low
C001140,Customer 1140,2008-12-30,customer1140@example.co.uk,Scotland,63144,Medium
C001141,Customer 1141,2012-03-01,customer1141@example.co.uk,Scotland,50487,Low
C001142,Customer 1142,2014-04-30,customer1142@example.co.uk,South East,60086,Medium
C001143,Customer 1143,2015-04-24,customer1143@example.co.uk,Scotland,45306,Low
C001144,Customer 1144,1999-12-20,customer1144@example.co.uk,North West,64255,Medium
C001145,Customer 1145,2014-02-03,customer1145@example.co.uk,Scotland,84963,Medium
C001146,Customer 1146,2008-02-12,customer1146@example.co.uk,South West,76719,Medium
C001147,Customer 1147,2007-08-13,customer1147@example.co.uk,London,77363,Medium
C001148,Customer 1148,1986-07-19,customer1148@example.co.uk,Scotland,25312,Low
C001149,Customer 1149,1991-05-21,customer1149@example.co.uk,South West,29419,Low
C001150,Customer 1150,1986-12-13,customer1150@example.co.uk,Scotland,54841,Low
C001151,Customer 1151,2008-06-10,customer1151@example.co.uk,London,60684,Low
C001152,Customer 1152,1988-10-06,customer1152@example.co.uk,North West,69013,Medium
C001153,Customer 1153,2009-05-05,customer1153@example.co.uk,Midlands,51400,Medium
C001154,Customer 1154,2015-05-24,customer1154@example.co.uk,South West,53142,Low
C001155,Customer 1155,2001-07-20,customer1155@example.co.uk,Midlands,28157,High
C001156,Customer 1156,1986-07-31,customer1156@example.co.uk,London,62980,High
C001157,Customer 1157,2004-01-16,customer1157@example.co.uk,Wales,54943,Low
C001158,Customer 1158,2015-10-10,customer1158@example.co.uk,Scotland,51563,High
C001159,Customer 1159,2008-09-07,customer1159@example.co.uk,Scotland,70200,Medium
C001160,Customer 1160,1992-11-05,customer1160@example.co.uk,South West,47751,Medium
C001161,Customer 1161,2014-10-15,customer1161@example.co.uk,London,80827,Low
C001162,Customer 1162,2007-03-20,customer1162@example.co.uk,London,46507,High
C001163,Customer 1163,1996-09-07,customer1163@example.co.uk,North West,71440,Low
C001164,Customer 1164,2010-05-13,customer1164@example.co.uk,Wales,56634,Low
C001165,Customer 1165,2005-01-31,customer1165@example.co.uk,Scotland,55425,Low
C001166,Customer 1166,1998-08-21,customer1166@example.co.uk,North West,42290,Low
C001167,Customer 1167,2012-03-21,customer1167@example.co.uk,North West,28665,Medium
C001168,Customer 1168,2009-11-08,customer1168@example.co.uk,North West,61472,Low
C001169,Customer 1169,2015-11-29,customer1169@example.co.uk,South West,68934,Low
C001170,Customer 1170,1992-05-31,customer1170@example.co.uk,North West,90864,Low
C001171,Customer 1171,1991-04-26,customer1171@example.co.uk,Midlands,30936,Medium
C001172,Customer 1172,1988-04-16,customer1172@example.co.uk,South West,93182,Low
C001173,Customer 1173,2013-12-03,customer1173@example.co.uk,South West,50992,High
C001174,Customer 1174,1993-12-19,customer1174@example.co.uk,Wales,65393,Low
C001175,Customer 1175,2009-05-06,customer1175@example.co.uk,Wales,91533,Low
C001176,Customer 1176,1999-09-08,customer1176@example.co.uk,Midlands,23153,Low
C001177,Customer 1177,2011-09-11,customer1177@example.co.uk,North West,53502,High
C001178,Customer 1178,2014-10-13,customer1178@example.co.uk,South West,53958,High
C001179,Customer 1179,1989-04-02,customer1179@example.co.uk,Midlands,71987,High
C001180,Customer 1180,1996-11-07,customer1180@example.co.uk,London,55631,Low
C001181,Customer 1181,2000-12-26,customer1181@example.co.uk,North West,89746,Medium
C001182,Customer 1182,1986-02-18,customer1182@example.co.uk,South West,88680,Low
C001183,Customer 1183,1987-11-11,customer1183@example.co.uk,London,47232,Low
C001184,Customer 1184,2008-04-19,customer1184@example.co.uk,North West,43940,High
C001185,Customer 1185,1993-08-15,customer1185@example.co.uk,Scotland,22960,Medium
C001186,Customer 1186,2003-03-13,customer1186@example.co.uk,Wales,49941,Medium
C001187,Customer 1187,2015-09-09,customer1187@example.co.uk,Scotland,35621,Low
C001188,Customer 1188,1987-05-27,customer1188@example.co.uk,Scotland,79047,Medium
C001189,Customer 1189,2016-04-28,customer1189@example.co.uk,South West,42152,Low
C001190,Customer 1190,1986-08-08,customer1190@example.co.uk,South East,26965,Low
C001191,Customer 1191,2009-12-16,customer1191@example.co.uk,Wales,55018,Medium
C001192,Customer 1192,2002-06-14,customer1192@example.co.uk,Midlands,51837,High
C001193,Customer 1193,2003-08-04,customer1193@example.co.uk,South West,81129,Medium
C001194,Customer 1194,1989-06-22,customer1194@example.co.uk,North West,24213,Low
C001195,Customer 1195,2011-11-27,customer1195@example.co.uk,London,22773,Medium
C001196,Customer 1196,1987-06-04,customer1196@example.co.uk,South West,27965,Medium
C001197,Customer 1197,2014-12-07,customer1197@example.co.uk,South West,87907,Low
C001198,Customer 1198,2003-10-19,customer1198@example.co.uk,Midlands,33338,Low
C001199,Customer 1199,1985-07-19,customer1199@example.co.uk,Midlands,73788,Medium
C001200,Customer 1200,1990-04-14,customer1200@example.co.uk,Scotland,42489,Low
C001201,Customer 1201,2008-08-24,customer1201@example.co.uk,South West,73248,Medium
C001202,Customer 1202,2016-11-18,customer1202@example.co.uk,Scotland,40884,Low
C001203,Customer 1203,1984-08-31,customer1203@example.co.uk,North West,70906,High
C001204,Customer 1204,1986-01-15,customer1204@example.co.uk,London,94754,Low
C001205,Customer 1205,1987-12-26,customer1205@example.co.uk,South West,73653,Low
C001206,Customer 1206,2016-09-23,customer1206@example.co.uk,South West,49532,Medium
C001207,Customer 1207,2013-02-20,customer1207@example.co.uk,Wales,49752,Low
C001208,Customer 1208,1992-06-02,customer1208@example.co.uk,South East,89181,Low
C001209,Customer 1209,1992-04-20,customer1209@example.co.uk,Scotland,55127,Low
C001210,Customer 1210,2008-10-14,customer1210@example.co.uk,Midlands,29128,Medium
C001211,Customer 1211,2014-04-18,customer1211@example.co.uk,London,94045,Low
C001212,Customer 1212,2016-09-18,customer1212@example.co.uk,North West,54858,Low
C001213,Customer 1213,2000-03-09,customer1213@example.co.uk,South East,85857,High
C001214,Customer 1214,2011-12-16,customer1214@example.co.uk,London,52740,Low
C001215,Customer 1215,2004-05-19,customer1215@example.co.uk,South West,47362,Low
C001216,Customer 1216,1991-01-01,customer1216@example.co.uk,North West,62065,Medium
C001217,Customer 1217,2003-05-19,customer1217@example.co.uk,South East,69774,Medium
C001218,Customer 1218,1994-02-07,customer1218@example.co.uk,Scotland,22633,Low
C001219,Customer 1219,2000-04-16,customer1219@example.co.uk,South East,79163,Low
C001220,Customer 1220,2004-12-05,customer1220@example.co.uk,Midlands,65458,High
C001221,Customer 1221,2006-01-04,customer1221@example.co.uk,North West,69020,Medium
C001222,Customer 1222,2011-05-18,customer1222@example.co.uk,London,36264,Low
C001223,Customer 1223,1990-06-12,customer1223@example.co.uk,North West,58780,Medium
C001224,Customer 1224,2012-04-10,customer1224@example.co.uk,London,47746,Low
C001225,Customer 1225,2006-12-01,customer1225@example.co.uk,Scotland,31882,High
C001226,Customer 1226,2010-02-18,customer1226@example.co.uk,Midlands,26088,Medium
C001227,Customer 1227,2008-11-28,customer1227@example.co.uk,South West,49886,High
C001228,Customer 1228,2008-05-17,customer1228@example.co.uk,Midlands,93233,High
C001229,Customer 1229,1994-03-08,customer1229@example.co.uk,Wales,41481,Low
C001230,Customer 1230,2006-08-24,customer1230@example.co.uk,North West,60141,Low
C001231,Customer 1231,2006-09-10,customer1231@example.co.uk,London,33869,Low
C001232,Customer 1232,2011-09-17,customer1232@example.co.uk,Scotland,53310,Medium
C001233,Customer 1233,1990-06-18,customer1233@example.co.uk,Midlands,43737,Medium
C001234,Customer 1234,2009-07-19,customer1234@example.co.uk,Scotland,42869,Low
C001235,Customer 1235,2005-11-08,customer1235@example.co.uk,South West,41162,Medium
C001236,Customer 1236,2006-01-15,customer1236@example.co.uk,South East,27297,Low
C001237,Customer 1237,1994-08-31,customer1237@example.co.uk,London,30239,Low
C001238,Customer 1238,2000-05-15,customer1238@example.co.uk,Midlands,49102,Low
C001239,Customer 1239,1986-04-01,customer1239@example.co.uk,London,83561,High
C001240,Customer 1240,2007-07-22,customer1240@example.co.uk,Scotland,64476,Low
C001241,Customer 1241,1995-12-24,customer1241@example.co.uk,North West,57847,Medium
C001242,Customer 1242,2001-01-23,customer1242@example.co.uk,Scotland,93349,Medium
C001243,Customer 1243,2013-06-22,customer1243@example.co.uk,Wales,71613,Low
C001244,Customer 1244,2001-01-17,customer1244@example.co.uk,South East,32202,Low
C001245,Customer 1245,1999-08-24,customer1245@example.co.uk,Midlands,89681,Low
C001246,Customer 1246,1984-06-18,customer1246@example.co.uk,North West,85191,High
C001247,Customer 1247,1994-06-26,customer1247@example.co.uk,London,40214,Low
C001248,Customer 1248,1993-08-27,customer1248@example.co.uk,South East,89441,Medium
C001249,Customer 1249,2011-03-04,customer1249@example.co.uk,Scotland,46498,Low
C001250,Customer 1250,2002-10-07,customer1250@example.co.uk,Wales,37509,Medium
C001251,Customer 1251,2005-10-07,customer1251@example.co.uk,Scotland,65283,Medium
C001252,Customer 1252,2010-09-01,customer1252@example.co.uk,South East,84759,Low
C001253,Customer 1253,1986-02-06,customer1253@example.co.uk,South East,75857,Low
C001254,Customer 1254,2007-03-01,customer1254@example.co.uk,London,43119,Low
C001255,Customer 1255,1995-10-02,customer1255@example.co.uk,South East,41249,Low
C001256,Customer 1256,2011-01-19,customer1256@example.co.uk,North West,89717,High
C001257,Customer 1257,2016-10-27,customer1257@example.co.uk,Scotland,24440,High
C001258,Customer 1258,1993-11-18,customer1258@example.co.uk,Midlands,59152,High
C001259,Customer 1259,1991-10-26,customer1259@example.co.uk,South East,83789,Medium
C001260,Customer 1260,2010-04-21,customer1260@example.co.uk,Wales,75840,Medium
C001261,Customer 1261,2007-01-30,customer1261@example.co.uk,South West,45839,Medium
C001262,Customer 1262,1999-07-16,customer1262@example.co.uk,Midlands,43983,Medium
C001263,Customer 1263,2001-06-16,customer1263@example.co.uk,South East,31023,Low
C001264,Customer 1264,2007-08-13,customer1264@example.co.uk,Wales,36230,Low
C001265,Customer 1265,1990-11-16,customer1265@example.co.uk,North West,88107,Medium
C001266,Customer 1266,2011-09-29,customer1266@example.co.uk,North West,34622,Low
C001267,Customer 1267,2008-01-02,customer1267@example.co.uk,North West,27116,High
C001268,Customer 1268,2013-09-29,customer1268@example.co.uk,South East,37403,Low
C001269,Customer 1269,2014-08-09,customer1269@example.co.uk,Scotland,92685,Medium
C001270,Customer 1270,2000-10-12,customer1270@example.co.uk,Wales,78557,Low
C001271,Customer 1271,2003-05-30,customer1271@example.co.uk,South East,27693,Medium
C001272,Customer 1272,2001-04-08,customer1272@example.co.uk,South West,85192,Medium
C001273,Customer 1273,1995-08-02,customer1273@example.co.uk,Midlands,34807,Low
C001274,Customer 1274,1987-12-05,customer1274@example.co.uk,South West,52475,High
C001275,Customer 1275,1992-08-23,customer1275@example.co.uk,London,93267,Low
C001276,Customer 1276,1989-06-14,customer1276@example.co.uk,North West,22932,Medium
C001277,Customer 1277,1993-05-19,customer1277@example.co.uk,Scotland,22942,Low
C001278,Customer 1278,1988-12-12,customer1278@example.co.uk,South East,63405,Low
C001279,Customer 1279,1995-07-18,customer1279@example.co.uk,South West,77846,Medium
C001280,Customer 1280,2000-07-26,customer1280@example.co.uk,North West,92268,Low
C001281,Customer 1281,2001-12-29,customer1281@example.co.uk,Wales,58118,High
C001282,Customer 1282,2009-03-06,customer1282@example.co.uk,Midlands,48698,Low
C001283,Customer 1283,2009-01-21,customer1283@example.co.uk,Midlands,45425,Low
C001284,Customer 1284,2010-01-29,customer1284@example.co.uk,South West,55263,High
C001285,Customer 1285,2013-09-27,customer1285@example.co.uk,London,74183,Medium
C001286,Customer 1286,2015-07-15,customer1286@example.co.uk,South East,52116,Low
C001287,Customer 1287,2002-02-18,customer1287@example.co.uk,Wales,35143,Low
C001288,Customer 1288,2011-09-17,customer1288@example.co.uk,Scotland,66359,Medium
C001289,Customer 1289,2012-09-09,customer1289@example.co.uk,London,28822,Low
C001290,Customer 1290,2005-04-28,customer1290@example.co.uk,North West,33939,Medium
C001291,Customer 1291,1995-12-20,customer1291@example.co.uk,South East,79065,Low
C001292,Customer 1292,1985-11-10,customer1292@example.co.uk,Scotland,70606,Low
C001293,Customer 1293,2002-02-20,customer1293@example.co.uk,North West,72374,High
C001294,Customer 1294,2010-12-19,customer1294@example.co.uk,London,90289,Low
C001295,Customer 1295,2003-11-10,customer1295@example.co.uk,London,44973,Medium
C001296,Customer 1296,2007-05-30,customer1296@example.co.uk,South West,48438,Medium
C001297,Customer 1297,2011-01-22,customer1297@example.co.uk,North West,47525,Low
C001298,Customer 1298,2011-10-06,customer1298@example.co.uk,South East,89608,Medium
C001299,Customer 1299,2013-07-19,customer1299@example.co.uk,London,26726,Low
C001300,Customer 1300,1996-07-17,customer1300@example.co.uk,Wales,42636,Low
C001301,Customer 1301,2001-11-22,customer1301@example.co.uk,Midlands,74354,Low
C001302,Customer 1302,2015-09-24,customer1302@example.co.uk,London,48255,Low
C001303,Customer 1303,2016-09-27,customer1303@example.co.uk,Wales,33818,Low
C001304,Customer 1304,1996-07-27,customer1304@example.co.uk,South East,67625,Low
C001305,Customer 1305,2002-04-15,customer1305@example.co.uk,North West,47496,Low
C001306,Customer 1306,2002-06-06,customer1306@example.co.uk,North West,22609,Low
C001307,Customer 1307,2006-09-26,customer1307@example.co.uk,South West,35954,Medium
C001308,Customer 1308,2007-03-11,customer1308@example.co.uk,South West,66560,High
C001309,Customer 1309,2009-12-15,customer1309@example.co.uk,South West,92504,Medium
C001310,Customer 1310,2009-06-05,customer1310@example.co.uk,Midlands,80034,High
C001311,Customer 1311,2004-09-30,customer1311@example.co.uk,Scotland,53886,Medium
C001312,Customer 1312,1985-05-24,customer1312@example.co.uk,Midlands,82387,High
C001313,Customer 1313,2001-05-01,customer1313@example.co.uk,Scotland,37239,Low
C001314,Customer 1314,1994-06-25,customer1314@example.co.uk,Wales,50885,Medium
C001315,Customer 1315,2000-01-03,customer1315@example.co.uk,North West,63383,Low
C001316,Customer 1316,1995-12-24,customer1316@example.co.uk,South East,92208,Low
C001317,Customer 1317,2014-05-21,customer1317@example.co.uk,Scotland,59655,Low
C001318,Customer 1318,1992-03-04,customer1318@example.co.uk,Midlands,66825,Low
C001319,Customer 1319,2009-11-25,customer1319@example.co.uk,South West,63139,Low
C001320,Customer 1320,2014-10-23,customer1320@example.co.uk,South East,45957,High
C001321,Customer 1321,1994-09-13,customer1321@example.co.uk,Scotland,87404,Medium
C001322,Customer 1322,1993-06-10,customer1322@example.co.uk,South East,53726,High
C001323,Customer 1323,2011-12-01,customer1323@example.co.uk,South West,48577,Medium
C001324,Customer 1324,1989-07-18,customer1324@example.co.uk,London,42446,Medium
C001325,Customer 1325,2008-06-15,customer1325@example.co.uk,London,86574,Medium
C001326,Customer 1326,1998-04-25,customer1326@example.co.uk,Midlands,85214,Low
C001327,Customer 1327,2007-02-04,customer1327@example.co.uk,South West,58009,Low
C001328,Customer 1328,2010-01-13,customer1328@example.co.uk,South East,74150,Low
C001329,Customer 1329,2003-02-24,customer1329@example.co.uk,Midlands,29097,Low
C001330,Customer 1330,1999-09-29,customer1330@example.co.uk,Midlands,92879,Low
C001331,Customer 1331,1989-07-26,customer1331@example.co.uk,Scotland,44911,Low
C001332,Customer 1332,2015-01-31,customer1332@example.co.uk,London,89922,Low
C001333,Customer 1333,2001-03-09,customer1333@example.co.uk,North West,23549,Medium
C001334,Customer 1334,2011-08-27,customer1334@example.co.uk,Wales,35205,Low
C001335,Customer 1335,1995-12-16,customer1335@example.co.uk,South East,56039,Low
C001336,Customer 1336,2011-09-01,customer1336@example.co.uk,South West,57311,Low
C001337,Customer 1337,2003-03-08,customer1337@example.co.uk,South East,69962,Low
C001338,Customer 1338,2000-11-12,customer1338@example.co.uk,South West,76931,Medium
C001339,Customer 1339,1992-03-27,customer1339@example.co.uk,North West,74506,Low
C001340,Customer 1340,2014-12-09,customer1340@example.co.uk,South East,39188,High
C001341,Customer 1341,1994-09-29,customer1341@example.co.uk,North West,35090,Medium
C001342,Customer 1342,1992-12-17,customer1342@example.co.uk,South East,78651,Medium
C001343,Customer 1343,1984-08-08,customer1343@example.co.uk,South East,41601,Low
C001344,Customer 1344,2012-06-15,customer1344@example.co.uk,North West,77249,Low
C001345,Customer 1345,2005-12-29,customer1345@example.co.uk,South West,91990,Medium
C001346,Customer 1346,2009-08-21,customer1346@example.co.uk,London,54895,Medium
C001347,Customer 1347,1991-06-30,customer1347@example.co.uk,London,74219,Low
C001348,Customer 1348,2005-07-17,customer1348@example.co.uk,Wales,50241,Medium
C001349,Customer 1349,1999-03-07,customer1349@example.co.uk,South West,34622,Low
C001350,Customer 1350,2009-03-04,customer1350@example.co.uk,Wales,69312,Low
C001351,Customer 1351,2002-08-21,customer1351@example.co.uk,London,55779,Low
C001352,Customer 1352,2011-05-01,customer1352@example.co.uk,South East,68018,Medium
C001353,Customer 1353,1996-12-07,customer1353@example.co.uk,South West,92574,Low
C001354,Customer 1354,2006-01-13,customer1354@example.co.uk,Wales,64610,Medium
C001355,Customer 1355,2001-04-05,customer1355@example.co.uk,North West,80580,High
C001356,Customer 1356,1990-08-31,customer1356@example.co.uk,Wales,59555,Low
C001357,Customer 1357,1999-04-20,customer1357@example.co.uk,Midlands,43964,Medium
C001358,Customer 1358,1987-05-14,customer1358@example.co.uk,London,75054,Medium
C001359,Customer 1359,1998-03-25,customer1359@example.co.uk,South West,43233,Low
C001360,Customer 1360,2011-04-28,customer1360@example.co.uk,Scotland,60188,Medium
C001361,Customer 1361,2004-02-15,customer1361@example.co.uk,Wales,73833,Low
C001362,Customer 1362,2007-07-15,customer1362@example.co.uk,Midlands,69600,Medium
C001363,Customer 1363,1985-03-15,customer1363@example.co.uk,South East,76262,Low
C001364,Customer 1364,2015-08-07,customer1364@example.co.uk,Scotland,52753,Medium
C001365,Customer 1365,2001-12-23,customer1365@example.co.uk,London,32494,Low
C001366,Customer 1366,2005-05-23,customer1366@example.co.uk,North West,34524,Low
C001367,Customer 1367,2001-12-22,customer1367@example.co.uk,North West,29055,Low
C001368,Customer 1368,2011-11-22,customer1368@example.co.uk,South East,32911,Low
C001369,Customer 1369,2001-08-27,customer1369@example.co.uk,South West,33050,Medium
C001370,Customer 1370,1996-11-29,customer1370@example.co.uk,Midlands,52062,Low
C001371,Customer 1371,1991-10-27,customer1371@example.co.uk,London,38569,Low
C001372,Customer 1372,1998-10-03,customer1372@example.co.uk,Wales,26607,Medium
C001373,Customer 1373,2008-05-31,customer1373@example.co.uk,South West,84410,Low
C001374,Customer 1374,2015-06-17,customer1374@example.co.uk,North West,93898,Low
C001375,Customer 1375,2004-08-24,customer1375@example.co.uk,Scotland,45204,Medium
C001376,Customer 1376,2012-11-08,customer1376@example.co.uk,North West,79013,Low
C001377,Customer 1377,2005-10-09,customer1377@example.co.uk,North West,62587,High
C001378,Customer 1378,2003-12-27,customer1378@example.co.uk,South West,51770,Medium
C001379,Customer 1379,1991-02-25,customer1379@example.co.uk,South West,69943,Low
C001380,Customer 1380,1990-04-13,customer1380@example.co.uk,South West,23383,Low
C001381,Customer 1381,1984-07-16,customer1381@example.co.uk,Scotland,59586,Low
C001382,Customer 1382,2005-07-26,customer1382@example.co.uk,South West,86478,High
C001383,Customer 1383,1997-04-22,customer1383@example.co.uk,North West,23197,Medium
C001384,Customer 1384,2008-10-03,customer1384@example.co.uk,South West,52305,Medium
C001385,Customer 1385,2009-04-24,customer1385@example.co.uk,Midlands,46716,Low
C001386,Customer 1386,2016-03-27,customer1386@example.co.uk,Scotland,73740,Low
C001387,Customer 1387,1994-01-23,customer1387@example.co.uk,South West,73081,Medium
C001388,Customer 1388,1994-11-29,customer1388@example.co.uk,North West,32382,Low
C001389,Customer 1389,2008-01-11,customer1389@example.co.uk,Wales,57633,Low
C001390,Customer 1390,1987-03-28,customer1390@example.co.uk,South East,57235,Low
C001391,Customer 1391,2012-09-25,customer1391@example.co.uk,Midlands,39907,Low
C001392,Customer 1392,2012-02-07,customer1392@example.co.uk,Midlands,81345,Low
C001393,Customer 1393,1990-12-28,customer1393@example.co.uk,London,46613,Low
C001394,Customer 1394,1988-10-02,customer1394@example.co.uk,South West,92119,Low
C001395,Customer 1395,2003-11-01,customer1395@example.co.uk,Scotland,57283,Low
C001396,Customer 1396,1990-12-04,customer1396@example.co.uk,London,23075,Low
C001397,Customer 1397,2003-01-07,customer1397@example.co.uk,South West,86694,Low
C001398,Customer 1398,2004-12-19,customer1398@example.co.uk,Scotland,87325,High
C001399,Customer 1399,1990-09-20,customer1399@example.co.uk,London,26159,Low
C001400,Customer 1400,1987-05-15,customer1400@example.co.uk,North West,56931,Medium
C001401,Customer 1401,1995-05-21,customer1401@example.co.uk,Wales,83623,Low
C001402,Customer 1402,1989-08-21,customer1402@example.co.uk,Wales,72014,Medium
C001403,Customer 1403,2004-01-14,customer1403@example.co.uk,South East,54631,Low
C001404,Customer 1404,1988-05-19,customer1404@example.co.uk,North West,26392,Low
C001405,Customer 1405,2014-09-25,customer1405@example.co.uk,South West,49321,Low
C001406,Customer 1406,2016-10-31,customer1406@example.co.uk,London,64344,Low
C001407,Customer 1407,1995-07-13,customer1407@example.co.uk,Midlands,94034,Low
C001408,Customer 1408,1986-07-03,customer1408@example.co.uk,Wales,61166,Low
C001409,Customer 1409,1994-10-02,customer1409@example.co.uk,Scotland,50545,High
C001410,Customer 1410,1991-09-04,customer1410@example.co.uk,Wales,78906,Low
C001411,Customer 1411,2001-12-02,customer1411@example.co.uk,Wales,58188,Medium
C001412,Customer 1412,1986-01-19,customer1412@example.co.uk,North West,53862,Low
C001413,Customer 1413,1991-02-13,customer1413@example.co.uk,South West,84294,Medium
C001414,Customer 1414,2006-08-04,customer1414@example.co.uk,London,33728,Low
C001415,Customer 1415,2012-03-17,customer1415@example.co.uk,London,66357,High
C001416,Customer 1416,1991-01-26,customer1416@example.co.uk,Scotland,29834,Low
C001417,Customer 1417,1989-10-23,customer1417@example.co.uk,Midlands,92300,Medium
C001418,Customer 1418,2009-03-19,customer1418@example.co.uk,Wales,52497,Low
C001419,Customer 1419,2003-11-05,customer1419@example.co.uk,Scotland,67523,Medium
C001420,Customer 1420,2001-02-10,customer1420@example.co.uk,South West,47292,Low
C001421,Customer 1421,1985-12-08,customer1421@example.co.uk,Midlands,39659,Low
C001422,Customer 1422,2008-07-06,customer1422@example.co.uk,Scotland,79344,Medium
C001423,Customer 1423,1992-07-15,customer1423@example.co.uk,North West,86237,Low
C001424,Customer 1424,2005-03-06,customer1424@example.co.uk,South West,67569,Low
C001425,Customer 1425,2007-12-29,customer1425@example.co.uk,South East,94682,Low
C001426,Customer 1426,1995-12-24,customer1426@example.co.uk,North West,80901,Low
C001427,Customer 1427,2012-10-14,customer1427@example.co.uk,North West,70118,Low
C001428,Customer 1428,1985-01-02,customer1428@example.co.uk,North West,71681,Medium
C001429,Customer 1429,1994-11-17,customer1429@example.co.uk,South West,69720,Medium
C001430,Customer 1430,2008-05-05,customer1430@example.co.uk,Wales,30302,Medium
C001431,Customer 1431,2014-10-24,customer1431@example.co.uk,Midlands,72789,Low
C001432,Customer 1432,1996-11-12,customer1432@example.co.uk,South West,94281,Low
C001433,Customer 1433,1989-02-13,customer1433@example.co.uk,London,75713,Medium
C001434,Customer 1434,1986-02-17,customer1434@example.co.uk,Wales,90576,Medium
C001435,Customer 1435,1985-07-27,customer1435@example.co.uk,South East,39009,Low
C001436,Customer 1436,1988-08-05,customer1436@example.co.uk,London,36031,Low
C001437,Customer 1437,2007-10-03,customer1437@example.co.uk,North West,72934,Medium
C001438,Customer 1438,1994-01-25,customer1438@example.co.uk,North West,55546,Low
C001439,Customer 1439,1993-07-12,customer1439@example.co.uk,Scotland,31289,Low
C001440,Customer 1440,1987-10-03,customer1440@example.co.uk,Midlands,86409,High
C001441,Customer 1441,2002-10-28,customer1441@example.co.uk,Wales,29956,Low
C001442,Customer 1442,1986-10-13,customer1442@example.co.uk,Wales,70374,Medium
C001443,Customer 1443,1987-04-29,customer1443@example.co.uk,Wales,56840,Low
C001444,Customer 1444,1993-11-07,customer1444@example.co.uk,North West,61833,Low
C001445,Customer 1445,1994-07-12,customer1445@example.co.uk,North West,34729,Low
C001446,Customer 1446,2007-10-09,customer1446@example.co.uk,Scotland,72506,Low
C001447,Customer 1447,1992-03-11,customer1447@example.co.uk,North West,54605,Medium
C001448,Customer 1448,2012-10-24,customer1448@example.co.uk,North West,76419,Medium
C001449,Customer 1449,2015-09-06,customer1449@example.co.uk,Scotland,68918,Medium
C001450,Customer 1450,1991-08-26,customer1450@example.co.uk,Wales,77977,High
C001451,Customer 1451,2006-10-21,customer1451@example.co.uk,South West,45644,Low
C001452,Customer 1452,2011-01-29,customer1452@example.co.uk,Midlands,42732,Low
C001453,Customer 1453,2008-11-03,customer1453@example.co.uk,South West,68179,High
C001454,Customer 1454,2012-07-28,customer1454@example.co.uk,Midlands,70722,Low
C001455,Customer 1455,2009-06-05,customer1455@example.co.uk,North West,64395,Medium
C001456,Customer 1456,2008-11-06,customer1456@example.co.uk,Scotland,50039,Low
C001457,Customer 1457,2004-06-17,customer1457@example.co.uk,Midlands,55303,Low
C001458,Customer 1458,1985-09-20,customer1458@example.co.uk,South West,74047,Low
C001459,Customer 1459,1997-09-15,customer1459@example.co.uk,London,24136,Low
C001460,Customer 1460,1993-10-20,customer1460@example.co.uk,Wales,61365,High
C001461,Customer 1461,2015-02-08,customer1461@example.co.uk,Wales,63275,Low
C001462,Customer 1462,2007-02-06,customer1462@example.co.uk,North West,58170,High
C001463,Customer 1463,2004-10-25,customer1463@example.co.uk,South West,42278,Low
C001464,Customer 1464,2000-08-19,customer1464@example.co.uk,North West,42461,Low
C001465,Customer 1465,1997-08-21,customer1465@example.co.uk,London,54749,Low
C001466,Customer 1466,1993-12-02,customer1466@example.co.uk,Scotland,74402,Medium
C001467,Customer 1467,2005-10-23,customer1467@example.co.uk,South East,32118,Medium
C001468,Customer 1468,2015-02-06,customer1468@example.co.uk,Scotland,85999,Medium
C001469,Customer 1469,1997-08-22,customer1469@example.co.uk,London,34499,Medium
C001470,Customer 1470,1986-09-04,customer1470@example.co.uk,Wales,72010,Low
C001471,Customer 1471,2003-08-25,customer1471@example.co.uk,Midlands,65829,Low
C001472,Customer 1472,1994-05-03,customer1472@example.co.uk,Scotland,37799,Medium
C001473,Customer 1473,2012-07-10,customer1473@example.co.uk,Midlands,23498,Medium
C001474,Customer 1474,1986-01-05,customer1474@example.co.uk,South West,29094,Low
C001475,Customer 1475,1998-10-29,customer1475@example.co.uk,North West,92769,Medium
C001476,Customer 1476,2014-05-20,customer1476@example.co.uk,Scotland,50940,Low
C001477,Customer 1477,2010-11-11,customer1477@example.co.uk,North West,73495,High
C001478,Customer 1478,2003-07-17,customer1478@example.co.uk,South West,88155,Low
C001479,Customer 1479,1999-03-31,customer1479@example.co.uk,London,73684,Low
C001480,Customer 1480,1986-05-18,customer1480@example.co.uk,North West,84371,Medium
C001481,Customer 1481,2002-01-16,customer1481@example.co.uk,North West,74322,Low
C001482,Customer 1482,1990-01-06,customer1482@example.co.uk,Wales,78949,Medium
C001483,Customer 1483,1993-01-19,customer1483@example.co.uk,Midlands,39677,Low
C001484,Customer 1484,1992-12-17,customer1484@example.co.uk,North West,73815,Medium
C001485,Customer 1485,1987-05-19,customer1485@example.co.uk,South West,90714,Low
C001486,Customer 1486,2010-01-02,customer1486@example.co.uk,London,78369,Low
C001487,Customer 1487,2003-03-02,customer1487@example.co.uk,South West,36749,Medium
C001488,Customer 1488,1999-08-15,customer1488@example.co.uk,North West,67653,Low
C001489,Customer 1489,1991-10-05,customer1489@example.co.uk,South West,25172,Medium
C001490,Customer 1490,2003-12-04,customer1490@example.co.uk,London,79961,Medium
C001491,Customer 1491,2000-12-07,customer1491@example.co.uk,South East,52603,Low
C001492,Customer 1492,1986-08-12,customer1492@example.co.uk,South East,33247,Low
C001493,Customer 1493,1997-01-26,customer1493@example.co.uk,London,41356,Medium
C001494,Customer 1494,1989-02-27,customer1494@example.co.uk,South West,66993,Medium
C001495,Customer 1495,1999-01-20,customer1495@example.co.uk,South East,80990,Low
C001496,Customer 1496,2008-09-04,customer1496@example.co.uk,North West,92517,Low
C001497,Customer 1497,2012-02-11,customer1497@example.co.uk,Scotland,55902,Low
C001498,Customer 1498,2014-02-21,customer1498@example.co.uk,London,40526,Medium
C001499,Customer 1499,2013-12-06,customer1499@example.co.uk,North West,71362,Medium
C001500,Customer 1500,1986-11-11,customer1500@example.co.uk,South West,27699,Low
C001501,Customer 1501,2011-11-20,customer1501@example.co.uk,South West,48305,Medium
C001502,Customer 1502,1984-07-16,customer1502@example.co.uk,London,28957,Low
C001503,Customer 1503,2013-11-27,customer1503@example.co.uk,Wales,72940,Medium
C001504,Customer 1504,1985-01-08,customer1504@example.co.uk,South West,69214,Medium
C001505,Customer 1505,2001-03-30,customer1505@example.co.uk,North West,72662,Low
C001506,Customer 1506,2005-11-27,customer1506@example.co.uk,Wales,35055,High
C001507,Customer 1507,1993-02-01,customer1507@example.co.uk,North West,91672,Low
C001508,Customer 1508,2016-02-16,customer1508@example.co.uk,London,82029,Medium
C001509,Customer 1509,2007-11-30,customer1509@example.co.uk,South West,27210,Low
C001510,Customer 1510,1991-03-18,customer1510@example.co.uk,London,65721,Low
C001511,Customer 1511,2000-02-09,customer1511@example.co.uk,Scotland,67453,Medium
C001512,Customer 1512,2006-08-26,customer1512@example.co.uk,South West,61626,Low
C001513,Customer 1513,2001-07-14,customer1513@example.co.uk,Wales,30127,Medium
C001514,Customer 1514,1996-09-25,customer1514@example.co.uk,South East,25862,High
C001515,Customer 1515,2001-10-15,customer1515@example.co.uk,Scotland,41884,Low
C001516,Customer 1516,2001-04-24,customer1516@example.co.uk,North West,39991,Low
C001517,Customer 1517,2009-11-12,customer1517@example.co.uk,South East,51809,Low
C001518,Customer 1518,2011-04-28,customer1518@example.co.uk,South West,77897,High
C001519,Customer 1519,1993-06-10,customer1519@example.co.uk,Scotland,80873,Low
C001520,Customer 1520,2014-11-07,customer1520@example.co.uk,Wales,40163,Medium
C001521,Customer 1521,1998-01-10,customer1521@example.co.uk,Scotland,48517,Medium
C001522,Customer 1522,2003-06-17,customer1522@example.co.uk,Wales,90656,High
C001523,Customer 1523,2009-07-03,customer1523@example.co.uk,South East,41025,Medium
C001524,Customer 1524,2008-01-28,customer1524@example.co.uk,Scotland,63614,Low
C001525,Customer 1525,1990-09-11,customer1525@example.co.uk,Scotland,37517,Low
C001526,Customer 1526,2002-09-27,customer1526@example.co.uk,Midlands,25864,Medium
C001527,Customer 1527,2012-09-25,customer1527@example.co.uk,Scotland,61760,Low
C001528,Customer 1528,1992-08-06,customer1528@example.co.uk,London,57887,Low
C001529,Customer 1529,2011-08-14,customer1529@example.co.uk,North West,39241,Low
C001530,Customer 1530,2011-08-20,customer1530@example.co.uk,South East,56978,Medium
C001531,Customer 1531,1985-05-03,customer1531@example.co.uk,South West,52432,Low
C001532,Customer 1532,2005-07-18,customer1532@example.co.uk,South East,32417,Medium
C001533,Customer 1533,2005-03-12,customer1533@example.co.uk,Scotland,87840,Medium
C001534,Customer 1534,2001-07-19,customer1534@example.co.uk,Midlands,71015,Low
C001535,Customer 1535,1992-11-01,customer1535@example.co.uk,South East,84108,Low
C001536,Customer 1536,1984-11-02,customer1536@example.co.uk,South West,26224,Low
C001537,Customer 1537,2014-04-13,customer1537@example.co.uk,South East,76138,Low
C001538,Customer 1538,2003-11-15,customer1538@example.co.uk,Wales,48812,Low
C001539,Customer 1539,2004-09-09,customer1539@example.co.uk,South East,86217,Medium
C001540,Customer 1540,1986-01-16,customer1540@example.co.uk,North West,78040,Low
C001541,Customer 1541,2001-11-05,customer1541@example.co.uk,North West,71856,Medium
C001542,Customer 1542,2015-10-02,customer1542@example.co.uk,Wales,92275,Low
C001543,Customer 1543,2004-06-04,customer1543@example.co.uk,Midlands,27047,Low
C001544,Customer 1544,1995-03-10,customer1544@example.co.uk,North West,27559,High
C001545,Customer 1545,1985-12-05,customer1545@example.co.uk,North West,92499,Low
C001546,Customer 1546,2012-06-15,customer1546@example.co.uk,London,72777,Low
C001547,Customer 1547,2002-01-08,customer1547@example.co.uk,South West,46884,Low
C001548,Customer 1548,2003-02-12,customer1548@example.co.uk,South West,59475,Low
C001549,Customer 1549,1990-07-19,customer1549@example.co.uk,Midlands,29149,Medium
C001550,Customer 1550,2006-08-16,customer1550@example.co.uk,London,81204,Low
C001551,Customer 1551,2015-05-24,customer1551@example.co.uk,North West,45562,Medium
C001552,Customer 1552,1998-09-04,customer1552@example.co.uk,Midlands,39734,Low
C001553,Customer 1553,2010-08-24,customer1553@example.co.uk,Scotland,25265,Low
C001554,Customer 1554,1988-03-18,customer1554@example.co.uk,South West,48467,High
C001555,Customer 1555,2016-01-30,customer1555@example.co.uk,Wales,64477,Medium
C001556,Customer 1556,1989-09-16,customer1556@example.co.uk,London,43495,Medium
C001557,Customer 1557,2012-08-10,customer1557@example.co.uk,South West,36963,Medium
C001558,Customer 1558,2001-05-24,customer1558@example.co.uk,Scotland,33181,Low
C001559,Customer 1559,1991-05-04,customer1559@example.co.uk,Midlands,89065,Medium
C001560,Customer 1560,1991-10-31,customer1560@example.co.uk,South West,94134,Low
C001561,Customer 1561,1990-08-27,customer1561@example.co.uk,South East,41672,Low
C001562,Customer 1562,1998-01-19,customer1562@example.co.uk,Scotland,28725,Low
C001563,Customer 1563,1992-04-09,customer1563@example.co.uk,London,80491,Low
C001564,Customer 1564,1984-04-28,customer1564@example.co.uk,North West,39245,High
C001565,Customer 1565,2006-06-28,customer1565@example.co.uk,Wales,55175,Low
C001566,Customer 1566,1984-06-04,customer1566@example.co.uk,North West,87358,Low
C001567,Customer 1567,2010-07-31,customer1567@example.co.uk,Scotland,86679,Low
C001568,Customer 1568,2003-12-27,customer1568@example.co.uk,London,84352,Low
C001569,Customer 1569,2008-09-19,customer1569@example.co.uk,South West,22861,Low
C001570,Customer 1570,1990-10-26,customer1570@example.co.uk,London,49215,Low
C001571,Customer 1571,1985-08-15,customer1571@example.co.uk,Scotland,67746,Low
C001572,Customer 1572,1988-02-06,customer1572@example.co.uk,London,61117,Low
C001573,Customer 1573,1992-02-29,customer1573@example.co.uk,South East,36272,Low
C001574,Customer 1574,2015-03-09,customer1574@example.co.uk,Scotland,59274,Medium
C001575,Customer 1575,2010-02-19,customer1575@example.co.uk,South West,45254,High
C001576,Customer 1576,1997-08-04,customer1576@example.co.uk,South West,26697,Low
C001577,Customer 1577,1987-03-15,customer1577@example.co.uk,Wales,70309,High
C001578,Customer 1578,1987-01-29,customer1578@example.co.uk,South West,78010,Medium
C001579,Customer 1579,2015-04-29,customer1579@example.co.uk,Wales,83710,Low
C001580,Customer 1580,2002-09-23,customer1580@example.co.uk,North West,57968,Low
C001581,Customer 1581,2011-08-15,customer1581@example.co.uk,London,49504,Medium
C001582,Customer 1582,2012-05-19,customer1582@example.co.uk,North West,36326,Medium
C001583,Customer 1583,2015-01-21,customer1583@example.co.uk,North West,33491,Low
C001584,Customer 1584,1998-05-13,customer1584@example.co.uk,South West,59642,Low
C001585,Customer 1585,2012-02-15,customer1585@example.co.uk,South West,90864,Medium
C001586,Customer 1586,2006-06-07,customer1586@example.co.uk,North West,39001,Medium
C001587,Customer 1587,1992-03-27,customer1587@example.co.uk,North West,87239,Low
C001588,Customer 1588,1992-11-06,customer1588@example.co.uk,London,52503,Medium
C001589,Customer 1589,2012-03-22,customer1589@example.co.uk,Wales,37493,Low
C001590,Customer 1590,1993-06-19,customer1590@example.co.uk,Wales,37456,Medium
C001591,Customer 1591,1999-02-20,customer1591@example.co.uk,South West,76346,Low
C001592,Customer 1592,1993-03-11,customer1592@example.co.uk,Scotland,49831,Low
C001593,Customer 1593,1987-03-18,customer1593@example.co.uk,South West,58913,Low
C001594,Customer 1594,1998-09-12,customer1594@example.co.uk,Wales,61358,Low
C001595,Customer 1595,1999-02-12,customer1595@example.co.uk,South West,22803,Low
C001596,Customer 1596,2011-10-19,customer1596@example.co.uk,London,73910,Medium
C001597,Customer 1597,1999-04-29,customer1597@example.co.uk,Scotland,45020,Low
C001598,Customer 1598,1985-10-05,customer1598@example.co.uk,Scotland,84797,High
C001599,Customer 1599,2012-04-20,customer1599@example.co.uk,Midlands,39793,Low
C001600,Customer 1600,2004-11-29,customer1600@example.co.uk,Wales,92381,High
C001601,Customer 1601,1986-09-05,customer1601@example.co.uk,Wales,76257,High
C001602,Customer 1602,2016-09-07,customer1602@example.co.uk,Scotland,90298,Low
C001603,Customer 1603,1985-01-02,customer1603@example.co.uk,South East,63353,Medium
C001604,Customer 1604,2000-01-11,customer1604@example.co.uk,London,65479,Medium
C001605,Customer 1605,1985-07-25,customer1605@example.co.uk,South West,41569,Low
C001606,Customer 1606,1991-08-12,customer1606@example.co.uk,North West,71183,Medium
C001607,Customer 1607,1989-05-29,customer1607@example.co.uk,Wales,73061,Low
C001608,Customer 1608,1998-04-10,customer1608@example.co.uk,Scotland,62407,Medium
C001609,Customer 1609,1988-01-23,customer1609@example.co.uk,Midlands,26145,Low
C001610,Customer 1610,1997-09-28,customer1610@example.co.uk,South East,53148,Low
C001611,Customer 1611,1989-03-14,customer1611@example.co.uk,South West,90825,Low
C001612,Customer 1612,1988-04-27,customer1612@example.co.uk,Midlands,26901,Medium
C001613,Customer 1613,2005-10-25,customer1613@example.co.uk,North West,88321,Low
C001614,Customer 1614,2005-11-08,customer1614@example.co.uk,Scotland,42195,Low
C001615,Customer 1615,1998-11-07,customer1615@example.co.uk,South East,90632,Low
C001616,Customer 1616,2007-04-27,customer1616@example.co.uk,Scotland,34878,Medium
C001617,Customer 1617,1985-10-21,customer1617@example.co.uk,Midlands,39395,Low
C001618,Customer 1618,2007-08-07,customer1618@example.co.uk,London,72801,Medium
C001619,Customer 1619,1986-02-21,customer1619@example.co.uk,Scotland,22538,Low
C001620,Customer 1620,1986-03-27,customer1620@example.co.uk,London,33413,Low
C001621,Customer 1621,1998-03-08,customer1621@example.co.uk,London,90233,Medium
C001622,Customer 1622,1993-07-31,customer1622@example.co.uk,South West,62913,Medium
C001623,Customer 1623,1996-07-29,customer1623@example.co.uk,North West,48287,Low
C001624,Customer 1624,2014-04-09,customer1624@example.co.uk,London,63831,Medium
C001625,Customer 1625,1996-06-10,customer1625@example.co.uk,London,57737,Low
C001626,Customer 1626,2009-04-08,customer1626@example.co.uk,North West,23999,High
C001627,Customer 1627,1999-11-18,customer1627@example.co.uk,North West,35418,Low
C001628,Customer 1628,2015-10-06,customer1628@example.co.uk,Wales,63744,Low
C001629,Customer 1629,1991-11-07,customer1629@example.co.uk,London,59128,Medium
C001630,Customer 1630,1999-05-12,customer1630@example.co.uk,North West,62812,Medium
C001631,Customer 1631,1985-06-20,customer1631@example.co.uk,Midlands,80149,Low
C001632,Customer 1632,1986-07-31,customer1632@example.co.uk,London,28613,Low
C001633,Customer 1633,2015-10-11,customer1633@example.co.uk,North West,77897,Low
C001634,Customer 1634,1998-03-08,customer1634@example.co.uk,South West,80436,Medium
C001635,Customer 1635,2014-04-05,customer1635@example.co.uk,Wales,47971,Medium
C001636,Customer 1636,2005-01-20,customer1636@example.co.uk,North West,91924,Low
C001637,Customer 1637,2015-07-03,customer1637@example.co.uk,Midlands,39274,Low
C001638,Customer 1638,2014-11-14,customer1638@example.co.uk,Scotland,34748,Low
C001639,Customer 1639,1994-03-16,customer1639@example.co.uk,South East,83000,Low
C001640,Customer 1640,2001-10-02,customer1640@example.co.uk,South East,55823,High
C001641,Customer 1641,1998-09-25,customer1641@example.co.uk,Midlands,65296,Medium
C001642,Customer 1642,2005-06-27,customer1642@example.co.uk,London,85898,Low
C001643,Customer 1643,1991-10-30,customer1643@example.co.uk,South West,68064,Low
C001644,Customer 1644,1989-11-18,customer1644@example.co.uk,North West,67693,Medium
C001645,Customer 1645,2016-03-16,customer1645@example.co.uk,Wales,35491,Low
C001646,Customer 1646,2013-04-19,customer1646@example.co.uk,London,36022,Low
C001647,Customer 1647,2002-02-22,customer1647@example.co.uk,North West,61599,Low
C001648,Customer 1648,1995-02-05,customer1648@example.co.uk,North West,76190,Low
C001649,Customer 1649,2001-05-20,customer1649@example.co.uk,London,42843,High
C001650,Customer 1650,2015-04-20,customer1650@example.co.uk,North West,66658,Low
C001651,Customer 1651,2003-09-11,customer1651@example.co.uk,North West,78511,Medium
C001652,Customer 1652,1994-10-05,customer1652@example.co.uk,South East,66852,Low
C001653,Customer 1653,2016-02-06,customer1653@example.co.uk,North West,32209,Medium
C001654,Customer 1654,2010-11-27,customer1654@example.co.uk,Midlands,85783,Low
C001655,Customer 1655,2004-02-20,customer1655@example.co.uk,South East,64647,Medium
C001656,Customer 1656,1987-04-16,customer1656@example.co.uk,North West,62374,High
C001657,Customer 1657,2010-12-02,customer1657@example.co.uk,Wales,36253,Medium
C001658,Customer 1658,2013-02-05,customer1658@example.co.uk,Scotland,71664,Low
C001659,Customer 1659,1990-05-26,customer1659@example.co.uk,North West,30058,Low
C001660,Customer 1660,2013-10-23,customer1660@example.co.uk,South East,22024,Medium
C001661,Customer 1661,2001-08-29,customer1661@example.co.uk,North West,81372,Low
C001662,Customer 1662,2014-09-26,customer1662@example.co.uk,South West,80610,Low
C001663,Customer 1663,2014-08-25,customer1663@example.co.uk,South West,61286,Medium
C001664,Customer 1664,1999-08-11,customer1664@example.co.uk,London,78980,Medium
C001665,Customer 1665,2007-01-23,customer1665@example.co.uk,Midlands,23064,Medium
C001666,Customer 1666,1986-12-19,customer1666@example.co.uk,South West,38718,Medium
C001667,Customer 1667,1984-03-15,customer1667@example.co.uk,Scotland,93943,High
C001668,Customer 1668,1996-10-28,customer1668@example.co.uk,Wales,69086,Low
C001669,Customer 1669,2015-09-01,customer1669@example.co.uk,North West,26087,Low
C001670,Customer 1670,2016-02-04,customer1670@example.co.uk,Midlands,73677,Medium
C001671,Customer 1671,2008-08-14,customer1671@example.co.uk,South East,75219,Low
C001672,Customer 1672,1992-08-10,customer1672@example.co.uk,North West,44729,Low
C001673,Customer 1673,2000-04-29,customer1673@example.co.uk,Wales,72409,Medium
C001674,Customer 1674,2014-03-23,customer1674@example.co.uk,South East,76687,Low
C001675,Customer 1675,2013-04-02,customer1675@example.co.uk,London,39600,Low
C001676,Customer 1676,2005-12-31,customer1676@example.co.uk,Scotland,40873,Medium
C001677,Customer 1677,1990-04-04,customer1677@example.co.uk,London,79243,High
C001678,Customer 1678,2002-10-27,customer1678@example.co.uk,Wales,39985,Medium
C001679,Customer 1679,2015-05-12,customer1679@example.co.uk,North West,81772,High
C001680,Customer 1680,2004-07-19,customer1680@example.co.uk,North West,77797,Medium
C001681,Customer 1681,2004-05-09,customer1681@example.co.uk,Midlands,77590,Medium
C001682,Customer 1682,2003-03-22,customer1682@example.co.uk,North West,68570,Low
C001683,Customer 1683,2016-12-14,customer1683@example.co.uk,South East,22973,Medium
C001684,Customer 1684,2008-08-31,customer1684@example.co.uk,North West,87762,Low
C001685,Customer 1685,1985-11-12,customer1685@example.co.uk,North West,70099,Low
C001686,Customer 1686,1989-03-30,customer1686@example.co.uk,North West,85342,Medium
C001687,Customer 1687,1987-10-04,customer1687@example.co.uk,South East,85115,High
C001688,Customer 1688,1996-09-13,customer1688@example.co.uk,Midlands,90997,High
C001689,Customer 1689,2011-07-14,customer1689@example.co.uk,London,89757,Low
C001690,Customer 1690,2013-12-09,customer1690@example.co.uk,Scotland,54142,Low
C001691,Customer 1691,2008-05-09,customer1691@example.co.uk,Wales,32234,Medium
C001692,Customer 1692,1999-07-30,customer1692@example.co.uk,North West,62959,Medium
C001693,Customer 1693,2007-03-01,customer1693@example.co.uk,Midlands,23413,Low
C001694,Customer 1694,1997-05-20,customer1694@example.co.uk,South West,65452,Low
C001695,Customer 1695,2010-12-22,customer1695@example.co.uk,Scotland,43955,Low
C001696,Customer 1696,2009-06-14,customer1696@example.co.uk,South West,61855,Medium
C001697,Customer 1697,2010-02-06,customer1697@example.co.uk,South East,30050,Medium
C001698,Customer 1698,1997-04-03,customer1698@example.co.uk,Wales,28765,Medium
C001699,Customer 1699,1987-11-13,customer1699@example.co.uk,South East,25578,Low
C001700,Customer 1700,1996-08-18,customer1700@example.co.uk,South West,88269,Low
C001701,Customer 1701,1996-07-06,customer1701@example.co.uk,Wales,39372,Medium
C001702,Customer 1702,1989-03-03,customer1702@example.co.uk,North West,55679,Low
C001703,Customer 1703,1990-12-12,customer1703@example.co.uk,Scotland,44886,High
C001704,Customer 1704,1992-01-13,customer1704@example.co.uk,South West,80543,Low
C001705,Customer 1705,2007-10-28,customer1705@example.co.uk,Wales,52958,Low
C001706,Customer 1706,1987-12-14,customer1706@example.co.uk,South East,26337,Low
C001707,Customer 1707,2002-09-09,customer1707@example.co.uk,Wales,42204,Medium
C001708,Customer 1708,2003-11-29,customer1708@example.co.uk,Scotland,72222,Low
C001709,Customer 1709,1999-08-24,customer1709@example.co.uk,London,43926,Low
C001710,Customer 1710,1989-05-15,customer1710@example.co.uk,London,56654,Medium
C001711,Customer 1711,2005-07-12,customer1711@example.co.uk,South West,43967,Low
C001712,Customer 1712,2008-01-20,customer1712@example.co.uk,South East,84425,Medium
C001713,Customer 1713,2001-08-30,customer1713@example.co.uk,Midlands,71781,Medium
C001714,Customer 1714,2003-09-01,customer1714@example.co.uk,London,56422,Low
C001715,Customer 1715,2004-04-19,customer1715@example.co.uk,Midlands,59852,High
C001716,Customer 1716,2014-10-19,customer1716@example.co.uk,London,63377,High
C001717,Customer 1717,2012-10-04,customer1717@example.co.uk,South West,34761,High
C001718,Customer 1718,2013-06-01,customer1718@example.co.uk,Wales,78595,Medium
C001719,Customer 1719,1996-02-23,customer1719@example.co.uk,Wales,57728,Low
C001720,Customer 1720,2010-05-16,customer1720@example.co.uk,Midlands,34881,Low
C001721,Customer 1721,1995-01-05,customer1721@example.co.uk,Scotland,82438,Medium
C001722,Customer 1722,2014-07-26,customer1722@example.co.uk,Scotland,47549,Low
C001723,Customer 1723,1984-08-22,customer1723@example.co.uk,Scotland,45582,Low
C001724,Customer 1724,1984-09-13,customer1724@example.co.uk,Midlands,23110,Medium
C001725,Customer 1725,2014-12-01,customer1725@example.co.uk,Midlands,34805,Low
C001726,Customer 1726,1996-11-15,customer1726@example.co.uk,South West,68073,Low
C001727,Customer 1727,2011-12-14,customer1727@example.co.uk,London,47307,Low
C001728,Customer 1728,2013-08-14,customer1728@example.co.uk,Wales,29455,High
C001729,Customer 1729,2012-10-15,customer1729@example.co.uk,London,50419,High
C001730,Customer 1730,2011-04-17,customer1730@example.co.uk,South East,37725,Low
C001731,Customer 1731,2013-03-25,customer1731@example.co.uk,North West,71277,Medium
C001732,Customer 1732,2015-05-16,customer1732@example.co.uk,South East,46217,High
C001733,Customer 1733,2013-10-17,customer1733@example.co.uk,London,55205,Low
C001734,Customer 1734,1996-07-25,customer1734@example.co.uk,Wales,81433,High
C001735,Customer 1735,2014-02-10,customer1735@example.co.uk,Wales,77965,Medium
C001736,Customer 1736,1987-06-27,customer1736@example.co.uk,South West,64389,Low
C001737,Customer 1737,1999-02-02,customer1737@example.co.uk,London,30177,Low
C001738,Customer 1738,1996-01-15,customer1738@example.co.uk,South East,55847,High
C001739,Customer 1739,1993-03-02,customer1739@example.co.uk,North West,79747,Low
C001740,Customer 1740,2006-03-28,customer1740@example.co.uk,London,73463,Low
C001741,Customer 1741,2003-07-06,customer1741@example.co.uk,South East,40857,Low
C001742,Customer 1742,2016-04-04,customer1742@example.co.uk,South West,35926,High
C001743,Customer 1743,1987-04-29,customer1743@example.co.uk,North West,35538,Low
C001744,Customer 1744,1985-01-03,customer1744@example.co.uk,Midlands,54846,Medium
C001745,Customer 1745,1984-03-16,customer1745@example.co.uk,London,41510,Medium
C001746,Customer 1746,2015-07-27,customer1746@example.co.uk,South West,73181,Low
C001747,Customer 1747,2007-04-15,customer1747@example.co.uk,Scotland,73292,Medium
C001748,Customer 1748,2002-04-14,customer1748@example.co.uk,Wales,86314,Low
C001749,Customer 1749,1984-04-25,customer1749@example.co.uk,Midlands,31188,Low
C001750,Customer 1750,2008-03-06,customer1750@example.co.uk,South West,85185,Low
C001751,Customer 1751,2002-02-19,customer1751@example.co.uk,London,65704,Medium
C001752,Customer 1752,1999-06-03,customer1752@example.co.uk,London,33883,Low
C001753,Customer 1753,1997-03-04,customer1753@example.co.uk,Scotland,82245,Medium
C001754,Customer 1754,1985-12-06,customer1754@example.co.uk,Midlands,48623,Low
C001755,Customer 1755,2001-08-31,customer1755@example.co.uk,London,47035,Low
C001756,Customer 1756,2012-07-20,customer1756@example.co.uk,Midlands,69089,Low
C001757,Customer 1757,1992-10-29,customer1757@example.co.uk,London,46833,Low
C001758,Customer 1758,1986-12-29,customer1758@example.co.uk,Wales,53258,Low
C001759,Customer 1759,2006-07-31,customer1759@example.co.uk,North West,92851,Medium
C001760,Customer 1760,1984-11-25,customer1760@example.co.uk,London,80891,High
C001761,Customer 1761,2016-07-05,customer1761@example.co.uk,London,66470,Low
C001762,Customer 1762,2013-06-30,customer1762@example.co.uk,Scotland,75150,Low
C001763,Customer 1763,2014-08-01,customer1763@example.co.uk,Wales,90566,Low
C001764,Customer 1764,2010-02-26,customer1764@example.co.uk,South East,92328,Low
C001765,Customer 1765,1990-07-08,customer1765@example.co.uk,Midlands,31441,Low
C001766,Customer 1766,2011-11-27,customer1766@example.co.uk,London,24498,Low
C001767,Customer 1767,1990-01-08,customer1767@example.co.uk,London,53808,Medium
C001768,Customer 1768,1997-12-14,customer1768@example.co.uk,Wales,44577,Medium
C001769,Customer 1769,1991-10-28,customer1769@example.co.uk,Wales,34752,Low
C001770,Customer 1770,1988-12-08,customer1770@example.co.uk,London,30383,Medium
C001771,Customer 1771,2011-10-13,customer1771@example.co.uk,South East,87161,Medium
C001772,Customer 1772,2003-04-15,customer1772@example.co.uk,South West,30271,Medium
C001773,Customer 1773,2014-11-08,customer1773@example.co.uk,North West,74692,Low
C001774,Customer 1774,1993-09-24,customer1774@example.co.uk,Wales,93550,Low
C001775,Customer 1775,1999-03-20,customer1775@example.co.uk,London,27975,Medium
C001776,Customer 1776,2002-10-15,customer1776@example.co.uk,South East,37826,Low
C001777,Customer 1777,2003-11-05,customer1777@example.co.uk,South East,70487,Medium
C001778,Customer 1778,2012-07-10,customer1778@example.co.uk,North West,27334,Low
C001779,Customer 1779,1984-11-13,customer1779@example.co.uk,Midlands,71300,Medium
C001780,Customer 1780,1992-03-19,customer1780@example.co.uk,London,32580,Low
C001781,Customer 1781,2005-07-08,customer1781@example.co.uk,Scotland,59189,Low
C001782,Customer 1782,2012-11-12,customer1782@example.co.uk,South West,38632,Low
C001783,Customer 1783,1994-11-24,customer1783@example.co.uk,South East,90562,Low
C001784,Customer 1784,2016-05-03,customer1784@example.co.uk,Midlands,26931,Medium
C001785,Customer 1785,1997-09-04,customer1785@example.co.uk,South West,33537,Medium
C001786,Customer 1786,1994-09-26,customer1786@example.co.uk,South East,76891,Low
C001787,Customer 1787,1988-06-16,customer1787@example.co.uk,North West,37401,High
C001788,Customer 1788,2008-05-17,customer1788@example.co.uk,North West,69435,Medium
C001789,Customer 1789,2012-04-07,customer1789@example.co.uk,Scotland,50740,Low
C001790,Customer 1790,1992-11-08,customer1790@example.co.uk,London,49277,Low
C001791,Customer 1791,2005-06-12,customer1791@example.co.uk,Midlands,41558,Medium
C001792,Customer 1792,1986-02-06,customer1792@example.co.uk,London,45111,Low
C001793,Customer 1793,2003-08-31,customer1793@example.co.uk,South West,69735,Low
C001794,Customer 1794,2004-06-29,customer1794@example.co.uk,London,65816,Medium
C001795,Customer 1795,2008-04-09,customer1795@example.co.uk,South East,35686,Medium
C001796,Customer 1796,2005-12-04,customer1796@example.co.uk,North West,42715,Medium
C001797,Customer 1797,1994-09-21,customer1797@example.co.uk,Scotland,37212,Low
C001798,Customer 1798,1998-10-15,customer1798@example.co.uk,Midlands,80303,Medium
C001799,Customer 1799,1998-10-11,customer1799@example.co.uk,South East,48050,Medium
C001800,Customer 1800,1988-07-25,customer1800@example.co.uk,South East,36435,Low
C001801,Customer 1801,2001-01-04,customer1801@example.co.uk,South East,76079,Medium
C001802,Customer 1802,2005-11-23,customer1802@example.co.uk,London,31637,Low
C001803,Customer 1803,2011-07-03,customer1803@example.co.uk,Midlands,79129,Low
C001804,Customer 1804,1990-04-14,customer1804@example.co.uk,Midlands,45338,Low
C001805,Customer 1805,1996-04-06,customer1805@example.co.uk,South East,47448,Medium
C001806,Customer 1806,2015-03-21,customer1806@example.co.uk,North West,66025,Low
C001807,Customer 1807,1989-02-24,customer1807@example.co.uk,Wales,29818,Low
C001808,Customer 1808,1991-11-05,customer1808@example.co.uk,Wales,83018,Low
C001809,Customer 1809,1997-05-28,customer1809@example.co.uk,North West,67033,Low
C001810,Customer 1810,2012-10-13,customer1810@example.co.uk,North West,42550,Medium
C001811,Customer 1811,2008-12-17,customer1811@example.co.uk,Wales,44273,Medium
C001812,Customer 1812,2007-07-28,customer1812@example.co.uk,Midlands,52107,Low
C001813,Customer 1813,2004-12-03,customer1813@example.co.uk,South West,50369,Medium
C001814,Customer 1814,1995-03-26,customer1814@example.co.uk,South East,23901,Medium
C001815,Customer 1815,1994-02-21,customer1815@example.co.uk,North West,64899,Low
C001816,Customer 1816,1984-05-24,customer1816@example.co.uk,Midlands,41525,High
C001817,Customer 1817,2005-04-12,customer1817@example.co.uk,Scotland,27796,Low
C001818,Customer 1818,2007-12-28,customer1818@example.co.uk,Midlands,88088,Low
C001819,Customer 1819,2015-06-01,customer1819@example.co.uk,Wales,84818,Medium
C001820,Customer 1820,1994-12-15,customer1820@example.co.uk,London,34844,Low
C001821,Customer 1821,2002-05-29,customer1821@example.co.uk,South East,23628,Medium
C001822,Customer 1822,1994-11-21,customer1822@example.co.uk,Scotland,39394,Low
C001823,Customer 1823,2014-03-06,customer1823@example.co.uk,South West,33892,Low
C001824,Customer 1824,2009-10-02,customer1824@example.co.uk,Scotland,43207,Medium
C001825,Customer 1825,2004-12-20,customer1825@example.co.uk,Wales,25199,High
C001826,Customer 1826,2002-05-08,customer1826@example.co.uk,South East,40169,High
C001827,Customer 1827,2015-09-28,customer1827@example.co.uk,Scotland,70551,Medium
C001828,Customer 1828,1987-05-04,customer1828@example.co.uk,Midlands,22178,Medium
C001829,Customer 1829,1997-06-21,customer1829@example.co.uk,Midlands,65634,Low
C001830,Customer 1830,2011-08-23,customer1830@example.co.uk,North West,57361,Medium
C001831,Customer 1831,1987-10-19,customer1831@example.co.uk,North West,49151,Medium
C001832,Customer 1832,1986-08-17,customer1832@example.co.uk,North West,66000,Medium
C001833,Customer 1833,1989-02-22,customer1833@example.co.uk,Midlands,69708,High
C001834,Customer 1834,1985-12-31,customer1834@example.co.uk,South West,69918,Low
C001835,Customer 1835,2009-03-26,customer1835@example.co.uk,Scotland,70029,Low
C001836,Customer 1836,1993-05-08,customer1836@example.co.uk,South East,30782,Medium
C001837,Customer 1837,1989-04-05,customer1837@example.co.uk,Scotland,65899,Low
C001838,Customer 1838,2010-03-10,customer1838@example.co.uk,Wales,84717,Medium
C001839,Customer 1839,1994-04-12,customer1839@example.co.uk,South West,49498,Medium
C001840,Customer 1840,2006-10-03,customer1840@example.co.uk,Scotland,68230,High
C001841,Customer 1841,1987-01-04,customer1841@example.co.uk,South West,77434,Low
C001842,Customer 1842,2006-08-29,customer1842@example.co.uk,North West,67249,Low
C001843,Customer 1843,2008-01-10,customer1843@example.co.uk,Scotland,38083,Low
C001844,Customer 1844,2004-06-10,customer1844@example.co.uk,North West,91842,High
C001845,Customer 1845,2015-04-06,customer1845@example.co.uk,Wales,70253,Medium
C001846,Customer 1846,2004-09-14,customer1846@example.co.uk,London,30601,Low
C001847,Customer 1847,1992-03-09,customer1847@example.co.uk,South West,32508,Low
C001848,Customer 1848,1996-07-18,customer1848@example.co.uk,London,32085,Low
C001849,Customer 1849,1993-04-30,customer1849@example.co.uk,North West,41392,Low
C001850,Customer 1850,2014-10-11,customer1850@example.co.uk,North West,24974,Low
C001851,Customer 1851,2003-01-05,customer1851@example.co.uk,Midlands,39305,Low
C001852,Customer 1852,1986-12-28,customer1852@example.co.uk,London,24815,Low
C001853,Customer 1853,2007-06-23,customer1853@example.co.uk,Scotland,52451,Medium
C001854,Customer 1854,1999-07-18,customer1854@example.co.uk,Scotland,66024,Low
C001855,Customer 1855,2014-01-13,customer1855@example.co.uk,Scotland,64769,Low
C001856,Customer 1856,2004-02-21,customer1856@example.co.uk,Midlands,91489,Medium
C001857,Customer 1857,1997-11-30,customer1857@example.co.uk,South East,61856,Medium
C001858,Customer 1858,2000-11-06,customer1858@example.co.uk,South West,56079,Low
C001859,Customer 1859,1996-12-03,customer1859@example.co.uk,Midlands,28202,Low
C001860,Customer 1860,1991-05-19,customer1860@example.co.uk,Scotland,43805,Medium
C001861,Customer 1861,1992-01-13,customer1861@example.co.uk,Wales,92165,Low
C001862,Customer 1862,1989-05-30,customer1862@example.co.uk,London,42117,Low
C001863,Customer 1863,2003-12-11,customer1863@example.co.uk,South West,63500,Medium
C001864,Customer 1864,2009-05-25,customer1864@example.co.uk,Scotland,70453,Low
C001865,Customer 1865,1999-08-04,customer1865@example.co.uk,South East,26546,Medium
C001866,Customer 1866,1991-06-17,customer1866@example.co.uk,North West,70878,Low
C001867,Customer 1867,1985-04-14,customer1867@example.co.uk,Midlands,61526,Low
C001868,Customer 1868,2004-09-17,customer1868@example.co.uk,South West,87459,Medium
C001869,Customer 1869,2008-08-31,customer1869@example.co.uk,North West,42454,Low
C001870,Customer 1870,1997-06-04,customer1870@example.co.uk,Midlands,65421,Medium
C001871,Customer 1871,2009-11-25,customer1871@example.co.uk,Scotland,59988,High
C001872,Customer 1872,2016-11-05,customer1872@example.co.uk,Midlands,41278,Medium
C001873,Customer 1873,2016-12-26,customer1873@example.co.uk,Midlands,66392,Medium
C001874,Customer 1874,2008-11-17,customer1874@example.co.uk,London,27253,Low
C001875,Customer 1875,2011-11-13,customer1875@example.co.uk,Wales,62380,Low
C001876,Customer 1876,1988-04-25,customer1876@example.co.uk,South West,50883,Low
C001877,Customer 1877,1992-12-02,customer1877@example.co.uk,North West,29213,Medium
C001878,Customer 1878,1996-08-19,customer1878@example.co.uk,South East,91000,Low
C001879,Customer 1879,2004-02-24,customer1879@example.co.uk,Scotland,24955,Low
C001880,Customer 1880,2001-11-10,customer1880@example.co.uk,South East,33452,High
C001881,Customer 1881,2011-04-23,customer1881@example.co.uk,North West,86286,Low
C001882,Customer 1882,2000-05-12,customer1882@example.co.uk,Midlands,29346,High
C001883,Customer 1883,2003-05-08,customer1883@example.co.uk,South West,41391,Medium
C001884,Customer 1884,1996-12-07,customer1884@example.co.uk,South West,72608,Low
C001885,Customer 1885,2004-02-26,customer1885@example.co.uk,Wales,68052,Low
C001886,Customer 1886,2004-02-04,customer1886@example.co.uk,Scotland,33481,Low
C001887,Customer 1887,1997-02-10,customer1887@example.co.uk,South East,76474,Medium
C001888,Customer 1888,2002-09-30,customer1888@example.co.uk,South East,77552,Medium
C001889,Customer 1889,1997-10-08,customer1889@example.co.uk,Midlands,33282,Low
C001890,Customer 1890,1987-02-18,customer1890@example.co.uk,North West,90852,High
C001891,Customer 1891,2002-07-14,customer1891@example.co.uk,Scotland,71253,Low
C001892,Customer 1892,2009-02-05,customer1892@example.co.uk,Midlands,57825,Low
C001893,Customer 1893,2001-04-16,customer1893@example.co.uk,South West,39947,Low
C001894,Customer 1894,1997-09-17,customer1894@example.co.uk,Wales,94596,Low
C001895,Customer 1895,2004-12-15,customer1895@example.co.uk,South East,61834,Low
C001896,Customer 1896,1991-01-28,customer1896@example.co.uk,South West,25517,Medium
C001897,Customer 1897,2012-09-20,customer1897@example.co.uk,Midlands,61343,High
C001898,Customer 1898,1997-01-26,customer1898@example.co.uk,Midlands,38276,Medium
C001899,Customer 1899,2015-01-08,customer1899@example.co.uk,Scotland,45510,Low
C001900,Customer 1900,1996-08-07,customer1900@example.co.uk,Midlands,54079,Low
C001901,Customer 1901,2000-05-24,customer1901@example.co.uk,North West,30745,Medium
C001902,Customer 1902,1995-09-26,customer1902@example.co.uk,Scotland,84978,Medium
C001903,Customer 1903,1989-07-13,customer1903@example.co.uk,South West,84395,High
C001904,Customer 1904,1984-12-14,customer1904@example.co.uk,Wales,89177,Medium
C001905,Customer 1905,1986-10-16,customer1905@example.co.uk,South East,56018,Low
C001906,Customer 1906,2015-04-07,customer1906@example.co.uk,South East,63901,Low
C001907,Customer 1907,1996-05-25,customer1907@example.co.uk,South West,68843,Low
C001908,Customer 1908,2000-02-19,customer1908@example.co.uk,London,76986,Medium
C001909,Customer 1909,2012-10-29,customer1909@example.co.uk,London,59992,Low
C001910,Customer 1910,2012-05-03,customer1910@example.co.uk,South East,89353,Low
C001911,Customer 1911,1991-08-31,customer1911@example.co.uk,North West,34387,Medium
C001912,Customer 1912,2014-11-22,customer1912@example.co.uk,Wales,64284,High
C001913,Customer 1913,2015-06-23,customer1913@example.co.uk,Scotland,61462,Low
C001914,Customer 1914,2010-03-09,customer1914@example.co.uk,South West,69516,Low
C001915,Customer 1915,2007-05-30,customer1915@example.co.uk,South West,40837,Low
C001916,Customer 1916,2002-08-25,customer1916@example.co.uk,South West,70891,Medium
C001917,Customer 1917,1991-02-06,customer1917@example.co.uk,North West,43368,Low
C001918,Customer 1918,2009-03-24,customer1918@example.co.uk,North West,50981,Medium
C001919,Customer 1919,2016-02-17,customer1919@example.co.uk,North West,90898,Medium
C001920,Customer 1920,1987-08-05,customer1920@example.co.uk,London,36937,Low
C001921,Customer 1921,2005-09-04,customer1921@example.co.uk,South West,39200,High
C001922,Customer 1922,1990-05-27,customer1922@example.co.uk,Wales,62838,Medium
C001923,Customer 1923,2010-12-22,customer1923@example.co.uk,North West,79925,High
C001924,Customer 1924,1997-10-31,customer1924@example.co.uk,London,66832,Low
C001925,Customer 1925,2015-04-23,customer1925@example.co.uk,South East,37544,Low
C001926,Customer 1926,1993-07-31,customer1926@example.co.uk,South East,51697,Low
C001927,Customer 1927,1989-03-06,customer1927@example.co.uk,London,32302,Low
C001928,Customer 1928,2003-07-06,customer1928@example.co.uk,London,24464,Medium
C001929,Customer 1929,2013-10-05,customer1929@example.co.uk,North West,47736,Low
C001930,Customer 1930,1995-07-08,customer1930@example.co.uk,London,29768,Low
C001931,Customer 1931,1984-08-17,customer1931@example.co.uk,Wales,30683,Low
C001932,Customer 1932,2011-02-28,customer1932@example.co.uk,South East,34648,Medium
C001933,Customer 1933,1999-12-08,customer1933@example.co.uk,London,48217,Low
C001934,Customer 1934,1996-08-10,customer1934@example.co.uk,North West,33898,Low
C001935,Customer 1935,2006-08-16,customer1935@example.co.uk,Wales,67591,Low
C001936,Customer 1936,1987-03-26,customer1936@example.co.uk,London,53696,Low
C001937,Customer 1937,2016-04-10,customer1937@example.co.uk,South East,23832,Low
C001938,Customer 1938,2008-04-05,customer1938@example.co.uk,London,58943,Low
C001939,Customer 1939,2006-10-13,customer1939@example.co.uk,Wales,34934,High
C001940,Customer 1940,2010-08-09,customer1940@example.co.uk,South East,84221,Low
C001941,Customer 1941,1988-12-24,customer1941@example.co.uk,South East,79627,Medium
C001942,Customer 1942,2003-03-11,customer1942@example.co.uk,South East,68507,High
C001943,Customer 1943,1989-03-24,customer1943@example.co.uk,Wales,89403,Low
C001944,Customer 1944,1989-02-11,customer1944@example.co.uk,North West,63193,Low
C001945,Customer 1945,2000-05-15,customer1945@example.co.uk,Scotland,39814,Low
C001946,Customer 1946,1985-12-27,customer1946@example.co.uk,London,59784,Medium
C001947,Customer 1947,2001-06-05,customer1947@example.co.uk,South West,65006,Low
C001948,Customer 1948,1998-02-28,customer1948@example.co.uk,Scotland,81892,Medium
C001949,Customer 1949,2002-06-08,customer1949@example.co.uk,South West,80190,Low
C001950,Customer 1950,1987-04-16,customer1950@example.co.uk,Wales,78093,Low
C001951,Customer 1951,2000-08-25,customer1951@example.co.uk,South East,84347,High
C001952,Customer 1952,2006-03-22,customer1952@example.co.uk,Scotland,23675,High
C001953,Customer 1953,2007-08-12,customer1953@example.co.uk,Scotland,35785,Low
C001954,Customer 1954,2001-11-16,customer1954@example.co.uk,Midlands,33141,Low
C001955,Customer 1955,1991-09-26,customer1955@example.co.uk,London,35332,Medium
C001956,Customer 1956,1999-05-11,customer1956@example.co.uk,South East,69672,High
C001957,Customer 1957,2003-03-21,customer1957@example.co.uk,Scotland,74990,Low
C001958,Customer 1958,2016-03-03,customer1958@example.co.uk,Wales,87419,Low
C001959,Customer 1959,2013-01-17,customer1959@example.co.uk,Midlands,57779,Medium
C001960,Customer 1960,2011-03-23,customer1960@example.co.uk,Midlands,68674,Low
C001961,Customer 1961,1990-10-11,customer1961@example.co.uk,Wales,85508,Low
C001962,Customer 1962,1995-05-31,customer1962@example.co.uk,Midlands,81589,Low
C001963,Customer 1963,1990-03-16,customer1963@example.co.uk,London,87178,Low
C001964,Customer 1964,1987-03-24,customer1964@example.co.uk,Midlands,35055,Medium
C001965,Customer 1965,2001-05-01,customer1965@example.co.uk,North West,25506,High
C001966,Customer 1966,2012-01-25,customer1966@example.co.uk,North West,64854,Low
C001967,Customer 1967,2013-10-27,customer1967@example.co.uk,Wales,34626,Medium
C001968,Customer 1968,2005-01-26,customer1968@example.co.uk,South East,90150,Medium
C001969,Customer 1969,2006-02-27,customer1969@example.co.uk,North West,60477,Medium
C001970,Customer 1970,2008-05-31,customer1970@example.co.uk,North West,56296,Low
C001971,Customer 1971,1985-08-01,customer1971@example.co.uk,Midlands,24316,High
C001972,Customer 1972,1998-04-11,customer1972@example.co.uk,Wales,37615,Low
C001973,Customer 1973,1985-10-12,customer1973@example.co.uk,London,71327,Low
C001974,Customer 1974,1997-10-05,customer1974@example.co.uk,Scotland,45182,Medium
C001975,Customer 1975,1990-03-14,customer1975@example.co.uk,South West,43514,Low
C001976,Customer 1976,1989-01-27,customer1976@example.co.uk,North West,72997,Low
C001977,Customer 1977,2014-11-29,customer1977@example.co.uk,North West,86297,Medium
C001978,Customer 1978,1991-03-06,customer1978@example.co.uk,North West,83580,Low
C001979,Customer 1979,2006-05-11,customer1979@example.co.uk,North West,29305,Low
C001980,Customer 1980,1999-12-28,customer1980@example.co.uk,Wales,71518,Medium
C001981,Customer 1981,1985-06-06,customer1981@example.co.uk,North West,59281,Low
C001982,Customer 1982,2000-08-08,customer1982@example.co.uk,South West,27913,Low
C001983,Customer 1983,2012-03-17,customer1983@example.co.uk,South West,25525,Medium
C001984,Customer 1984,1999-08-25,customer1984@example.co.uk,South West,71882,Low
C001985,Customer 1985,2013-10-29,customer1985@example.co.uk,South East,75992,Low
C001986,Customer 1986,1998-03-02,customer1986@example.co.uk,North West,54455,Low
C001987,Customer 1987,1987-02-08,customer1987@example.co.uk,Wales,33133,High
C001988,Customer 1988,1991-10-13,customer1988@example.co.uk,London,61965,Low
C001989,Customer 1989,2004-11-03,customer1989@example.co.uk,Scotland,92571,Low
C001990,Customer 1990,2003-01-22,customer1990@example.co.uk,South West,77374,Medium
C001991,Customer 1991,2010-07-17,customer1991@example.co.uk,London,24674,Medium
C001992,Customer 1992,2001-09-03,customer1992@example.co.uk,South West,63486,Low
C001993,Customer 1993,1988-08-27,customer1993@example.co.uk,Scotland,34809,Medium
C001994,Customer 1994,2006-09-20,customer1994@example.co.uk,Wales,48988,Low
C001995,Customer 1995,1997-08-08,customer1995@example.co.uk,South West,66504,Low
C001996,Customer 1996,2012-09-02,customer1996@example.co.uk,Wales,79146,Low
C001997,Customer 1997,2008-03-15,customer1997@example.co.uk,South East,31872,Medium
C001998,Customer 1998,1997-07-03,customer1998@example.co.uk,North West,59664,Low
C001999,Customer 1999,2012-03-07,customer1999@example.co.uk,Scotland,74694,Medium
C002000,Customer 2000,2010-02-07,customer2000@example.co.uk,London,34053,Medium
C002001,Customer 2001,2009-07-29,customer2001@example.co.uk,Wales,66150,Low
C002002,Customer 2002,1993-07-29,customer2002@example.co.uk,South West,91607,Low
C002003,Customer 2003,1997-09-15,customer2003@example.co.uk,North West,32048,Medium
C002004,Customer 2004,2008-05-21,customer2004@example.co.uk,South West,61309,Low
C002005,Customer 2005,1995-06-09,customer2005@example.co.uk,North West,48224,Low
C002006,Customer 2006,2008-09-23,customer2006@example.co.uk,South East,89550,Low
C002007,Customer 2007,2007-04-28,customer2007@example.co.uk,Wales,24438,Medium
C002008,Customer 2008,1993-09-20,customer2008@example.co.uk,Scotland,46450,Medium
C002009,Customer 2009,2012-10-12,customer2009@example.co.uk,North West,83249,Low
C002010,Customer 2010,2016-10-04,customer2010@example.co.uk,Scotland,78849,High
C002011,Customer 2011,2000-07-04,customer2011@example.co.uk,Midlands,29848,Low
C002012,Customer 2012,2014-11-28,customer2012@example.co.uk,Wales,41365,Low
C002013,Customer 2013,2002-07-27,customer2013@example.co.uk,South West,61357,Medium
C002014,Customer 2014,2002-09-01,customer2014@example.co.uk,South West,30444,Medium
C002015,Customer 2015,1995-09-02,customer2015@example.co.uk,Scotland,59623,Medium
C002016,Customer 2016,1989-04-05,customer2016@example.co.uk,South East,52950,Low
C002017,Customer 2017,1998-02-04,customer2017@example.co.uk,Midlands,47154,Low
C002018,Customer 2018,2003-09-24,customer2018@example.co.uk,Midlands,85620,Medium
C002019,Customer 2019,1996-05-26,customer2019@example.co.uk,South East,26850,Low
C002020,Customer 2020,1996-08-17,customer2020@example.co.uk,Scotland,25819,Low
C002021,Customer 2021,1986-01-22,customer2021@example.co.uk,Scotland,94182,Low
C002022,Customer 2022,1986-08-25,customer2022@example.co.uk,Wales,85680,Medium
C002023,Customer 2023,1997-07-14,customer2023@example.co.uk,Wales,33000,Low
C002024,Customer 2024,2002-06-04,customer2024@example.co.uk,South West,30333,High
C002025,Customer 2025,2016-08-26,customer2025@example.co.uk,Wales,33836,Low
C002026,Customer 2026,2009-10-11,customer2026@example.co.uk,Scotland,40423,Low
C002027,Customer 2027,2007-07-31,customer2027@example.co.uk,Scotland,87568,High
C002028,Customer 2028,1988-03-19,customer2028@example.co.uk,South East,90846,Low
C002029,Customer 2029,1998-03-23,customer2029@example.co.uk,South West,38027,Medium
C002030,Customer 2030,1994-10-01,customer2030@example.co.uk,Midlands,73111,Medium
C002031,Customer 2031,1992-01-09,customer2031@example.co.uk,South East,50574,Low
C002032,Customer 2032,1995-07-29,customer2032@example.co.uk,Wales,57985,Low
C002033,Customer 2033,2000-12-22,customer2033@example.co.uk,Scotland,29330,Low
C002034,Customer 2034,2003-03-06,customer2034@example.co.uk,Midlands,36806,Low
C002035,Customer 2035,1990-09-01,customer2035@example.co.uk,South West,54289,High
C002036,Customer 2036,1997-12-28,customer2036@example.co.uk,London,84288,Medium
C002037,Customer 2037,2013-11-14,customer2037@example.co.uk,Wales,26562,Medium
C002038,Customer 2038,2014-04-17,customer2038@example.co.uk,South East,29166,Medium
C002039,Customer 2039,1998-01-15,customer2039@example.co.uk,Scotland,55158,Medium
C002040,Customer 2040,2014-11-27,customer2040@example.co.uk,London,69560,High
C002041,Customer 2041,2004-01-05,customer2041@example.co.uk,Midlands,92111,Medium
C002042,Customer 2042,2001-10-17,customer2042@example.co.uk,South West,23031,High
C002043,Customer 2043,1994-09-23,customer2043@example.co.uk,South West,61438,Low
C002044,Customer 2044,1991-05-10,customer2044@example.co.uk,Midlands,49575,Medium
C002045,Customer 2045,2013-01-27,customer2045@example.co.uk,Midlands,63573,High
C002046,Customer 2046,1987-10-05,customer2046@example.co.uk,Wales,26440,Low
C002047,Customer 2047,2002-09-09,customer2047@example.co.uk,Wales,86447,Low
C002048,Customer 2048,1988-09-01,customer2048@example.co.uk,Wales,65610,Medium
C002049,Customer 2049,2006-11-17,customer2049@example.co.uk,London,43016,Medium
C002050,Customer 2050,2016-11-16,customer2050@example.co.uk,Wales,68118,Low
C002051,Customer 2051,2004-07-01,customer2051@example.co.uk,Scotland,93791,Medium
C002052,Customer 2052,2012-12-08,customer2052@example.co.uk,Scotland,25584,Medium
C002053,Customer 2053,2012-12-03,customer2053@example.co.uk,South East,46083,Medium
C002054,Customer 2054,2012-05-08,customer2054@example.co.uk,South West,22403,Low
C002055,Customer 2055,1989-02-19,customer2055@example.co.uk,South East,63120,Medium
C002056,Customer 2056,2013-04-15,customer2056@example.co.uk,Wales,54716,Low
C002057,Customer 2057,2014-12-05,customer2057@example.co.uk,Midlands,39051,Medium
C002058,Customer 2058,1990-02-26,customer2058@example.co.uk,South West,63864,Low
C002059,Customer 2059,1998-11-11,customer2059@example.co.uk,Wales,44738,Medium
C002060,Customer 2060,2002-10-05,customer2060@example.co.uk,South West,58935,Low
C002061,Customer 2061,2001-02-03,customer2061@example.co.uk,Wales,45840,Low
C002062,Customer 2062,1985-03-13,customer2062@example.co.uk,North West,51423,Low
C002063,Customer 2063,2004-11-28,customer2063@example.co.uk,South East,51977,High
C002064,Customer 2064,1991-09-26,customer2064@example.co.uk,London,56312,Medium
C002065,Customer 2065,2011-02-05,customer2065@example.co.uk,South West,74564,Medium
C002066,Customer 2066,2000-09-02,customer2066@example.co.uk,South East,41562,Low
C002067,Customer 2067,2007-10-03,customer2067@example.co.uk,Midlands,37381,Low
C002068,Customer 2068,2006-05-02,customer2068@example.co.uk,London,81468,Medium
C002069,Customer 2069,1992-09-17,customer2069@example.co.uk,Wales,51423,Medium
C002070,Customer 2070,2006-05-02,customer2070@example.co.uk,Midlands,56891,Low
C002071,Customer 2071,1993-06-08,customer2071@example.co.uk,North West,39065,Low
C002072,Customer 2072,1996-11-10,customer2072@example.co.uk,Scotland,50254,High
C002073,Customer 2073,2002-06-29,customer2073@example.co.uk,Wales,46820,Low
C002074,Customer 2074,1995-11-29,customer2074@example.co.uk,South East,41129,Low
C002075,Customer 2075,2000-09-30,customer2075@example.co.uk,North West,81110,High
C002076,Customer 2076,2005-03-14,customer2076@example.co.uk,South East,82052,Low
C002077,Customer 2077,2001-12-31,customer2077@example.co.uk,Scotland,64368,High
C002078,Customer 2078,2015-12-12,customer2078@example.co.uk,Midlands,49815,Medium
C002079,Customer 2079,2009-02-24,customer2079@example.co.uk,London,55584,Low
C002080,Customer 2080,1994-09-13,customer2080@example.co.uk,Midlands,28830,Low
C002081,Customer 2081,2014-04-04,customer2081@example.co.uk,Wales,68439,High
C002082,Customer 2082,2006-10-19,customer2082@example.co.uk,North West,27965,Low
C002083,Customer 2083,2001-11-14,customer2083@example.co.uk,Scotland,71930,Low
C002084,Customer 2084,2009-04-07,customer2084@example.co.uk,London,70614,Low
C002085,Customer 2085,2006-10-06,customer2085@example.co.uk,Midlands,45510,Low
C002086,Customer 2086,1990-01-31,customer2086@example.co.uk,London,66456,High
C002087,Customer 2087,2003-08-03,customer2087@example.co.uk,South East,63591,Medium
C002088,Customer 2088,1986-02-23,customer2088@example.co.uk,South East,56131,Low
C002089,Customer 2089,1996-10-08,customer2089@example.co.uk,Scotland,87432,High
C002090,Customer 2090,1996-11-09,customer2090@example.co.uk,South West,69263,High
C002091,Customer 2091,2003-09-18,customer2091@example.co.uk,South East,56571,Low
C002092,Customer 2092,2006-03-16,customer2092@example.co.uk,Wales,63358,Medium
C002093,Customer 2093,2013-08-28,customer2093@example.co.uk,Scotland,41826,Medium
C002094,Customer 2094,1990-11-01,customer2094@example.co.uk,London,79670,Low
C002095,Customer 2095,2005-04-05,customer2095@example.co.uk,South West,52128,Low
C002096,Customer 2096,2003-09-29,customer2096@example.co.uk,London,43437,Medium
C002097,Customer 2097,2000-02-28,customer2097@example.co.uk,Scotland,86868,Low
C002098,Customer 2098,1989-03-19,customer2098@example.co.uk,Wales,85596,Low
C002099,Customer 2099,1988-05-13,customer2099@example.co.uk,South East,41405,Low
C002100,Customer 2100,1991-09-19,customer2100@example.co.uk,Scotland,59239,Low
C002101,Customer 2101,2009-06-07,customer2101@example.co.uk,Scotland,88681,Medium
C002102,Customer 2102,1984-05-08,customer2102@example.co.uk,North West,49839,Medium
C002103,Customer 2103,1987-08-12,customer2103@example.co.uk,South East,45667,Low
C002104,Customer 2104,1998-11-28,customer2104@example.co.uk,London,87288,Medium
C002105,Customer 2105,2014-09-12,customer2105@example.co.uk,London,59261,Medium
C002106,Customer 2106,1988-12-03,customer2106@example.co.uk,Wales,73664,Low
C002107,Customer 2107,1987-10-21,customer2107@example.co.uk,Midlands,64406,Low
C002108,Customer 2108,1996-03-31,customer2108@example.co.uk,North West,84895,Low
C002109,Customer 2109,1986-02-18,customer2109@example.co.uk,Scotland,22760,Low
C002110,Customer 2110,2016-12-24,customer2110@example.co.uk,Scotland,81388,Low
C002111,Customer 2111,1986-05-08,customer2111@example.co.uk,Wales,38950,Low
C002112,Customer 2112,1986-08-28,customer2112@example.co.uk,Scotland,59087,Low
C002113,Customer 2113,2011-03-08,customer2113@example.co.uk,Midlands,31269,Low
C002114,Customer 2114,1992-02-25,customer2114@example.co.uk,South East,34130,Low
C002115,Customer 2115,1993-07-04,customer2115@example.co.uk,South East,74286,Low
C002116,Customer 2116,1996-12-12,customer2116@example.co.uk,Scotland,72921,Medium
C002117,Customer 2117,2006-03-09,customer2117@example.co.uk,Wales,42202,Low
C002118,Customer 2118,1998-01-28,customer2118@example.co.uk,Scotland,78670,Medium
C002119,Customer 2119,1988-06-23,customer2119@example.co.uk,Wales,39208,Low
C002120,Customer 2120,2006-02-16,customer2120@example.co.uk,Midlands,70163,Low
C002121,Customer 2121,2009-06-04,customer2121@example.co.uk,North West,72867,Low
C002122,Customer 2122,2003-02-13,customer2122@example.co.uk,Wales,77452,Low
C002123,Customer 2123,2003-08-22,customer2123@example.co.uk,Scotland,70265,Medium
C002124,Customer 2124,2007-03-12,customer2124@example.co.uk,South West,77838,Low
C002125,Customer 2125,2013-03-20,customer2125@example.co.uk,Scotland,82755,Medium
C002126,Customer 2126,2007-10-26,customer2126@example.co.uk,Scotland,42325,High
C002127,Customer 2127,2005-03-03,customer2127@example.co.uk,Midlands,90770,Low
C002128,Customer 2128,2005-08-04,customer2128@example.co.uk,South West,32378,High
C002129,Customer 2129,2014-11-11,customer2129@example.co.uk,South West,41478,High
C002130,Customer 2130,1997-06-03,customer2130@example.co.uk,North West,54591,Low
C002131,Customer 2131,1986-03-10,customer2131@example.co.uk,North West,28255,Medium
C002132,Customer 2132,2002-09-10,customer2132@example.co.uk,London,36107,Low
C002133,Customer 2133,2009-08-31,customer2133@example.co.uk,Wales,82903,Medium
C002134,Customer 2134,2010-06-07,customer2134@example.co.uk,London,55211,Low
C002135,Customer 2135,2013-11-04,customer2135@example.co.uk,Midlands,87987,Low
C002136,Customer 2136,2001-10-17,customer2136@example.co.uk,London,45534,Medium
C002137,Customer 2137,2015-10-06,customer2137@example.co.uk,South West,32917,Low
C002138,Customer 2138,2004-07-29,customer2138@example.co.uk,Wales,63149,Medium
C002139,Customer 2139,1996-01-21,customer2139@example.co.uk,South West,80975,Medium
C002140,Customer 2140,1987-09-04,customer2140@example.co.uk,Scotland,46535,Low
C002141,Customer 2141,1988-12-08,customer2141@example.co.uk,Midlands,55989,High
C002142,Customer 2142,2001-11-18,customer2142@example.co.uk,London,92041,Low
C002143,Customer 2143,2005-07-27,customer2143@example.co.uk,Midlands,23743,Low
C002144,Customer 2144,2011-03-02,customer2144@example.co.uk,Scotland,75096,Medium
C002145,Customer 2145,2011-10-31,customer2145@example.co.uk,South West,85795,Low
C002146,Customer 2146,1988-02-05,customer2146@example.co.uk,South East,73773,Medium
C002147,Customer 2147,1989-03-09,customer2147@example.co.uk,Wales,39709,Low
C002148,Customer 2148,1992-08-10,customer2148@example.co.uk,Wales,24082,Medium
C002149,Customer 2149,2013-04-06,customer2149@example.co.uk,South East,25514,Low
C002150,Customer 2150,2012-04-01,customer2150@example.co.uk,Wales,53690,Low
C002151,Customer 2151,1997-08-31,customer2151@example.co.uk,Wales,92593,Low
C002152,Customer 2152,2003-02-03,customer2152@example.co.uk,London,82742,Low
C002153,Customer 2153,1991-01-02,customer2153@example.co.uk,Scotland,37264,Low
C002154,Customer 2154,2005-04-25,customer2154@example.co.uk,London,80361,High
C002155,Customer 2155,1993-03-13,customer2155@example.co.uk,South West,80918,Medium
C002156,Customer 2156,1984-07-09,customer2156@example.co.uk,London,73345,Low
C002157,Customer 2157,2006-05-27,customer2157@example.co.uk,Scotland,78595,High
C002158,Customer 2158,1985-10-29,customer2158@example.co.uk,Midlands,94653,High
C002159,Customer 2159,2010-09-05,customer2159@example.co.uk,Scotland,74386,Low
C002160,Customer 2160,1986-11-21,customer2160@example.co.uk,North West,85950,Low
C002161,Customer 2161,1998-05-02,customer2161@example.co.uk,North West,24492,Low
C002162,Customer 2162,2013-03-31,customer2162@example.co.uk,Midlands,30324,Low
C002163,Customer 2163,2012-02-06,customer2163@example.co.uk,Scotland,84041,Low
C002164,Customer 2164,2003-09-26,customer2164@example.co.uk,London,67451,Low
C002165,Customer 2165,1992-10-15,customer2165@example.co.uk,Midlands,43146,Low
C002166,Customer 2166,2006-12-09,customer2166@example.co.uk,South East,67068,Low
C002167,Customer 2167,2016-03-31,customer2167@example.co.uk,Scotland,66453,High
C002168,Customer 2168,1997-04-29,customer2168@example.co.uk,Scotland,83402,Low
C002169,Customer 2169,2014-05-12,customer2169@example.co.uk,Scotland,73166,High
C002170,Customer 2170,1991-06-08,customer2170@example.co.uk,North West,69219,Medium
C002171,Customer 2171,1988-01-13,customer2171@example.co.uk,Scotland,49159,Low
C002172,Customer 2172,1993-02-11,customer2172@example.co.uk,South East,85293,Low
C002173,Customer 2173,2002-10-29,customer2173@example.co.uk,Midlands,86511,Low
C002174,Customer 2174,2009-02-22,customer2174@example.co.uk,London,61800,Low
C002175,Customer 2175,1995-11-13,customer2175@example.co.uk,South West,24376,Low
C002176,Customer 2176,2006-10-01,customer2176@example.co.uk,London,42788,Low
C002177,Customer 2177,1989-04-12,customer2177@example.co.uk,North West,30344,Low
C002178,Customer 2178,1994-03-21,customer2178@example.co.uk,Midlands,51712,Low
C002179,Customer 2179,2000-02-07,customer2179@example.co.uk,Wales,55793,High
C002180,Customer 2180,2009-02-25,customer2180@example.co.uk,South West,28117,Medium
C002181,Customer 2181,2007-04-15,customer2181@example.co.uk,North West,41815,Medium
C002182,Customer 2182,2003-10-22,customer2182@example.co.uk,Wales,35650,Medium
C002183,Customer 2183,1989-02-21,customer2183@example.co.uk,London,81917,High
C002184,Customer 2184,1986-01-18,customer2184@example.co.uk,North West,35352,Medium
C002185,Customer 2185,1989-06-18,customer2185@example.co.uk,Wales,35816,Low
C002186,Customer 2186,1991-03-18,customer2186@example.co.uk,Scotland,48920,High
C002187,Customer 2187,2006-11-10,customer2187@example.co.uk,Midlands,60289,Medium
C002188,Customer 2188,2000-06-25,customer2188@example.co.uk,South West,35014,Low
C002189,Customer 2189,1993-03-22,customer2189@example.co.uk,Midlands,40058,Low
C002190,Customer 2190,1984-06-17,customer2190@example.co.uk,South East,76493,Medium
C002191,Customer 2191,2006-10-27,customer2191@example.co.uk,South East,84084,Low
C002192,Customer 2192,2016-03-31,customer2192@example.co.uk,Wales,33171,Low
C002193,Customer 2193,2013-12-30,customer2193@example.co.uk,South East,76396,Low
C002194,Customer 2194,2007-12-04,customer2194@example.co.uk,Midlands,41871,Medium
C002195,Customer 2195,2003-05-27,customer2195@example.co.uk,Midlands,51908,Low
C002196,Customer 2196,2007-04-27,customer2196@example.co.uk,Wales,75648,High
C002197,Customer 2197,2004-01-08,customer2197@example.co.uk,South East,69418,High
C002198,Customer 2198,2007-05-17,customer2198@example.co.uk,London,23303,Medium
C002199,Customer 2199,2002-03-08,customer2199@example.co.uk,Wales,33112,Low
C002200,Customer 2200,2001-10-22,customer2200@example.co.uk,Wales,43538,Low
C002201,Customer 2201,2012-12-09,customer2201@example.co.uk,South East,26861,Medium
C002202,Customer 2202,2016-03-01,customer2202@example.co.uk,Wales,29577,High
C002203,Customer 2203,2002-12-22,customer2203@example.co.uk,Midlands,90128,High
C002204,Customer 2204,2016-07-13,customer2204@example.co.uk,Scotland,94562,High
C002205,Customer 2205,1984-07-09,customer2205@example.co.uk,Wales,63116,High
C002206,Customer 2206,2011-07-19,customer2206@example.co.uk,South East,58671,High
C002207,Customer 2207,1993-05-14,customer2207@example.co.uk,North West,74944,Low
C002208,Customer 2208,2013-04-08,customer2208@example.co.uk,Midlands,79952,Medium
C002209,Customer 2209,1987-12-12,customer2209@example.co.uk,London,47859,High
C002210,Customer 2210,2016-09-10,customer2210@example.co.uk,Scotland,92442,Low
C002211,Customer 2211,2008-06-04,customer2211@example.co.uk,South West,38515,Low
C002212,Customer 2212,2008-12-01,customer2212@example.co.uk,South West,50014,Low
C002213,Customer 2213,2012-09-06,customer2213@example.co.uk,South East,90332,Low
C002214,Customer 2214,2008-05-21,customer2214@example.co.uk,North West,25069,Low
C002215,Customer 2215,1997-10-19,customer2215@example.co.uk,Scotland,55907,Low
C002216,Customer 2216,1989-02-13,customer2216@example.co.uk,Scotland,77410,High
C002217,Customer 2217,1995-10-26,customer2217@example.co.uk,Scotland,29857,Medium
C002218,Customer 2218,1986-04-23,customer2218@example.co.uk,Wales,88518,Low
C002219,Customer 2219,2009-11-04,customer2219@example.co.uk,Scotland,38351,Low
C002220,Customer 2220,1994-10-04,customer2220@example.co.uk,Wales,22683,Low
C002221,Customer 2221,1994-08-28,customer2221@example.co.uk,South West,91899,Medium
C002222,Customer 2222,2016-03-26,customer2222@example.co.uk,North West,61216,Low
C002223,Customer 2223,2007-06-24,customer2223@example.co.uk,Scotland,40346,Medium
C002224,Customer 2224,2007-05-02,customer2224@example.co.uk,North West,54457,Low
C002225,Customer 2225,2000-05-16,customer2225@example.co.uk,Midlands,47238,Medium
C002226,Customer 2226,2003-04-06,customer2226@example.co.uk,Wales,34843,Low
C002227,Customer 2227,1986-12-15,customer2227@example.co.uk,Midlands,76008,Low
C002228,Customer 2228,2004-03-06,customer2228@example.co.uk,London,39047,Low
C002229,Customer 2229,2002-03-26,customer2229@example.co.uk,North West,70404,Medium
C002230,Customer 2230,1995-12-30,customer2230@example.co.uk,North West,90019,Medium
C002231,Customer 2231,2003-11-28,customer2231@example.co.uk,Scotland,87382,Medium
C002232,Customer 2232,2002-11-13,customer2232@example.co.uk,Wales,86165,Medium
C002233,Customer 2233,1989-11-13,customer2233@example.co.uk,Midlands,43344,Low
C002234,Customer 2234,2015-10-08,customer2234@example.co.uk,North West,81993,Low
C002235,Customer 2235,1993-09-14,customer2235@example.co.uk,Midlands,91355,Low
C002236,Customer 2236,1991-03-15,customer2236@example.co.uk,North West,84043,Low
C002237,Customer 2237,1989-06-29,customer2237@example.co.uk,North West,70409,High
C002238,Customer 2238,2000-09-29,customer2238@example.co.uk,North West,75558,Low
C002239,Customer 2239,1991-01-16,customer2239@example.co.uk,London,59957,Low
C002240,Customer 2240,2000-12-18,customer2240@example.co.uk,South West,70688,Low
C002241,Customer 2241,1990-07-29,customer2241@example.co.uk,South East,60532,Low
C002242,Customer 2242,1997-11-08,customer2242@example.co.uk,South West,77280,Low
C002243,Customer 2243,2006-02-03,customer2243@example.co.uk,London,50256,Low
C002244,Customer 2244,1987-03-13,customer2244@example.co.uk,Wales,38033,Low
C002245,Customer 2245,2009-11-15,customer2245@example.co.uk,South West,27856,Low
C002246,Customer 2246,2001-02-02,customer2246@example.co.uk,Midlands,81293,High
C002247,Customer 2247,2006-10-23,customer2247@example.co.uk,Scotland,39407,Medium
C002248,Customer 2248,2014-02-04,customer2248@example.co.uk,Midlands,82415,Medium
C002249,Customer 2249,1998-10-03,customer2249@example.co.uk,London,41527,Medium
C002250,Customer 2250,2001-11-26,customer2250@example.co.uk,South West,75690,Low
C002251,Customer 2251,2014-03-29,customer2251@example.co.uk,Midlands,92909,Low
C002252,Customer 2252,1991-08-06,customer2252@example.co.uk,Scotland,58356,Medium
C002253,Customer 2253,2015-11-25,customer2253@example.co.uk,South West,25251,Medium
C002254,Customer 2254,1987-12-27,customer2254@example.co.uk,South East,38224,Medium
C002255,Customer 2255,1986-07-16,customer2255@example.co.uk,North West,93019,Medium
C002256,Customer 2256,2005-07-06,customer2256@example.co.uk,North West,90387,Low
C002257,Customer 2257,2008-01-09,customer2257@example.co.uk,South East,24446,Low
C002258,Customer 2258,1993-05-25,customer2258@example.co.uk,South East,24486,Low
C002259,Customer 2259,2008-02-06,customer2259@example.co.uk,North West,80226,Low
C002260,Customer 2260,1986-03-09,customer2260@example.co.uk,Midlands,63999,Low
C002261,Customer 2261,1992-04-06,customer2261@example.co.uk,Midlands,25049,Low
C002262,Customer 2262,1998-05-27,customer2262@example.co.uk,Midlands,25153,Medium
C002263,Customer 2263,1988-08-15,customer2263@example.co.uk,North West,55708,Low
C002264,Customer 2264,1992-05-11,customer2264@example.co.uk,South West,44040,Low
C002265,Customer 2265,2002-06-08,customer2265@example.co.uk,Scotland,33747,Low
C002266,Customer 2266,1998-10-04,customer2266@example.co.uk,South East,44176,Low
C002267,Customer 2267,1997-07-14,customer2267@example.co.uk,Midlands,25561,Medium
C002268,Customer 2268,2002-09-07,customer2268@example.co.uk,South West,34942,Low
C002269,Customer 2269,1989-08-04,customer2269@example.co.uk,London,55807,Low
C002270,Customer 2270,2010-12-12,customer2270@example.co.uk,North West,48549,Low
C002271,Customer 2271,2006-10-17,customer2271@example.co.uk,Midlands,52997,Low
C002272,Customer 2272,1998-06-12,customer2272@example.co.uk,Midlands,37083,Low
C002273,Customer 2273,2005-11-19,customer2273@example.co.uk,London,94498,Low
C002274,Customer 2274,1985-01-01,customer2274@example.co.uk,South West,75411,Medium
C002275,Customer 2275,2014-06-13,customer2275@example.co.uk,London,94623,High
C002276,Customer 2276,2013-05-24,customer2276@example.co.uk,Wales,54285,Medium
C002277,Customer 2277,2002-05-31,customer2277@example.co.uk,Midlands,38458,Low
C002278,Customer 2278,2006-08-13,customer2278@example.co.uk,South East,32998,Medium
C002279,Customer 2279,1991-09-17,customer2279@example.co.uk,Wales,40660,Low
C002280,Customer 2280,2003-03-05,customer2280@example.co.uk,North West,54133,Low
C002281,Customer 2281,2005-01-03,customer2281@example.co.uk,Wales,81210,Low
C002282,Customer 2282,1991-09-04,customer2282@example.co.uk,London,59912,Medium
C002283,Customer 2283,2005-10-18,customer2283@example.co.uk,South West,29887,High
C002284,Customer 2284,2001-03-21,customer2284@example.co.uk,South West,54884,Medium
C002285,Customer 2285,2007-01-22,customer2285@example.co.uk,South West,49886,Medium
C002286,Customer 2286,2008-02-15,customer2286@example.co.uk,North West,27961,Low
C002287,Customer 2287,2001-11-24,customer2287@example.co.uk,Scotland,31166,Low
C002288,Customer 2288,2016-09-09,customer2288@example.co.uk,North West,38118,Medium
C002289,Customer 2289,1993-08-16,customer2289@example.co.uk,North West,58629,High
C002290,Customer 2290,1998-06-12,customer2290@example.co.uk,Scotland,88167,High
C002291,Customer 2291,2015-11-30,customer2291@example.co.uk,Midlands,66909,Medium
C002292,Customer 2292,1998-08-05,customer2292@example.co.uk,South West,57784,Low
C002293,Customer 2293,2011-01-22,customer2293@example.co.uk,South West,49606,Low
C002294,Customer 2294,1990-03-01,customer2294@example.co.uk,Scotland,24080,High
C002295,Customer 2295,1984-05-11,customer2295@example.co.uk,London,22268,Medium
C002296,Customer 2296,2015-05-30,customer2296@example.co.uk,Scotland,44745,Low
C002297,Customer 2297,2008-04-21,customer2297@example.co.uk,London,86091,Medium
C002298,Customer 2298,2014-04-17,customer2298@example.co.uk,Midlands,32161,Low
C002299,Customer 2299,2001-01-18,customer2299@example.co.uk,Wales,38176,Low
C002300,Customer 2300,2015-06-08,customer2300@example.co.uk,London,68919,Low
C002301,Customer 2301,1992-10-27,customer2301@example.co.uk,Midlands,38353,Low
C002302,Customer 2302,1985-01-20,customer2302@example.co.uk,Wales,23227,Low
C002303,Customer 2303,2015-12-24,customer2303@example.co.uk,South West,58848,Medium
C002304,Customer 2304,2011-09-07,customer2304@example.co.uk,Scotland,47101,Low
C002305,Customer 2305,1994-02-01,customer2305@example.co.uk,South East,61738,Medium
C002306,Customer 2306,1985-10-25,customer2306@example.co.uk,South West,86724,High
C002307,Customer 2307,2015-11-17,customer2307@example.co.uk,North West,86597,High
C002308,Customer 2308,2012-10-21,customer2308@example.co.uk,Midlands,49405,Low
C002309,Customer 2309,2009-09-11,customer2309@example.co.uk,North West,36541,Medium
C002310,Customer 2310,1992-11-09,customer2310@example.co.uk,Scotland,86751,Low
C002311,Customer 2311,1989-12-02,customer2311@example.co.uk,Scotland,45006,Low
C002312,Customer 2312,2009-09-24,customer2312@example.co.uk,Wales,30526,Low
C002313,Customer 2313,2016-11-11,customer2313@example.co.uk,Wales,51879,High
C002314,Customer 2314,2014-07-31,customer2314@example.co.uk,London,57956,Low
C002315,Customer 2315,2014-09-13,customer2315@example.co.uk,North West,91853,Medium
C002316,Customer 2316,2003-04-29,customer2316@example.co.uk,Scotland,81497,Low
C002317,Customer 2317,1998-08-28,customer2317@example.co.uk,Midlands,28797,Medium
C002318,Customer 2318,2014-09-04,customer2318@example.co.uk,North West,75330,Low
C002319,Customer 2319,2007-05-15,customer2319@example.co.uk,Wales,83156,Low
C002320,Customer 2320,1994-03-28,customer2320@example.co.uk,London,27697,High
C002321,Customer 2321,2008-01-19,customer2321@example.co.uk,Midlands,58429,High
C002322,Customer 2322,1992-11-23,customer2322@example.co.uk,South West,63450,Low
C002323,Customer 2323,1985-04-21,customer2323@example.co.uk,Scotland,32722,High
C002324,Customer 2324,2003-03-06,customer2324@example.co.uk,London,51573,High
C002325,Customer 2325,1998-12-08,customer2325@example.co.uk,South West,54765,Low
C002326,Customer 2326,1988-07-03,customer2326@example.co.uk,London,30237,Medium
C002327,Customer 2327,1985-03-30,customer2327@example.co.uk,North West,84910,Low
C002328,Customer 2328,1995-04-03,customer2328@example.co.uk,London,65817,Medium
C002329,Customer 2329,1999-06-15,customer2329@example.co.uk,Wales,84072,Low
C002330,Customer 2330,2007-06-24,customer2330@example.co.uk,Wales,29134,Medium
C002331,Customer 2331,2011-01-29,customer2331@example.co.uk,North West,53030,High
C002332,Customer 2332,2012-03-20,customer2332@example.co.uk,Midlands,79478,Medium
C002333,Customer 2333,1986-11-21,customer2333@example.co.uk,London,38361,Low
C002334,Customer 2334,2015-04-09,customer2334@example.co.uk,London,71465,Low
C002335,Customer 2335,2003-12-28,customer2335@example.co.uk,London,38716,Low
C002336,Customer 2336,2003-07-16,customer2336@example.co.uk,London,61514,Medium
C002337,Customer 2337,2009-04-02,customer2337@example.co.uk,London,35346,Medium
C002338,Customer 2338,2002-03-09,customer2338@example.co.uk,London,60655,Medium
C002339,Customer 2339,2011-01-23,customer2339@example.co.uk,Wales,75884,Low
C002340,Customer 2340,2004-12-27,customer2340@example.co.uk,Wales,23390,Low
C002341,Customer 2341,2011-12-11,customer2341@example.co.uk,London,78112,High
C002342,Customer 2342,2014-06-24,customer2342@example.co.uk,Wales,66514,Medium
C002343,Customer 2343,1998-11-21,customer2343@example.co.uk,North West,25404,Low
C002344,Customer 2344,1984-09-19,customer2344@example.co.uk,North West,47228,Low
C002345,Customer 2345,1992-11-07,customer2345@example.co.uk,North West,30853,Medium
C002346,Customer 2346,1995-08-30,customer2346@example.co.uk,South West,38512,Medium
C002347,Customer 2347,2012-01-07,customer2347@example.co.uk,Midlands,77182,Low
C002348,Customer 2348,1986-02-22,customer2348@example.co.uk,London,46369,Low
C002349,Customer 2349,2003-09-19,customer2349@example.co.uk,North West,38735,Low
C002350,Customer 2350,2008-06-10,customer2350@example.co.uk,Wales,68890,Low
C002351,Customer 2351,1998-01-05,customer2351@example.co.uk,North West,41087,Low
C002352,Customer 2352,1984-07-12,customer2352@example.co.uk,North West,66944,Low
C002353,Customer 2353,2006-11-30,customer2353@example.co.uk,Wales,40953,Low
C002354,Customer 2354,1992-12-06,customer2354@example.co.uk,South East,29157,Low
C002355,Customer 2355,1999-06-27,customer2355@example.co.uk,South East,48379,Medium
C002356,Customer 2356,2005-02-17,customer2356@example.co.uk,North West,84354,Medium
C002357,Customer 2357,2009-07-23,customer2357@example.co.uk,South West,65403,Medium
C002358,Customer 2358,1991-06-12,customer2358@example.co.uk,London,61273,Low
C002359,Customer 2359,1986-01-22,customer2359@example.co.uk,Midlands,81546,High
C002360,Customer 2360,2012-10-26,customer2360@example.co.uk,South East,50757,High
C002361,Customer 2361,1993-09-23,customer2361@example.co.uk,South East,52182,Low
C002362,Customer 2362,1999-01-14,customer2362@example.co.uk,Wales,85012,Medium
C002363,Customer 2363,1992-06-06,customer2363@example.co.uk,Wales,71271,Low
C002364,Customer 2364,1987-06-23,customer2364@example.co.uk,South West,22881,Low
C002365,Customer 2365,1990-07-22,customer2365@example.co.uk,South West,25934,Medium
C002366,Customer 2366,2010-06-09,customer2366@example.co.uk,Wales,79725,Low
C002367,Customer 2367,1985-07-01,customer2367@example.co.uk,South East,69174,Low
C002368,Customer 2368,1993-12-27,customer2368@example.co.uk,South West,47929,Low
C002369,Customer 2369,2009-01-15,customer2369@example.co.uk,South East,44843,Low
C002370,Customer 2370,1992-01-24,customer2370@example.co.uk,Wales,45401,Low
C002371,Customer 2371,1985-02-08,customer2371@example.co.uk,Wales,56313,High
C002372,Customer 2372,1989-02-22,customer2372@example.co.uk,South West,39988,Low
C002373,Customer 2373,1994-12-09,customer2373@example.co.uk,South West,49556,Low
C002374,Customer 2374,2007-10-21,customer2374@example.co.uk,Wales,70804,Medium
C002375,Customer 2375,1987-02-06,customer2375@example.co.uk,London,78848,High
C002376,Customer 2376,1990-01-12,customer2376@example.co.uk,Wales,40931,High
C002377,Customer 2377,2001-02-17,customer2377@example.co.uk,Scotland,46856,Low
C002378,Customer 2378,2003-06-08,customer2378@example.co.uk,Scotland,71054,Low
C002379,Customer 2379,2011-10-20,customer2379@example.co.uk,North West,54053,High
C002380,Customer 2380,1997-05-12,customer2380@example.co.uk,Wales,46785,Medium
C002381,Customer 2381,1986-07-22,customer2381@example.co.uk,Scotland,41472,Low
C002382,Customer 2382,2006-12-19,customer2382@example.co.uk,North West,58709,High
C002383,Customer 2383,1987-10-26,customer2383@example.co.uk,Wales,86092,Low
C002384,Customer 2384,2011-10-01,customer2384@example.co.uk,London,83691,Medium
C002385,Customer 2385,2013-02-06,customer2385@example.co.uk,Wales,43945,Low
C002386,Customer 2386,2007-06-11,customer2386@example.co.uk,Midlands,88736,Low
C002387,Customer 2387,2000-12-08,customer2387@example.co.uk,North West,45461,Low
C002388,Customer 2388,2006-05-12,customer2388@example.co.uk,Midlands,85346,Medium
C002389,Customer 2389,2012-10-15,customer2389@example.co.uk,Wales,57171,Medium
C002390,Customer 2390,1993-04-09,customer2390@example.co.uk,Midlands,26797,Low
C002391,Customer 2391,1997-11-22,customer2391@example.co.uk,Midlands,52721,Low
C002392,Customer 2392,2000-12-12,customer2392@example.co.uk,South West,71425,Medium
C002393,Customer 2393,1987-12-08,customer2393@example.co.uk,South West,94161,Low
C002394,Customer 2394,1994-06-29,customer2394@example.co.uk,North West,80262,Low
C002395,Customer 2395,2012-01-11,customer2395@example.co.uk,South West,27392,Low
C002396,Customer 2396,2003-07-27,customer2396@example.co.uk,Midlands,77850,Low
C002397,Customer 2397,1998-05-22,customer2397@example.co.uk,South West,70170,Medium
C002398,Customer 2398,2003-12-24,customer2398@example.co.uk,South East,72118,Low
C002399,Customer 2399,2000-04-10,customer2399@example.co.uk,London,56815,Medium
C002400,Customer 2400,2007-03-03,customer2400@example.co.uk,North West,60603,Medium
C002401,Customer 2401,1994-05-20,customer2401@example.co.uk,London,32244,Medium
C002402,Customer 2402,1985-11-19,customer2402@example.co.uk,North West,37543,Low
C002403,Customer 2403,2014-06-13,customer2403@example.co.uk,South West,48254,Low
C002404,Customer 2404,2014-10-30,customer2404@example.co.uk,Wales,54771,Low
C002405,Customer 2405,2011-04-06,customer2405@example.co.uk,South East,57974,Low
C002406,Customer 2406,1984-07-19,customer2406@example.co.uk,Wales,93188,High
C002407,Customer 2407,1999-09-19,customer2407@example.co.uk,Wales,61252,Low
C002408,Customer 2408,2010-03-07,customer2408@example.co.uk,Wales,74928,High
C002409,Customer 2409,2007-03-01,customer2409@example.co.uk,Wales,23558,Low
C002410,Customer 2410,1994-05-17,customer2410@example.co.uk,South East,41566,Medium
C002411,Customer 2411,2007-04-22,customer2411@example.co.uk,North West,49508,Low
C002412,Customer 2412,2016-07-29,customer2412@example.co.uk,Wales,94432,Medium
C002413,Customer 2413,1988-01-07,customer2413@example.co.uk,South West,82476,Low
C002414,Customer 2414,2015-06-23,customer2414@example.co.uk,Midlands,46621,Low
C002415,Customer 2415,2009-03-20,customer2415@example.co.uk,London,49470,Low
C002416,Customer 2416,1989-12-03,customer2416@example.co.uk,South West,71112,Low
C002417,Customer 2417,2013-09-20,customer2417@example.co.uk,Wales,23268,Low
C002418,Customer 2418,2002-12-20,customer2418@example.co.uk,Midlands,68486,Low
C002419,Customer 2419,2015-02-21,customer2419@example.co.uk,North West,74870,Medium
C002420,Customer 2420,1985-03-17,customer2420@example.co.uk,North West,61274,Low
C002421,Customer 2421,1991-01-23,customer2421@example.co.uk,South West,26221,High
C002422,Customer 2422,1993-04-29,customer2422@example.co.uk,Midlands,73234,High
C002423,Customer 2423,1992-08-12,customer2423@example.co.uk,Midlands,30350,Low
C002424,Customer 2424,2004-06-02,customer2424@example.co.uk,Scotland,36239,Low
C002425,Customer 2425,1988-11-05,customer2425@example.co.uk,Scotland,61930,Low
C002426,Customer 2426,2015-01-27,customer2426@example.co.uk,North West,94470,Low
C002427,Customer 2427,1993-02-03,customer2427@example.co.uk,London,86043,Low
C002428,Customer 2428,1994-08-15,customer2428@example.co.uk,South West,72579,Low
C002429,Customer 2429,1986-09-29,customer2429@example.co.uk,South West,90733,Low
C002430,Customer 2430,1998-10-28,customer2430@example.co.uk,Wales,89964,Low
C002431,Customer 2431,1989-02-18,customer2431@example.co.uk,South East,75852,Low
C002432,Customer 2432,1987-04-02,customer2432@example.co.uk,Midlands,92313,Low
C002433,Customer 2433,1993-05-23,customer2433@example.co.uk,South West,49063,Low
C002434,Customer 2434,2013-12-26,customer2434@example.co.uk,Midlands,78649,Medium
C002435,Customer 2435,1998-02-01,customer2435@example.co.uk,North West,42811,Medium
C002436,Customer 2436,2014-11-20,customer2436@example.co.uk,Midlands,48604,Low
C002437,Customer 2437,1990-07-26,customer2437@example.co.uk,Midlands,58102,Low
C002438,Customer 2438,2011-04-19,customer2438@example.co.uk,Wales,30384,Medium
C002439,Customer 2439,2009-09-13,customer2439@example.co.uk,Midlands,54353,Low
C002440,Customer 2440,1985-12-02,customer2440@example.co.uk,Scotland,82319,Low
C002441,Customer 2441,2004-08-20,customer2441@example.co.uk,South West,33941,Low
C002442,Customer 2442,1992-01-09,customer2442@example.co.uk,Midlands,60987,Low
C002443,Customer 2443,2011-11-16,customer2443@example.co.uk,Scotland,54654,Low
C002444,Customer 2444,2013-09-24,customer2444@example.co.uk,South East,78633,Low
C002445,Customer 2445,1986-02-15,customer2445@example.co.uk,South East,34521,Low
C002446,Customer 2446,2012-05-04,customer2446@example.co.uk,North West,42700,Low
C002447,Customer 2447,1987-02-28,customer2447@example.co.uk,Scotland,60258,Medium
C002448,Customer 2448,2002-08-13,customer2448@example.co.uk,Wales,50476,High
C002449,Customer 2449,2000-09-15,customer2449@example.co.uk,London,94459,Low
C002450,Customer 2450,1998-10-16,customer2450@example.co.uk,Midlands,35791,Low
C002451,Customer 2451,1993-06-20,customer2451@example.co.uk,North West,81105,Low
C002452,Customer 2452,1987-06-14,customer2452@example.co.uk,Scotland,27850,Low
C002453,Customer 2453,2002-01-29,customer2453@example.co.uk,Wales,82542,Low
C002454,Customer 2454,1984-08-24,customer2454@example.co.uk,South West,47480,Low
C002455,Customer 2455,1990-04-16,customer2455@example.co.uk,South West,37031,Medium
C002456,Customer 2456,1987-03-24,customer2456@example.co.uk,London,82849,Low
C002457,Customer 2457,2016-03-05,customer2457@example.co.uk,Midlands,93883,Medium
C002458,Customer 2458,1996-09-08,customer2458@example.co.uk,Wales,40383,Low
C002459,Customer 2459,1984-12-22,customer2459@example.co.uk,North West,43150,Low
C002460,Customer 2460,1989-09-26,customer2460@example.co.uk,North West,35174,Low
C002461,Customer 2461,2014-04-14,customer2461@example.co.uk,Wales,73229,Low
C002462,Customer 2462,1991-01-19,customer2462@example.co.uk,Midlands,23469,Medium
C002463,Customer 2463,2016-03-18,customer2463@example.co.uk,London,68935,Low
C002464,Customer 2464,2015-06-03,customer2464@example.co.uk,London,91769,Low
C002465,Customer 2465,2016-04-20,customer2465@example.co.uk,Scotland,90534,Medium
C002466,Customer 2466,1997-12-30,customer2466@example.co.uk,Midlands,35473,Low
C002467,Customer 2467,1986-05-08,customer2467@example.co.uk,Wales,28870,Medium
C002468,Customer 2468,1995-05-15,customer2468@example.co.uk,South West,71465,Medium
C002469,Customer 2469,1984-11-19,customer2469@example.co.uk,Midlands,53265,Low
C002470,Customer 2470,1999-04-16,customer2470@example.co.uk,Wales,25662,High
C002471,Customer 2471,1987-01-01,customer2471@example.co.uk,South East,47185,Medium
C002472,Customer 2472,2013-12-15,customer2472@example.co.uk,South East,34661,Medium
C002473,Customer 2473,2007-02-26,customer2473@example.co.uk,London,43895,Low
C002474,Customer 2474,2012-04-13,customer2474@example.co.uk,South East,64879,Low
C002475,Customer 2475,2001-11-20,customer2475@example.co.uk,Midlands,49147,High
C002476,Customer 2476,1988-11-30,customer2476@example.co.uk,South West,37834,Low
C002477,Customer 2477,2002-03-16,customer2477@example.co.uk,Scotland,64384,Low
C002478,Customer 2478,1993-09-16,customer2478@example.co.uk,Midlands,63450,Low
C002479,Customer 2479,1996-08-28,customer2479@example.co.uk,Scotland,50848,Low
C002480,Customer 2480,1993-12-20,customer2480@example.co.uk,Midlands,70362,Low
C002481,Customer 2481,2006-07-30,customer2481@example.co.uk,London,61522,Medium
C002482,Customer 2482,2009-09-12,customer2482@example.co.uk,South East,92278,Medium
C002483,Customer 2483,2011-01-28,customer2483@example.co.uk,South West,55022,High
C002484,Customer 2484,2015-04-14,customer2484@example.co.uk,South East,72930,Medium
C002485,Customer 2485,2015-01-05,customer2485@example.co.uk,South West,65522,Low
C002486,Customer 2486,1984-12-16,customer2486@example.co.uk,North West,85193,Low
C002487,Customer 2487,2012-11-25,customer2487@example.co.uk,Scotland,80839,Low
C002488,Customer 2488,2015-10-10,customer2488@example.co.uk,London,52464,Low
C002489,Customer 2489,1989-09-24,customer2489@example.co.uk,South West,52488,Low
C002490,Customer 2490,1995-02-03,customer2490@example.co.uk,North West,52984,Medium
C002491,Customer 2491,2000-12-19,customer2491@example.co.uk,Midlands,32405,Low
C002492,Customer 2492,2001-01-08,customer2492@example.co.uk,South East,60877,Low
C002493,Customer 2493,2016-09-13,customer2493@example.co.uk,North West,26968,Low
C002494,Customer 2494,1998-11-29,customer2494@example.co.uk,South East,80160,Medium
C002495,Customer 2495,1985-12-10,customer2495@example.co.uk,North West,58454,Low
C002496,Customer 2496,1997-02-08,customer2496@example.co.uk,Wales,76380,Medium
C002497,Customer 2497,1999-01-10,customer2497@example.co.uk,South West,25105,Low
C002498,Customer 2498,1986-08-04,customer2498@example.co.uk,Scotland,53752,Low
C002499,Customer 2499,2015-05-26,customer2499@example.co.uk,Scotland,54550,Medium
C002500,Customer 2500,2001-04-12,customer2500@example.co.uk,North West,51156,Medium
