ExceptionID,LoanID,Category,Priority,Status,CreatedDate,OwnerTeam,AgeDays
E0000001,L0000001,Missed Payment,Medium,Retest,2026-12-28,Collections,2
E0000002,L0000002,Missed Payment,Medium,Resolved,2026-09-29,Collections,4
E0000003,L0000002,Payment Mismatch,Low,In Progress,2026-12-25,Finance Ops,7
E0000004,L0000003,Missed Payment,Medium,Open,2025-10-22,Loan Ops,6
E0000005,L0000003,Payment Mismatch,High,Retest,2026-07-23,Finance Ops,7
E0000006,L0000003,KYC Failure,High,Manual Review,2025-09-21,Compliance,4
E0000007,L0000004,Payment Mismatch,High,Open,2026-03-30,Finance Ops,7
E0000008,L0000006,Payment Mismatch,Medium,Retest,2025-05-22,Collections,5
E0000009,L0000006,Payment Mismatch,High,Open,2025-06-19,Collections,7
E0000010,L0000006,Payment Mismatch,Low,Open,2025-08-30,Loan Ops,3
E0000011,L0000006,Payment Mismatch,Medium,Open,2026-02-14,Loan Ops,3
E0000012,L0000007,Missed Payment,Medium,In Progress,2026-06-09,Finance Ops,2
E0000013,L0000007,Payment Mismatch,High,Resolved,2026-11-05,Loan Ops,4
E0000014,L0000007,Missed Payment,Low,Retest,2027-01-03,Finance Ops,7
E0000015,L0000007,Missed Payment,Low,Open,2027-03-04,Loan Ops,3
E0000016,L0000007,Payment Mismatch,Low,Retest,2027-04-05,Loan Ops,6
E0000017,L0000008,Payment Mismatch,Medium,In Progress,2025-09-04,Loan Ops,6
E0000018,L0000009,Missed Payment,High,Resolved,2025-12-27,Finance Ops,7
E0000019,L0000009,Missed Payment,High,Open,2026-02-25,Finance Ops,7
E0000020,L0000009,Payment Mismatch,High,Open,2026-04-21,Loan Ops,4
E0000021,L0000009,Payment Mismatch,Medium,Open,2026-06-21,Loan Ops,6
E0000022,L0000009,KYC Failure,High,Open,2025-10-20,Compliance,3
E0000023,L0000010,Payment Mismatch,Medium,In Progress,2025-11-02,Finance Ops,1
E0000024,L0000010,Payment Mismatch,High,Open,2025-11-22,Loan Ops,6
E0000025,L0000010,KYC Failure,High,Open,2025-06-19,Compliance,1
E0000026,L0000011,Payment Mismatch,High,Retest,2027-07-20,Loan Ops,1
E0000027,L0000012,Payment Mismatch,Medium,In Progress,2027-01-14,Collections,6
E0000028,L0000012,Missed Payment,Low,Resolved,2027-03-15,Loan Ops,5
E0000029,L0000012,Payment Mismatch,Low,In Progress,2027-06-17,Loan Ops,1
E0000030,L0000014,Payment Mismatch,High,In Progress,2026-06-24,Collections,1
E0000031,L0000015,Missed Payment,Low,Retest,2025-09-12,Collections,5
E0000032,L0000015,KYC Failure,High,Manual Review,2025-05-09,Compliance,2
E0000033,L0000016,Payment Mismatch,Medium,Open,2025-11-02,Collections,4
E0000034,L0000017,Payment Mismatch,Low,Open,2025-05-25,Loan Ops,4
E0000035,L0000018,Missed Payment,Low,Open,2026-04-24,Collections,5
E0000036,L0000019,Payment Mismatch,Medium,Open,2025-10-16,Collections,6
E0000037,L0000019,KYC Failure,High,Resolved,2025-07-12,Compliance,4
E0000038,L0000020,Payment Mismatch,Medium,Retest,2026-03-28,Collections,3
E0000039,L0000020,Payment Mismatch,Medium,In Progress,2026-09-23,Collections,6
E0000040,L0000022,Missed Payment,Medium,Resolved,2025-03-26,Collections,1
E0000041,L0000023,Missed Payment,High,Resolved,2026-02-21,Collections,6
E0000042,L0000023,Payment Mismatch,Low,In Progress,2026-03-23,Finance Ops,2
E0000043,L0000023,Payment Mismatch,Medium,Open,2026-07-22,Collections,1
E0000044,L0000023,Missed Payment,Medium,Open,2026-11-22,Loan Ops,1
E0000045,L0000023,Payment Mismatch,Medium,Retest,2026-12-27,Loan Ops,5
E0000046,L0000023,KYC Failure,High,Resolved,2026-01-18,Compliance,2
E0000047,L0000024,Missed Payment,Medium,Open,2025-12-16,Loan Ops,2
E0000048,L0000024,Payment Mismatch,High,Retest,2026-05-20,Loan Ops,3
E0000049,L0000024,Payment Mismatch,High,Resolved,2026-06-14,Finance Ops,6
E0000050,L0000026,Payment Mismatch,Low,In Progress,2025-12-27,Loan Ops,7
E0000051,L0000026,Missed Payment,High,In Progress,2026-05-26,Finance Ops,3
E0000052,L0000026,Missed Payment,Low,Open,2026-06-19,Finance Ops,7
E0000053,L0000027,Payment Mismatch,Medium,Retest,2026-07-02,Finance Ops,3
E0000054,L0000028,Payment Mismatch,Medium,Resolved,2025-08-24,Collections,7
E0000055,L0000029,Missed Payment,High,Retest,2026-09-14,Collections,5
E0000056,L0000030,Missed Payment,Medium,Open,2026-11-11,Loan Ops,1
E0000057,L0000030,KYC Failure,High,Resolved,2026-01-08,Compliance,2
E0000058,L0000032,Payment Mismatch,High,Retest,2025-05-17,Collections,3
E0000059,L0000032,Payment Mismatch,Low,Retest,2026-08-03,Finance Ops,1
E0000060,L0000033,Payment Mismatch,Low,In Progress,2026-09-01,Finance Ops,7
E0000061,L0000033,Missed Payment,Medium,Retest,2027-02-02,Finance Ops,3
E0000062,L0000033,Missed Payment,High,Retest,2027-04-11,Finance Ops,2
E0000063,L0000034,Payment Mismatch,Medium,In Progress,2026-03-20,Finance Ops,5
E0000064,L0000035,Payment Mismatch,Medium,In Progress,2026-11-16,Collections,3
E0000065,L0000036,Payment Mismatch,High,Resolved,2026-03-21,Collections,4
E0000066,L0000037,Missed Payment,Medium,Resolved,2026-03-02,Loan Ops,5
E0000067,L0000037,Payment Mismatch,Low,Resolved,2026-09-04,Finance Ops,2
E0000068,L0000037,Missed Payment,Medium,Resolved,2026-09-30,Finance Ops,7
E0000069,L0000037,Missed Payment,High,Retest,2026-12-29,Loan Ops,5
E0000070,L0000037,KYC Failure,High,Open,2025-07-02,Compliance,2
E0000071,L0000038,Payment Mismatch,High,Retest,2025-07-27,Loan Ops,4
E0000072,L0000040,Missed Payment,High,Resolved,2025-06-09,Collections,6
E0000073,L0000040,Payment Mismatch,High,Retest,2025-08-20,Finance Ops,1
E0000074,L0000040,Missed Payment,Medium,In Progress,2026-01-06,Loan Ops,4
E0000075,L0000040,Missed Payment,Medium,In Progress,2026-04-17,Loan Ops,4
E0000076,L0000042,Payment Mismatch,High,Retest,2025-08-24,Loan Ops,1
E0000077,L0000042,Payment Mismatch,Medium,Resolved,2025-10-18,Finance Ops,4
E0000078,L0000042,Missed Payment,High,In Progress,2026-01-17,Loan Ops,4
E0000079,L0000042,Payment Mismatch,Medium,In Progress,2026-02-16,Finance Ops,3
E0000080,L0000042,Payment Mismatch,Low,Open,2026-03-15,Finance Ops,3
E0000081,L0000044,Payment Mismatch,Medium,In Progress,2026-01-24,Finance Ops,5
E0000082,L0000044,Missed Payment,Low,Resolved,2026-04-29,Collections,1
E0000083,L0000045,Payment Mismatch,Medium,In Progress,2026-12-03,Collections,1
E0000084,L0000045,Payment Mismatch,Low,Open,2027-01-02,Finance Ops,4
E0000085,L0000046,Payment Mismatch,High,Resolved,2026-09-16,Finance Ops,1
E0000086,L0000046,Missed Payment,High,Resolved,2026-10-12,Collections,6
E0000087,L0000046,Missed Payment,Low,Retest,2027-01-11,Finance Ops,2
E0000088,L0000047,Payment Mismatch,Low,In Progress,2025-10-13,Loan Ops,1
E0000089,L0000047,Payment Mismatch,High,In Progress,2025-10-31,Collections,7
E0000090,L0000048,KYC Failure,High,Manual Review,2026-06-03,Compliance,5
E0000091,L0000050,Payment Mismatch,Medium,Retest,2026-05-25,Collections,1
E0000092,L0000050,KYC Failure,High,Manual Review,2026-03-22,Compliance,3
E0000093,L0000051,Payment Mismatch,High,Open,2026-03-27,Loan Ops,3
E0000094,L0000052,Payment Mismatch,Medium,Resolved,2026-09-22,Collections,4
E0000095,L0000052,Payment Mismatch,High,In Progress,2027-07-24,Loan Ops,6
E0000096,L0000052,Payment Mismatch,Low,Open,2027-08-23,Finance Ops,4
E0000097,L0000052,KYC Failure,High,Manual Review,2026-05-18,Compliance,5
E0000098,L0000053,Missed Payment,Medium,Resolved,2025-09-04,Finance Ops,1
E0000099,L0000053,Missed Payment,High,Retest,2025-10-03,Loan Ops,2
E0000100,L0000053,Missed Payment,Low,In Progress,2025-11-03,Collections,4
E0000101,L0000054,Payment Mismatch,Low,In Progress,2026-07-16,Finance Ops,6
E0000102,L0000054,Payment Mismatch,High,Retest,2026-10-16,Collections,2
E0000103,L0000054,Payment Mismatch,Low,Resolved,2027-01-10,Finance Ops,5
E0000104,L0000056,Payment Mismatch,High,Retest,2026-05-03,Finance Ops,4
E0000105,L0000057,Payment Mismatch,Medium,In Progress,2025-04-08,Finance Ops,1
E0000106,L0000057,Missed Payment,Medium,Retest,2025-09-28,Collections,2
E0000107,L0000058,Missed Payment,Medium,Resolved,2026-07-30,Loan Ops,3
E0000108,L0000058,Payment Mismatch,High,Resolved,2027-04-03,Finance Ops,4
E0000109,L0000059,Missed Payment,Low,In Progress,2025-08-16,Loan Ops,6
E0000110,L0000060,Missed Payment,Medium,Open,2026-10-02,Loan Ops,4
E0000111,L0000062,Payment Mismatch,High,Resolved,2026-11-16,Finance Ops,4
E0000112,L0000062,Payment Mismatch,High,Resolved,2027-01-11,Loan Ops,1
E0000113,L0000062,KYC Failure,High,Resolved,2025-09-17,Compliance,3
E0000114,L0000063,Payment Mismatch,High,Resolved,2025-07-03,Collections,1
E0000115,L0000064,Missed Payment,Low,Resolved,2026-03-19,Loan Ops,2
E0000116,L0000064,Payment Mismatch,Low,Open,2026-04-20,Finance Ops,3
E0000117,L0000064,Payment Mismatch,Low,Retest,2027-01-11,Finance Ops,1
E0000118,L0000065,Payment Mismatch,Medium,Resolved,2026-06-02,Loan Ops,2
E0000119,L0000065,Missed Payment,Low,Resolved,2027-01-01,Loan Ops,4
E0000120,L0000066,Payment Mismatch,Medium,Resolved,2025-10-30,Loan Ops,4
E0000121,L0000067,Missed Payment,Medium,In Progress,2026-05-21,Collections,7
E0000122,L0000067,Payment Mismatch,High,Open,2026-09-17,Loan Ops,1
E0000123,L0000067,Payment Mismatch,High,Resolved,2027-02-20,Loan Ops,6
E0000124,L0000068,Payment Mismatch,Medium,Open,2025-08-02,Finance Ops,3
E0000125,L0000068,Payment Mismatch,Low,In Progress,2025-09-29,Collections,5
E0000126,L0000069,Payment Mismatch,Low,In Progress,2027-03-20,Collections,7
E0000127,L0000069,KYC Failure,High,Manual Review,2025-12-21,Compliance,2
E0000128,L0000070,Payment Mismatch,High,Retest,2026-05-28,Collections,7
E0000129,L0000071,Payment Mismatch,Low,Open,2025-08-07,Loan Ops,1
E0000130,L0000071,Missed Payment,Medium,Retest,2025-09-26,Loan Ops,7
E0000131,L0000071,Missed Payment,High,In Progress,2026-03-05,Finance Ops,5
E0000132,L0000072,Missed Payment,Medium,Resolved,2026-05-07,Collections,3
E0000133,L0000073,Payment Mismatch,High,Resolved,2025-10-07,Finance Ops,1
E0000134,L0000073,Missed Payment,Low,In Progress,2026-02-02,Finance Ops,4
E0000135,L0000073,Missed Payment,High,In Progress,2026-12-29,Loan Ops,1
E0000136,L0000074,Payment Mismatch,High,Resolved,2026-11-12,Collections,2
E0000137,L0000074,Missed Payment,Low,In Progress,2027-03-09,Finance Ops,4
E0000138,L0000075,KYC Failure,High,Resolved,2026-05-19,Compliance,1
E0000139,L0000076,Payment Mismatch,Low,Open,2026-04-05,Loan Ops,5
E0000140,L0000079,Payment Mismatch,High,Retest,2027-04-10,Loan Ops,4
E0000141,L0000082,Missed Payment,Low,In Progress,2025-02-19,Finance Ops,5
E0000142,L0000083,Missed Payment,Medium,In Progress,2025-06-26,Collections,5
E0000143,L0000084,Payment Mismatch,Medium,In Progress,2026-02-21,Finance Ops,5
E0000144,L0000084,Payment Mismatch,High,Resolved,2026-04-17,Finance Ops,6
E0000145,L0000086,Missed Payment,High,Open,2026-02-20,Finance Ops,2
E0000146,L0000086,KYC Failure,High,Manual Review,2025-01-20,Compliance,1
E0000147,L0000088,Payment Mismatch,Medium,Resolved,2026-07-22,Collections,6
E0000148,L0000089,Payment Mismatch,Low,Open,2025-10-13,Collections,4
E0000149,L0000089,Missed Payment,Low,In Progress,2026-02-11,Loan Ops,7
E0000150,L0000094,Payment Mismatch,Low,Retest,2026-10-14,Finance Ops,1
E0000151,L0000095,Payment Mismatch,Low,In Progress,2025-12-13,Loan Ops,7
E0000152,L0000095,KYC Failure,High,Open,2025-11-08,Compliance,2
E0000153,L0000096,Missed Payment,Low,Retest,2026-09-05,Loan Ops,3
E0000154,L0000097,Missed Payment,High,Open,2026-06-29,Collections,2
E0000155,L0000097,Payment Mismatch,High,In Progress,2026-07-26,Loan Ops,4
E0000156,L0000097,Missed Payment,Low,Resolved,2027-01-28,Loan Ops,5
E0000157,L0000098,Payment Mismatch,Low,Retest,2026-05-31,Collections,4
E0000158,L0000099,Missed Payment,High,Resolved,2025-11-17,Finance Ops,3
E0000159,L0000099,Payment Mismatch,Medium,Retest,2025-12-14,Finance Ops,6
E0000160,L0000099,Missed Payment,High,Open,2026-07-19,Loan Ops,6
E0000161,L0000099,Payment Mismatch,Low,Open,2026-11-11,Collections,4
E0000162,L0000099,KYC Failure,High,Resolved,2025-09-15,Compliance,1
E0000163,L0000101,Payment Mismatch,Low,In Progress,2026-03-11,Loan Ops,7
E0000164,L0000102,Payment Mismatch,Low,In Progress,2026-11-19,Loan Ops,2
E0000165,L0000103,Payment Mismatch,Medium,Open,2025-12-11,Loan Ops,2
E0000166,L0000103,Payment Mismatch,Medium,Open,2026-02-09,Finance Ops,2
E0000167,L0000105,Payment Mismatch,Medium,Resolved,2026-11-26,Finance Ops,3
E0000168,L0000105,Missed Payment,Medium,Resolved,2026-12-25,Finance Ops,3
E0000169,L0000105,KYC Failure,High,Resolved,2025-11-25,Compliance,1
E0000170,L0000106,Missed Payment,Low,Retest,2026-12-27,Finance Ops,7
E0000171,L0000106,Payment Mismatch,High,Open,2027-03-26,Finance Ops,6
E0000172,L0000109,Payment Mismatch,High,Resolved,2025-08-06,Finance Ops,2
E0000173,L0000109,Payment Mismatch,Medium,Open,2025-12-04,Loan Ops,7
E0000174,L0000109,KYC Failure,High,Resolved,2025-02-04,Compliance,5
E0000175,L0000110,Payment Mismatch,High,Resolved,2025-09-06,Finance Ops,2
E0000176,L0000111,Missed Payment,Low,Resolved,2025-06-07,Finance Ops,6
E0000177,L0000112,Missed Payment,Low,In Progress,2025-07-31,Collections,1
E0000178,L0000113,Payment Mismatch,Low,Open,2026-03-09,Collections,4
E0000179,L0000113,Payment Mismatch,Medium,Resolved,2026-03-30,Loan Ops,6
E0000180,L0000115,Missed Payment,Medium,In Progress,2026-07-16,Collections,3
E0000181,L0000115,Payment Mismatch,Medium,Open,2026-08-23,Loan Ops,7
E0000182,L0000115,Missed Payment,High,Open,2026-12-09,Finance Ops,4
E0000183,L0000115,Payment Mismatch,Medium,Open,2027-03-10,Loan Ops,2
E0000184,L0000116,Missed Payment,Low,Retest,2025-11-08,Finance Ops,3
E0000185,L0000116,Missed Payment,Medium,Resolved,2025-12-04,Collections,5
E0000186,L0000117,Payment Mismatch,Medium,In Progress,2025-09-05,Loan Ops,4
E0000187,L0000118,Payment Mismatch,Medium,Open,2026-10-01,Collections,7
E0000188,L0000119,KYC Failure,High,Manual Review,2025-06-24,Compliance,3
E0000189,L0000120,Missed Payment,High,Resolved,2025-11-15,Loan Ops,6
E0000190,L0000120,Payment Mismatch,Medium,Open,2025-12-22,Collections,6
E0000191,L0000121,Payment Mismatch,Medium,Open,2025-03-08,Collections,4
E0000192,L0000121,Payment Mismatch,High,In Progress,2025-04-12,Loan Ops,7
E0000193,L0000122,Payment Mismatch,High,Resolved,2026-01-16,Finance Ops,1
E0000194,L0000124,Payment Mismatch,Medium,Resolved,2025-08-17,Finance Ops,6
E0000195,L0000124,Payment Mismatch,Low,In Progress,2025-10-26,Finance Ops,7
E0000196,L0000125,Missed Payment,Medium,Resolved,2026-01-04,Loan Ops,1
E0000197,L0000125,Payment Mismatch,Medium,Resolved,2026-04-05,Loan Ops,6
E0000198,L0000125,Missed Payment,High,Resolved,2026-07-07,Finance Ops,5
E0000199,L0000126,KYC Failure,High,Resolved,2025-03-09,Compliance,1
E0000200,L0000127,Payment Mismatch,Low,In Progress,2025-06-07,Loan Ops,3
E0000201,L0000128,Payment Mismatch,Low,In Progress,2026-06-08,Loan Ops,3
E0000202,L0000128,Missed Payment,Low,Retest,2026-07-10,Collections,1
E0000203,L0000129,KYC Failure,High,Open,2026-02-10,Compliance,3
E0000204,L0000130,Payment Mismatch,High,In Progress,2025-05-25,Collections,2
E0000205,L0000131,Payment Mismatch,Medium,Resolved,2025-12-15,Loan Ops,1
E0000206,L0000131,Payment Mismatch,High,Resolved,2026-06-02,Finance Ops,6
E0000207,L0000131,Missed Payment,Low,Retest,2026-07-03,Collections,5
E0000208,L0000131,Payment Mismatch,High,Retest,2026-11-10,Finance Ops,2
E0000209,L0000131,Payment Mismatch,High,Open,2026-12-02,Finance Ops,1
E0000210,L0000132,Missed Payment,Medium,Resolved,2025-05-13,Finance Ops,3
E0000211,L0000133,Missed Payment,Low,Retest,2025-06-23,Collections,6
E0000212,L0000134,Missed Payment,Medium,Resolved,2026-07-11,Finance Ops,3
E0000213,L0000134,Payment Mismatch,Medium,In Progress,2026-11-14,Loan Ops,3
E0000214,L0000134,Missed Payment,Medium,Retest,2026-12-08,Collections,6
E0000215,L0000135,Missed Payment,Low,Retest,2026-01-24,Finance Ops,2
E0000216,L0000136,Missed Payment,Low,Open,2025-08-06,Loan Ops,1
E0000217,L0000136,Missed Payment,Medium,In Progress,2026-01-01,Loan Ops,2
E0000218,L0000137,Payment Mismatch,High,Open,2025-09-08,Loan Ops,2
E0000219,L0000137,Payment Mismatch,Low,Resolved,2026-05-29,Collections,1
E0000220,L0000138,Payment Mismatch,High,Resolved,2026-01-10,Collections,2
E0000221,L0000138,Payment Mismatch,Medium,In Progress,2026-03-11,Finance Ops,6
E0000222,L0000138,Payment Mismatch,Low,Open,2026-11-14,Collections,4
E0000223,L0000138,Payment Mismatch,High,Resolved,2026-12-03,Loan Ops,4
E0000224,L0000139,Missed Payment,Low,Resolved,2027-04-23,Loan Ops,1
E0000225,L0000139,Missed Payment,High,Open,2027-07-17,Loan Ops,1
E0000226,L0000141,Payment Mismatch,Medium,In Progress,2026-02-02,Finance Ops,1
E0000227,L0000142,Payment Mismatch,Medium,In Progress,2026-11-18,Collections,3
E0000228,L0000142,Missed Payment,Low,Resolved,2027-08-27,Finance Ops,2
E0000229,L0000144,Payment Mismatch,Low,In Progress,2026-09-01,Loan Ops,5
E0000230,L0000145,Missed Payment,Medium,Resolved,2026-07-11,Loan Ops,5
E0000231,L0000145,Payment Mismatch,Low,Resolved,2026-12-13,Finance Ops,7
E0000232,L0000146,Missed Payment,Medium,Resolved,2025-12-26,Finance Ops,6
E0000233,L0000146,Missed Payment,High,Open,2026-03-28,Collections,5
E0000234,L0000147,KYC Failure,High,Open,2025-07-04,Compliance,4
E0000235,L0000148,Missed Payment,High,Resolved,2025-11-04,Collections,4
E0000236,L0000150,Missed Payment,Medium,Resolved,2026-01-12,Loan Ops,7
E0000237,L0000151,Payment Mismatch,Medium,Open,2025-06-24,Collections,4
E0000238,L0000152,Payment Mismatch,Medium,Resolved,2025-08-10,Finance Ops,6
E0000239,L0000152,KYC Failure,High,Open,2025-05-28,Compliance,1
E0000240,L0000153,Missed Payment,High,In Progress,2026-05-27,Loan Ops,4
E0000241,L0000154,Payment Mismatch,Medium,Retest,2025-10-02,Collections,7
E0000242,L0000154,Payment Mismatch,Low,In Progress,2025-11-30,Loan Ops,3
E0000243,L0000154,Payment Mismatch,Low,Open,2026-06-27,Loan Ops,1
E0000244,L0000155,Payment Mismatch,High,Retest,2026-01-16,Finance Ops,1
E0000245,L0000155,Missed Payment,High,Retest,2026-02-22,Collections,7
E0000246,L0000155,Missed Payment,High,Open,2026-04-16,Finance Ops,1
E0000247,L0000156,Payment Mismatch,Medium,Open,2025-08-07,Collections,6
E0000248,L0000156,Missed Payment,Low,Retest,2026-01-03,Finance Ops,4
E0000249,L0000156,Missed Payment,High,Retest,2026-01-31,Collections,5
E0000250,L0000156,Missed Payment,Medium,Retest,2026-05-08,Loan Ops,3
E0000251,L0000157,Missed Payment,Low,Open,2026-03-13,Collections,5
E0000252,L0000160,Missed Payment,Medium,Retest,2027-06-06,Finance Ops,7
E0000253,L0000161,Payment Mismatch,Low,Open,2026-06-28,Collections,3
E0000254,L0000162,Missed Payment,Medium,In Progress,2025-06-25,Collections,3
E0000255,L0000162,Payment Mismatch,Medium,Retest,2025-08-24,Collections,3
E0000256,L0000162,Payment Mismatch,Low,Resolved,2025-11-24,Finance Ops,6
E0000257,L0000163,Payment Mismatch,High,Resolved,2026-06-30,Collections,4
E0000258,L0000163,Payment Mismatch,Medium,Open,2026-10-24,Collections,4
E0000259,L0000164,Payment Mismatch,Medium,Open,2026-08-05,Finance Ops,2
E0000260,L0000165,Payment Mismatch,High,Retest,2026-05-17,Loan Ops,5
E0000261,L0000167,Missed Payment,High,Resolved,2026-03-05,Loan Ops,4
E0000262,L0000167,Payment Mismatch,High,Open,2026-03-26,Finance Ops,7
E0000263,L0000169,Missed Payment,Medium,Retest,2025-11-08,Collections,5
E0000264,L0000170,Payment Mismatch,Medium,Retest,2025-10-28,Loan Ops,4
E0000265,L0000170,Payment Mismatch,Medium,Open,2025-11-28,Finance Ops,2
E0000266,L0000170,Missed Payment,Medium,Resolved,2026-01-02,Finance Ops,3
E0000267,L0000170,Payment Mismatch,Medium,Open,2026-01-28,Loan Ops,3
E0000268,L0000171,Missed Payment,Medium,Resolved,2026-06-06,Loan Ops,6
E0000269,L0000173,Payment Mismatch,High,Retest,2025-11-22,Collections,3
E0000270,L0000174,Missed Payment,Low,Resolved,2026-01-07,Collections,6
E0000271,L0000174,Missed Payment,Low,Open,2026-05-09,Collections,1
E0000272,L0000174,Payment Mismatch,Medium,Open,2026-08-07,Collections,2
E0000273,L0000174,Payment Mismatch,Medium,In Progress,2026-09-06,Collections,4
E0000274,L0000175,Payment Mismatch,High,Open,2025-07-09,Finance Ops,7
E0000275,L0000175,Payment Mismatch,Medium,Open,2025-08-09,Collections,5
E0000276,L0000177,Missed Payment,Low,In Progress,2025-06-10,Finance Ops,7
E0000277,L0000177,Payment Mismatch,High,In Progress,2025-09-09,Finance Ops,5
E0000278,L0000177,Payment Mismatch,Medium,Open,2025-11-07,Finance Ops,6
E0000279,L0000178,Payment Mismatch,Low,In Progress,2025-11-04,Collections,7
E0000280,L0000179,Missed Payment,Medium,Retest,2025-03-15,Finance Ops,5
E0000281,L0000179,Missed Payment,Low,Resolved,2025-04-26,Loan Ops,6
E0000282,L0000179,Missed Payment,Medium,Resolved,2025-09-12,Finance Ops,5
E0000283,L0000180,Missed Payment,Medium,Open,2025-06-29,Finance Ops,2
E0000284,L0000180,Missed Payment,High,Resolved,2025-08-16,Finance Ops,1
E0000285,L0000181,Missed Payment,Medium,Retest,2026-09-09,Collections,3
E0000286,L0000183,Missed Payment,Low,Open,2025-09-21,Collections,1
E0000287,L0000183,Payment Mismatch,Medium,Open,2025-10-20,Finance Ops,5
E0000288,L0000183,Payment Mismatch,Low,Resolved,2026-03-23,Loan Ops,6
E0000289,L0000184,Missed Payment,Low,Open,2026-03-21,Finance Ops,4
E0000290,L0000184,Missed Payment,High,Open,2026-07-23,Collections,2
E0000291,L0000186,Payment Mismatch,Low,Open,2025-07-04,Loan Ops,4
E0000292,L0000186,Missed Payment,Medium,Open,2025-08-03,Loan Ops,1
E0000293,L0000187,Missed Payment,Medium,Open,2025-09-12,Collections,1
E0000294,L0000188,Missed Payment,Medium,In Progress,2026-06-18,Collections,2
E0000295,L0000188,Payment Mismatch,High,Retest,2026-07-18,Collections,2
E0000296,L0000190,Missed Payment,High,Open,2026-03-09,Finance Ops,5
E0000297,L0000190,Payment Mismatch,Low,In Progress,2026-08-10,Finance Ops,6
E0000298,L0000190,Payment Mismatch,Medium,Retest,2026-11-01,Finance Ops,1
E0000299,L0000190,Missed Payment,Low,Open,2026-12-03,Finance Ops,7
E0000300,L0000190,KYC Failure,High,Manual Review,2026-01-03,Compliance,2
E0000301,L0000191,Missed Payment,Medium,In Progress,2025-12-18,Finance Ops,6
E0000302,L0000191,Payment Mismatch,Low,Resolved,2026-01-15,Finance Ops,2
E0000303,L0000192,Payment Mismatch,Medium,Retest,2026-10-21,Finance Ops,7
E0000304,L0000193,Missed Payment,Low,Open,2026-06-12,Loan Ops,2
E0000305,L0000195,Payment Mismatch,High,Open,2026-03-25,Loan Ops,2
E0000306,L0000195,Payment Mismatch,High,Resolved,2026-12-12,Loan Ops,5
E0000307,L0000196,Payment Mismatch,High,Resolved,2026-10-26,Collections,7
E0000308,L0000197,Missed Payment,Medium,Resolved,2025-04-26,Loan Ops,1
E0000309,L0000197,Payment Mismatch,Medium,Resolved,2025-05-30,Loan Ops,2
E0000310,L0000197,Missed Payment,Medium,In Progress,2025-06-29,Loan Ops,2
E0000311,L0000199,Payment Mismatch,High,Retest,2026-04-24,Collections,3
E0000312,L0000200,Payment Mismatch,Medium,In Progress,2026-12-06,Loan Ops,3
E0000313,L0000201,Missed Payment,Low,Retest,2025-08-25,Collections,4
E0000314,L0000201,Payment Mismatch,High,Resolved,2026-03-23,Collections,1
E0000315,L0000201,Payment Mismatch,Low,Retest,2026-10-31,Finance Ops,5
E0000316,L0000201,KYC Failure,High,Resolved,2025-07-25,Compliance,3
E0000317,L0000203,Missed Payment,High,In Progress,2026-06-24,Collections,4
E0000318,L0000203,Payment Mismatch,High,Retest,2026-07-27,Finance Ops,6
E0000319,L0000203,Payment Mismatch,Medium,In Progress,2026-11-23,Collections,5
E0000320,L0000204,KYC Failure,High,Manual Review,2025-09-30,Compliance,1
E0000321,L0000205,Missed Payment,Medium,Retest,2025-05-26,Loan Ops,3
E0000322,L0000205,Payment Mismatch,High,In Progress,2026-05-21,Finance Ops,1
E0000323,L0000208,Payment Mismatch,High,Open,2026-02-20,Collections,5
E0000324,L0000208,KYC Failure,High,Manual Review,2025-11-17,Compliance,3
E0000325,L0000209,Payment Mismatch,Low,Resolved,2025-10-08,Collections,2
E0000326,L0000209,Payment Mismatch,Medium,In Progress,2025-12-10,Loan Ops,2
E0000327,L0000209,Missed Payment,High,Open,2026-05-09,Collections,1
E0000328,L0000209,Missed Payment,Low,Resolved,2026-06-08,Finance Ops,2
E0000329,L0000210,Payment Mismatch,Low,Open,2026-01-02,Finance Ops,5
E0000330,L0000210,Payment Mismatch,Medium,Retest,2026-04-24,Loan Ops,5
E0000331,L0000212,Missed Payment,Medium,In Progress,2025-08-28,Loan Ops,5
E0000332,L0000212,Payment Mismatch,High,Resolved,2026-03-23,Collections,1
E0000333,L0000217,Payment Mismatch,Low,Resolved,2025-05-28,Collections,3
E0000334,L0000217,Missed Payment,Low,Resolved,2025-12-29,Collections,7
E0000335,L0000218,Missed Payment,Low,Resolved,2026-04-14,Finance Ops,5
E0000336,L0000218,Payment Mismatch,High,Open,2026-10-16,Collections,5
E0000337,L0000219,Payment Mismatch,Medium,Open,2025-06-25,Finance Ops,7
E0000338,L0000220,Missed Payment,High,Retest,2025-03-25,Loan Ops,1
E0000339,L0000221,Payment Mismatch,Low,Resolved,2026-06-04,Loan Ops,5
E0000340,L0000221,Missed Payment,Medium,Resolved,2026-06-30,Finance Ops,5
E0000341,L0000221,Payment Mismatch,Low,Retest,2026-08-30,Collections,1
E0000342,L0000221,Missed Payment,High,Open,2026-09-26,Finance Ops,2
E0000343,L0000221,Payment Mismatch,High,In Progress,2026-12-31,Loan Ops,7
E0000344,L0000223,Missed Payment,High,In Progress,2025-09-20,Finance Ops,6
E0000345,L0000223,Payment Mismatch,Low,Resolved,2026-02-17,Loan Ops,1
E0000346,L0000223,Payment Mismatch,Medium,Resolved,2026-04-17,Collections,2
E0000347,L0000223,KYC Failure,High,Manual Review,2025-08-18,Compliance,4
E0000348,L0000224,Missed Payment,Medium,In Progress,2025-11-23,Loan Ops,1
E0000349,L0000225,Payment Mismatch,Medium,In Progress,2026-06-05,Finance Ops,6
E0000350,L0000226,Missed Payment,Low,Resolved,2025-11-23,Collections,7
E0000351,L0000227,Payment Mismatch,High,Retest,2026-10-03,Loan Ops,7
E0000352,L0000228,Missed Payment,Medium,Retest,2025-08-27,Collections,6
E0000353,L0000229,Missed Payment,Low,Open,2026-07-04,Finance Ops,7
E0000354,L0000229,Missed Payment,Low,Resolved,2026-10-08,Loan Ops,1
E0000355,L0000230,Payment Mismatch,Low,Open,2026-08-16,Collections,2
E0000356,L0000230,Missed Payment,Medium,In Progress,2026-10-21,Finance Ops,5
E0000357,L0000232,Payment Mismatch,High,In Progress,2026-12-09,Collections,1
E0000358,L0000233,Payment Mismatch,Medium,Retest,2025-11-01,Collections,4
E0000359,L0000233,KYC Failure,High,Resolved,2025-03-31,Compliance,5
E0000360,L0000234,Payment Mismatch,Low,In Progress,2026-07-07,Finance Ops,4
E0000361,L0000235,Missed Payment,Medium,Resolved,2026-07-09,Loan Ops,3
E0000362,L0000236,Payment Mismatch,Medium,Retest,2026-04-03,Collections,4
E0000363,L0000237,Missed Payment,High,Resolved,2025-07-17,Loan Ops,1
E0000364,L0000238,Missed Payment,High,In Progress,2026-06-26,Collections,3
E0000365,L0000238,Missed Payment,Low,Resolved,2026-12-27,Loan Ops,5
E0000366,L0000238,Payment Mismatch,High,Open,2027-01-19,Loan Ops,7
E0000367,L0000239,Missed Payment,High,In Progress,2025-12-11,Collections,6
E0000368,L0000239,Payment Mismatch,Medium,In Progress,2026-03-11,Finance Ops,1
E0000369,L0000239,Missed Payment,Low,Resolved,2026-04-09,Loan Ops,5
E0000370,L0000239,Missed Payment,Medium,Resolved,2026-07-09,Loan Ops,2
E0000371,L0000241,Payment Mismatch,Low,In Progress,2026-09-13,Collections,6
E0000372,L0000241,Missed Payment,Low,Retest,2026-11-17,Finance Ops,3
E0000373,L0000241,Missed Payment,Low,Resolved,2027-01-08,Loan Ops,4
E0000374,L0000241,KYC Failure,High,Manual Review,2026-05-06,Compliance,4
E0000375,L0000242,Missed Payment,High,Resolved,2026-09-14,Loan Ops,4
E0000376,L0000242,Payment Mismatch,Medium,Open,2027-02-08,Collections,1
E0000377,L0000242,Payment Mismatch,Low,In Progress,2027-05-09,Collections,6
E0000378,L0000242,Payment Mismatch,High,In Progress,2027-06-19,Loan Ops,4
E0000379,L0000244,Payment Mismatch,Medium,Retest,2025-07-16,Loan Ops,6
E0000380,L0000244,KYC Failure,High,Open,2025-02-14,Compliance,5
E0000381,L0000246,Payment Mismatch,High,Resolved,2027-02-06,Collections,4
E0000382,L0000246,Payment Mismatch,Low,Retest,2027-04-15,Collections,4
E0000383,L0000248,Missed Payment,Medium,Retest,2026-02-28,Collections,4
E0000384,L0000249,Payment Mismatch,Medium,Retest,2025-03-31,Finance Ops,6
E0000385,L0000250,Payment Mismatch,High,Retest,2026-03-11,Collections,3
E0000386,L0000250,Payment Mismatch,Low,Retest,2026-10-02,Loan Ops,5
E0000387,L0000251,Missed Payment,High,Resolved,2026-08-17,Collections,6
E0000388,L0000255,Missed Payment,Low,In Progress,2025-09-20,Finance Ops,2
E0000389,L0000256,Missed Payment,Low,Open,2025-08-09,Collections,3
E0000390,L0000257,Missed Payment,Low,Retest,2025-08-22,Collections,7
E0000391,L0000257,Payment Mismatch,Medium,Resolved,2025-11-21,Finance Ops,1
E0000392,L0000257,Payment Mismatch,Medium,Resolved,2025-12-18,Finance Ops,6
E0000393,L0000257,Payment Mismatch,Medium,Resolved,2026-02-17,Finance Ops,4
E0000394,L0000258,Missed Payment,High,Retest,2026-12-22,Loan Ops,7
E0000395,L0000259,Payment Mismatch,Medium,Retest,2025-08-18,Collections,6
E0000396,L0000259,Missed Payment,Medium,Resolved,2026-05-16,Finance Ops,2
E0000397,L0000259,KYC Failure,High,Resolved,2025-07-13,Compliance,1
E0000398,L0000260,Payment Mismatch,High,Retest,2026-10-19,Finance Ops,2
E0000399,L0000261,Missed Payment,Medium,Open,2026-09-04,Collections,1
E0000400,L0000261,Missed Payment,High,Open,2026-12-11,Loan Ops,3
E0000401,L0000261,Missed Payment,Medium,Open,2027-07-28,Loan Ops,2
E0000402,L0000262,Missed Payment,High,Retest,2025-12-05,Loan Ops,1
E0000403,L0000262,Missed Payment,Medium,In Progress,2026-02-05,Collections,7
E0000404,L0000263,Payment Mismatch,High,Retest,2026-01-20,Collections,5
E0000405,L0000263,Payment Mismatch,Low,In Progress,2026-05-15,Loan Ops,3
E0000406,L0000263,Payment Mismatch,Medium,Retest,2026-08-18,Finance Ops,5
E0000407,L0000264,Payment Mismatch,High,Retest,2026-05-14,Loan Ops,6
E0000408,L0000264,Payment Mismatch,High,Open,2026-07-18,Finance Ops,1
E0000409,L0000265,Payment Mismatch,High,In Progress,2026-01-18,Finance Ops,1
E0000410,L0000265,Payment Mismatch,Low,Resolved,2026-03-10,Finance Ops,1
E0000411,L0000265,Payment Mismatch,Low,Resolved,2026-09-04,Collections,6
E0000412,L0000266,Payment Mismatch,Low,In Progress,2026-08-25,Collections,7
E0000413,L0000266,Payment Mismatch,Medium,Resolved,2026-10-31,Finance Ops,1
E0000414,L0000266,KYC Failure,High,Open,2026-03-27,Compliance,3
E0000415,L0000267,Missed Payment,Low,Open,2025-11-02,Finance Ops,5
E0000416,L0000267,Payment Mismatch,Low,In Progress,2026-02-28,Loan Ops,2
E0000417,L0000270,Missed Payment,High,Retest,2026-08-18,Loan Ops,7
E0000418,L0000271,Payment Mismatch,High,Retest,2026-09-18,Loan Ops,1
E0000419,L0000271,Payment Mismatch,Medium,Retest,2027-04-18,Finance Ops,6
E0000420,L0000274,Payment Mismatch,Low,In Progress,2025-08-21,Collections,4
E0000421,L0000275,Missed Payment,Medium,Retest,2025-08-19,Finance Ops,5
E0000422,L0000275,Payment Mismatch,Medium,Retest,2025-10-21,Collections,7
E0000423,L0000276,Missed Payment,Medium,In Progress,2026-07-24,Collections,6
E0000424,L0000276,Payment Mismatch,Low,Resolved,2026-08-22,Collections,6
E0000425,L0000276,Payment Mismatch,Low,Retest,2026-11-26,Loan Ops,6
E0000426,L0000276,Missed Payment,High,In Progress,2027-01-22,Loan Ops,3
E0000427,L0000277,Missed Payment,High,In Progress,2026-04-27,Finance Ops,1
E0000428,L0000279,Missed Payment,Medium,Open,2026-07-15,Collections,2
E0000429,L0000279,Missed Payment,High,Retest,2027-01-11,Collections,2
E0000430,L0000280,Payment Mismatch,High,Retest,2025-09-10,Loan Ops,4
E0000431,L0000280,Payment Mismatch,Low,Open,2025-12-14,Collections,5
E0000432,L0000280,Payment Mismatch,Medium,In Progress,2026-05-06,Finance Ops,3
E0000433,L0000280,Missed Payment,Medium,In Progress,2026-06-17,Collections,5
E0000434,L0000281,Payment Mismatch,High,Resolved,2026-12-29,Finance Ops,7
E0000435,L0000281,Missed Payment,High,Open,2027-01-29,Collections,3
E0000436,L0000282,Payment Mismatch,High,Retest,2026-04-21,Loan Ops,3
E0000437,L0000282,Payment Mismatch,Low,In Progress,2026-07-20,Loan Ops,6
E0000438,L0000282,Payment Mismatch,High,Retest,2027-01-16,Finance Ops,6
E0000439,L0000283,Payment Mismatch,High,Open,2025-09-03,Loan Ops,4
E0000440,L0000283,Missed Payment,Low,In Progress,2025-12-12,Finance Ops,4
E0000441,L0000283,Payment Mismatch,Low,In Progress,2026-05-11,Loan Ops,1
E0000442,L0000284,Payment Mismatch,High,In Progress,2026-05-24,Loan Ops,5
E0000443,L0000284,Payment Mismatch,Low,In Progress,2026-08-23,Loan Ops,7
E0000444,L0000284,Payment Mismatch,High,In Progress,2026-09-27,Loan Ops,3
E0000445,L0000287,Payment Mismatch,High,Retest,2025-04-25,Finance Ops,2
E0000446,L0000287,Missed Payment,Medium,In Progress,2025-12-22,Finance Ops,2
E0000447,L0000288,Missed Payment,Low,Resolved,2025-06-24,Finance Ops,1
E0000448,L0000289,Payment Mismatch,High,Retest,2026-06-30,Collections,4
E0000449,L0000289,Payment Mismatch,Medium,Open,2026-08-04,Finance Ops,4
E0000450,L0000291,Missed Payment,Medium,Retest,2026-04-03,Finance Ops,3
E0000451,L0000291,Payment Mismatch,Low,In Progress,2026-06-12,Collections,6
E0000452,L0000291,Payment Mismatch,Medium,In Progress,2026-08-11,Loan Ops,2
E0000453,L0000291,Payment Mismatch,Low,In Progress,2026-12-29,Finance Ops,2
E0000454,L0000291,KYC Failure,High,Resolved,2026-03-02,Compliance,5
E0000455,L0000292,Payment Mismatch,High,Resolved,2026-09-11,Loan Ops,6
E0000456,L0000293,Payment Mismatch,High,In Progress,2026-09-07,Loan Ops,7
E0000457,L0000294,Missed Payment,Medium,Resolved,2026-03-12,Loan Ops,3
E0000458,L0000294,Missed Payment,Low,Resolved,2026-07-10,Finance Ops,2
E0000459,L0000294,Payment Mismatch,Medium,In Progress,2026-08-10,Loan Ops,6
E0000460,L0000295,Missed Payment,High,Open,2026-03-23,Loan Ops,6
E0000461,L0000295,Missed Payment,High,In Progress,2026-11-16,Loan Ops,5
E0000462,L0000295,KYC Failure,High,Open,2026-02-12,Compliance,1
E0000463,L0000296,Missed Payment,High,Retest,2026-06-21,Collections,2
E0000464,L0000296,Payment Mismatch,Low,Resolved,2027-01-16,Collections,2
E0000465,L0000297,Payment Mismatch,Medium,Retest,2025-10-26,Loan Ops,7
E0000466,L0000298,Missed Payment,High,In Progress,2026-04-11,Collections,5
E0000467,L0000298,Missed Payment,Medium,In Progress,2026-10-27,Loan Ops,2
E0000468,L0000298,Payment Mismatch,Medium,Open,2027-02-23,Finance Ops,6
E0000469,L0000298,Payment Mismatch,Low,Open,2027-03-27,Loan Ops,1
E0000470,L0000299,Missed Payment,Low,Resolved,2025-04-14,Finance Ops,2
E0000471,L0000300,Payment Mismatch,Medium,Retest,2026-06-27,Loan Ops,5
E0000472,L0000300,Missed Payment,High,Resolved,2026-07-28,Collections,1
E0000473,L0000300,Payment Mismatch,Low,In Progress,2027-04-27,Finance Ops,5
E0000474,L0000300,Missed Payment,Medium,Resolved,2027-07-22,Finance Ops,2
E0000475,L0000301,Missed Payment,Medium,In Progress,2025-03-25,Finance Ops,2
E0000476,L0000301,Missed Payment,High,Retest,2025-12-30,Collections,1
E0000477,L0000302,Missed Payment,High,Open,2025-07-31,Collections,6
E0000478,L0000303,Payment Mismatch,Low,Retest,2026-09-24,Finance Ops,7
E0000479,L0000303,Missed Payment,Medium,Resolved,2027-01-20,Loan Ops,1
E0000480,L0000304,Missed Payment,Low,Open,2025-09-29,Finance Ops,4
E0000481,L0000304,Payment Mismatch,Low,Open,2026-01-28,Loan Ops,2
E0000482,L0000305,Payment Mismatch,High,Resolved,2025-02-12,Loan Ops,6
E0000483,L0000305,Missed Payment,Low,In Progress,2025-03-11,Loan Ops,7
E0000484,L0000306,Missed Payment,Medium,In Progress,2025-10-10,Collections,4
E0000485,L0000307,Payment Mismatch,High,Resolved,2026-12-14,Finance Ops,7
E0000486,L0000307,Missed Payment,Medium,In Progress,2027-05-08,Loan Ops,6
E0000487,L0000309,Missed Payment,High,Resolved,2026-03-19,Finance Ops,4
E0000488,L0000309,Payment Mismatch,Low,Open,2026-09-15,Collections,3
E0000489,L0000310,Payment Mismatch,High,Open,2026-09-14,Collections,4
E0000490,L0000311,KYC Failure,High,Open,2025-04-21,Compliance,1
E0000491,L0000312,Payment Mismatch,Low,Open,2025-06-16,Loan Ops,4
E0000492,L0000312,Payment Mismatch,High,Resolved,2025-11-12,Collections,3
E0000493,L0000312,Missed Payment,Medium,Retest,2026-01-13,Collections,6
E0000494,L0000312,Missed Payment,Low,Retest,2026-02-10,Collections,2
E0000495,L0000312,Missed Payment,Medium,In Progress,2026-03-12,Finance Ops,1
E0000496,L0000312,Payment Mismatch,Medium,Retest,2026-04-11,Finance Ops,3
E0000497,L0000313,Missed Payment,High,Retest,2026-11-30,Finance Ops,7
E0000498,L0000314,Payment Mismatch,Medium,Open,2026-09-13,Collections,1
E0000499,L0000315,Payment Mismatch,High,In Progress,2026-06-02,Loan Ops,5
E0000500,L0000315,Payment Mismatch,High,Retest,2026-07-06,Loan Ops,5
E0000501,L0000317,Payment Mismatch,Medium,In Progress,2025-06-23,Loan Ops,5
E0000502,L0000318,KYC Failure,High,Manual Review,2025-10-27,Compliance,5
E0000503,L0000319,Payment Mismatch,Medium,Open,2025-07-30,Finance Ops,2
E0000504,L0000319,Missed Payment,Low,In Progress,2026-07-25,Finance Ops,4
E0000505,L0000320,Missed Payment,Low,In Progress,2026-11-12,Loan Ops,4
E0000506,L0000320,KYC Failure,High,Manual Review,2026-03-14,Compliance,1
E0000507,L0000321,Payment Mismatch,Low,Retest,2026-01-06,Finance Ops,4
E0000508,L0000322,Payment Mismatch,Medium,In Progress,2025-12-09,Collections,6
E0000509,L0000323,Missed Payment,High,In Progress,2025-08-31,Loan Ops,5
E0000510,L0000323,Payment Mismatch,High,Retest,2025-10-31,Collections,2
E0000511,L0000325,Missed Payment,High,In Progress,2026-10-05,Finance Ops,4
E0000512,L0000325,Missed Payment,Medium,In Progress,2027-04-01,Loan Ops,7
E0000513,L0000325,KYC Failure,High,Resolved,2025-12-05,Compliance,1
E0000514,L0000326,Missed Payment,High,In Progress,2026-08-07,Collections,5
E0000515,L0000326,KYC Failure,High,Resolved,2025-05-13,Compliance,5
E0000516,L0000329,Payment Mismatch,High,Resolved,2026-09-25,Collections,7
E0000517,L0000329,Missed Payment,High,In Progress,2026-11-06,Collections,2
E0000518,L0000330,Missed Payment,Medium,Retest,2025-07-29,Finance Ops,6
E0000519,L0000331,Payment Mismatch,Low,Retest,2026-06-11,Collections,4
E0000520,L0000332,Payment Mismatch,High,Retest,2025-04-04,Collections,5
E0000521,L0000332,Payment Mismatch,Medium,Retest,2026-01-31,Collections,4
E0000522,L0000333,Payment Mismatch,High,In Progress,2026-05-03,Finance Ops,1
E0000523,L0000333,Payment Mismatch,Low,Open,2026-09-05,Loan Ops,1
E0000524,L0000333,Payment Mismatch,High,Retest,2026-12-01,Finance Ops,1
E0000525,L0000333,Missed Payment,High,Retest,2026-12-31,Loan Ops,7
E0000526,L0000334,Missed Payment,High,Open,2026-12-19,Loan Ops,1
E0000527,L0000334,KYC Failure,High,Manual Review,2026-04-18,Compliance,5
E0000528,L0000337,Payment Mismatch,High,Retest,2026-11-15,Collections,2
E0000529,L0000338,KYC Failure,High,Manual Review,2026-03-07,Compliance,2
E0000530,L0000339,Missed Payment,Low,Resolved,2025-03-09,Finance Ops,4
E0000531,L0000339,Payment Mismatch,Medium,Retest,2025-07-12,Loan Ops,1
E0000532,L0000339,Payment Mismatch,High,Resolved,2025-09-04,Collections,7
E0000533,L0000339,Payment Mismatch,Medium,Retest,2026-02-07,Finance Ops,3
E0000534,L0000340,Missed Payment,Medium,In Progress,2025-08-22,Finance Ops,3
E0000535,L0000340,Missed Payment,Low,Retest,2025-09-19,Collections,7
E0000536,L0000342,KYC Failure,High,Manual Review,2026-03-18,Compliance,4
E0000537,L0000344,Payment Mismatch,Medium,Open,2026-07-02,Loan Ops,5
E0000538,L0000344,Missed Payment,Low,Open,2026-11-28,Finance Ops,2
E0000539,L0000344,Missed Payment,Low,Retest,2027-03-29,Loan Ops,6
E0000540,L0000345,Payment Mismatch,Medium,Open,2026-10-24,Loan Ops,6
E0000541,L0000345,Payment Mismatch,High,Resolved,2027-02-03,Loan Ops,7
E0000542,L0000347,Payment Mismatch,Low,Open,2026-01-01,Finance Ops,3
E0000543,L0000348,Payment Mismatch,Medium,Retest,2025-11-12,Collections,7
E0000544,L0000351,Payment Mismatch,High,Resolved,2026-03-30,Finance Ops,4
E0000545,L0000351,Payment Mismatch,High,Retest,2026-07-02,Finance Ops,7
E0000546,L0000351,KYC Failure,High,Resolved,2025-08-26,Compliance,4
E0000547,L0000352,Payment Mismatch,High,In Progress,2025-08-29,Finance Ops,6
E0000548,L0000352,Missed Payment,Medium,Retest,2026-04-22,Collections,3
E0000549,L0000352,KYC Failure,High,Open,2025-05-24,Compliance,5
E0000550,L0000354,Payment Mismatch,High,Open,2027-11-16,Collections,2
E0000551,L0000355,Payment Mismatch,High,Open,2025-06-15,Loan Ops,4
E0000552,L0000355,Missed Payment,Medium,Open,2025-07-26,Finance Ops,3
E0000553,L0000355,Payment Mismatch,Low,In Progress,2025-09-24,Loan Ops,5
E0000554,L0000355,Payment Mismatch,Medium,In Progress,2026-02-10,Collections,6
E0000555,L0000355,KYC Failure,High,Manual Review,2025-02-12,Compliance,4
E0000556,L0000357,Payment Mismatch,High,Resolved,2026-04-15,Collections,5
E0000557,L0000357,Payment Mismatch,High,In Progress,2026-05-17,Collections,2
E0000558,L0000357,Missed Payment,High,Resolved,2026-07-12,Finance Ops,1
E0000559,L0000357,KYC Failure,High,Resolved,2026-01-10,Compliance,3
E0000560,L0000358,Payment Mismatch,High,Resolved,2026-03-07,Collections,1
E0000561,L0000358,Payment Mismatch,Medium,Retest,2026-04-03,Collections,7
E0000562,L0000360,Payment Mismatch,Medium,In Progress,2026-04-05,Collections,1
E0000563,L0000361,Payment Mismatch,High,Resolved,2026-01-08,Loan Ops,7
E0000564,L0000361,Payment Mismatch,Low,Retest,2026-10-05,Collections,1
E0000565,L0000361,Payment Mismatch,High,Resolved,2026-11-05,Collections,6
E0000566,L0000362,Payment Mismatch,Medium,Retest,2025-11-26,Finance Ops,4
E0000567,L0000362,Payment Mismatch,High,Retest,2026-06-30,Finance Ops,5
E0000568,L0000363,Payment Mismatch,High,Resolved,2026-08-05,Collections,2
E0000569,L0000364,Missed Payment,Low,Retest,2026-07-24,Finance Ops,4
E0000570,L0000364,Payment Mismatch,High,Resolved,2026-08-26,Finance Ops,1
E0000571,L0000364,Payment Mismatch,Medium,Open,2027-03-22,Finance Ops,6
E0000572,L0000365,Missed Payment,High,Retest,2026-02-20,Loan Ops,2
E0000573,L0000367,Payment Mismatch,Medium,In Progress,2026-08-02,Loan Ops,7
E0000574,L0000369,Missed Payment,High,Retest,2026-04-29,Collections,6
E0000575,L0000370,KYC Failure,High,Resolved,2026-02-01,Compliance,4
E0000576,L0000372,Payment Mismatch,High,In Progress,2025-11-09,Loan Ops,7
E0000577,L0000373,Payment Mismatch,High,Open,2025-11-06,Collections,3
E0000578,L0000373,Payment Mismatch,Medium,In Progress,2026-05-30,Loan Ops,5
E0000579,L0000373,KYC Failure,High,Resolved,2025-09-28,Compliance,2
E0000580,L0000375,Missed Payment,High,Retest,2025-08-22,Finance Ops,4
E0000581,L0000375,Missed Payment,Low,In Progress,2025-10-13,Loan Ops,7
E0000582,L0000375,KYC Failure,High,Manual Review,2025-04-08,Compliance,5
E0000583,L0000377,Missed Payment,High,Resolved,2026-06-17,Finance Ops,6
E0000584,L0000379,Payment Mismatch,Medium,In Progress,2025-07-20,Finance Ops,3
E0000585,L0000379,Payment Mismatch,Medium,Resolved,2025-09-20,Loan Ops,4
E0000586,L0000379,Missed Payment,High,Retest,2025-11-17,Finance Ops,4
E0000587,L0000379,Payment Mismatch,High,Open,2026-06-26,Collections,2
E0000588,L0000380,Payment Mismatch,Medium,Retest,2026-07-15,Collections,5
E0000589,L0000380,Payment Mismatch,High,In Progress,2027-04-30,Collections,1
E0000590,L0000380,KYC Failure,High,Resolved,2026-01-31,Compliance,4
E0000591,L0000382,Missed Payment,Low,Open,2025-09-10,Loan Ops,7
E0000592,L0000382,Payment Mismatch,Low,Resolved,2025-11-06,Finance Ops,6
E0000593,L0000382,Payment Mismatch,Low,Resolved,2026-03-07,Finance Ops,3
E0000594,L0000383,Payment Mismatch,Medium,Resolved,2026-06-11,Loan Ops,5
E0000595,L0000384,Payment Mismatch,Low,In Progress,2026-08-16,Loan Ops,2
E0000596,L0000385,Payment Mismatch,High,In Progress,2026-11-28,Finance Ops,1
E0000597,L0000386,Payment Mismatch,Medium,Retest,2027-05-02,Finance Ops,5
E0000598,L0000387,Payment Mismatch,Medium,Open,2026-07-27,Finance Ops,3
E0000599,L0000388,KYC Failure,High,Resolved,2025-07-12,Compliance,1
E0000600,L0000389,Payment Mismatch,Medium,Retest,2025-06-26,Finance Ops,7
E0000601,L0000391,Missed Payment,Medium,Retest,2026-08-28,Loan Ops,5
E0000602,L0000392,Missed Payment,High,Open,2026-07-21,Finance Ops,5
E0000603,L0000395,Payment Mismatch,Medium,Resolved,2026-04-30,Loan Ops,6
E0000604,L0000395,Missed Payment,Medium,Retest,2026-07-02,Finance Ops,7
E0000605,L0000395,Payment Mismatch,Low,Retest,2026-07-29,Collections,7
E0000606,L0000396,Missed Payment,Medium,Retest,2026-07-13,Loan Ops,7
E0000607,L0000396,Payment Mismatch,Low,In Progress,2026-10-11,Finance Ops,6
E0000608,L0000397,Missed Payment,Medium,Open,2025-08-10,Loan Ops,5
E0000609,L0000398,Payment Mismatch,Medium,Retest,2026-08-24,Finance Ops,2
E0000610,L0000398,Missed Payment,Medium,Resolved,2026-11-21,Loan Ops,4
E0000611,L0000398,Missed Payment,Medium,Open,2026-12-21,Finance Ops,5
E0000612,L0000399,Missed Payment,Medium,In Progress,2026-06-05,Finance Ops,7
E0000613,L0000400,Payment Mismatch,Low,Retest,2026-03-06,Loan Ops,5
E0000614,L0000400,Payment Mismatch,High,Resolved,2026-10-05,Loan Ops,6
E0000615,L0000400,Payment Mismatch,High,In Progress,2027-01-11,Loan Ops,2
E0000616,L0000401,Payment Mismatch,High,In Progress,2025-10-19,Loan Ops,5
E0000617,L0000401,Payment Mismatch,Medium,In Progress,2025-11-18,Loan Ops,2
E0000618,L0000402,Payment Mismatch,High,Retest,2025-12-21,Finance Ops,2
E0000619,L0000406,Payment Mismatch,High,Resolved,2026-06-18,Collections,2
E0000620,L0000408,Missed Payment,High,Resolved,2025-10-27,Finance Ops,5
E0000621,L0000409,Missed Payment,High,Retest,2025-07-25,Finance Ops,2
E0000622,L0000409,Payment Mismatch,Low,Resolved,2025-09-12,Loan Ops,5
E0000623,L0000409,Payment Mismatch,High,Retest,2026-03-22,Collections,2
E0000624,L0000409,Missed Payment,Low,Open,2026-05-16,Collections,1
E0000625,L0000410,Missed Payment,High,In Progress,2026-11-02,Finance Ops,2
E0000626,L0000410,Payment Mismatch,Medium,Retest,2027-03-10,Finance Ops,6
E0000627,L0000410,Payment Mismatch,Low,Resolved,2027-04-30,Finance Ops,6
E0000628,L0000410,Payment Mismatch,Low,Open,2027-08-25,Collections,6
E0000629,L0000411,Missed Payment,Low,Open,2026-05-09,Loan Ops,7
E0000630,L0000411,Payment Mismatch,High,Retest,2026-07-12,Loan Ops,7
E0000631,L0000412,Payment Mismatch,Low,Retest,2025-03-15,Loan Ops,3
E0000632,L0000412,Payment Mismatch,High,Resolved,2025-04-14,Finance Ops,4
E0000633,L0000413,Payment Mismatch,High,Open,2026-03-07,Collections,1
E0000634,L0000413,Payment Mismatch,Low,Open,2026-04-06,Finance Ops,2
E0000635,L0000414,Payment Mismatch,Medium,Resolved,2026-03-26,Collections,4
E0000636,L0000414,Payment Mismatch,Medium,Open,2026-05-16,Finance Ops,7
E0000637,L0000415,Missed Payment,Low,Resolved,2026-05-12,Loan Ops,2
E0000638,L0000416,Missed Payment,Low,Open,2026-09-27,Collections,1
E0000639,L0000417,Payment Mismatch,High,In Progress,2026-12-13,Collections,7
E0000640,L0000418,Missed Payment,High,In Progress,2026-07-25,Finance Ops,2
E0000641,L0000418,Payment Mismatch,Medium,Retest,2026-11-10,Loan Ops,2
E0000642,L0000420,Missed Payment,Low,Resolved,2026-12-30,Finance Ops,2
E0000643,L0000420,Payment Mismatch,Medium,Resolved,2027-03-25,Loan Ops,3
E0000644,L0000421,Payment Mismatch,High,Resolved,2026-10-31,Collections,2
E0000645,L0000422,Missed Payment,High,Retest,2026-05-23,Loan Ops,1
E0000646,L0000423,Missed Payment,High,In Progress,2026-06-25,Finance Ops,4
E0000647,L0000423,Payment Mismatch,Medium,Open,2026-10-23,Loan Ops,3
E0000648,L0000424,Missed Payment,Low,Open,2026-01-15,Finance Ops,1
E0000649,L0000425,Missed Payment,High,Retest,2026-04-16,Collections,6
E0000650,L0000426,Missed Payment,Medium,In Progress,2025-12-02,Loan Ops,5
E0000651,L0000426,Payment Mismatch,Medium,Resolved,2026-04-10,Finance Ops,3
E0000652,L0000426,Missed Payment,Medium,Retest,2026-05-30,Loan Ops,3
E0000653,L0000426,KYC Failure,High,Manual Review,2025-08-28,Compliance,5
E0000654,L0000427,Missed Payment,Medium,Retest,2025-10-31,Loan Ops,3
E0000655,L0000428,Missed Payment,Medium,Retest,2025-08-15,Collections,5
E0000656,L0000428,Payment Mismatch,High,Resolved,2026-01-12,Collections,4
E0000657,L0000432,Payment Mismatch,High,Open,2025-08-11,Finance Ops,3
E0000658,L0000433,Payment Mismatch,High,In Progress,2026-05-18,Finance Ops,7
E0000659,L0000434,Payment Mismatch,Medium,Open,2025-08-19,Loan Ops,3
E0000660,L0000435,Payment Mismatch,Low,Retest,2025-04-26,Loan Ops,3
E0000661,L0000435,Missed Payment,Medium,Resolved,2025-08-23,Loan Ops,5
E0000662,L0000436,Payment Mismatch,High,Retest,2025-10-19,Loan Ops,6
E0000663,L0000437,Payment Mismatch,Low,Open,2025-12-20,Loan Ops,3
E0000664,L0000438,Missed Payment,Medium,In Progress,2025-04-26,Collections,7
E0000665,L0000438,Missed Payment,High,In Progress,2025-05-17,Finance Ops,7
E0000666,L0000438,KYC Failure,High,Manual Review,2025-02-11,Compliance,1
E0000667,L0000439,Missed Payment,High,Open,2026-06-12,Collections,2
E0000668,L0000440,Payment Mismatch,Low,Resolved,2025-06-30,Loan Ops,7
E0000669,L0000440,Payment Mismatch,Low,Retest,2026-01-26,Finance Ops,4
E0000670,L0000442,Missed Payment,Medium,In Progress,2025-05-14,Collections,5
E0000671,L0000442,Payment Mismatch,Low,In Progress,2025-09-08,Loan Ops,7
E0000672,L0000443,KYC Failure,High,Manual Review,2026-02-03,Compliance,2
E0000673,L0000444,KYC Failure,High,Manual Review,2026-02-22,Compliance,5
E0000674,L0000445,Missed Payment,Medium,Open,2026-05-06,Loan Ops,4
E0000675,L0000445,Payment Mismatch,High,In Progress,2026-06-07,Finance Ops,3
E0000676,L0000446,Payment Mismatch,Medium,Retest,2026-04-26,Collections,6
E0000677,L0000449,Payment Mismatch,High,In Progress,2026-01-10,Finance Ops,1
E0000678,L0000449,Payment Mismatch,Medium,In Progress,2026-03-18,Loan Ops,4
E0000679,L0000449,Payment Mismatch,Medium,Open,2026-06-21,Finance Ops,4
E0000680,L0000449,Payment Mismatch,Medium,In Progress,2026-07-10,Finance Ops,4
E0000681,L0000450,Payment Mismatch,High,In Progress,2027-03-05,Loan Ops,3
E0000682,L0000451,Payment Mismatch,Medium,In Progress,2025-05-30,Collections,1
E0000683,L0000451,Payment Mismatch,Low,Resolved,2026-03-31,Collections,1
E0000684,L0000451,Missed Payment,Medium,Retest,2026-04-30,Loan Ops,4
E0000685,L0000451,KYC Failure,High,Open,2025-04-25,Compliance,2
E0000686,L0000452,Payment Mismatch,Low,In Progress,2026-01-23,Finance Ops,5
E0000687,L0000452,Payment Mismatch,Low,Open,2026-02-20,Finance Ops,7
E0000688,L0000452,Missed Payment,Medium,Open,2026-06-22,Loan Ops,7
E0000689,L0000454,Missed Payment,Low,Open,2026-01-13,Finance Ops,4
E0000690,L0000454,Payment Mismatch,Low,In Progress,2026-02-24,Collections,6
E0000691,L0000455,Missed Payment,High,In Progress,2026-07-04,Collections,2
E0000692,L0000455,KYC Failure,High,Resolved,2026-01-02,Compliance,4
E0000693,L0000456,Payment Mismatch,Medium,Retest,2025-06-18,Collections,5
E0000694,L0000456,Payment Mismatch,Medium,Retest,2025-12-15,Finance Ops,2
E0000695,L0000456,Missed Payment,High,Open,2026-04-17,Loan Ops,4
E0000696,L0000458,Missed Payment,Low,Retest,2026-04-20,Finance Ops,4
E0000697,L0000459,Payment Mismatch,Medium,Open,2025-06-23,Collections,6
E0000698,L0000459,Payment Mismatch,High,Open,2026-03-31,Finance Ops,4
E0000699,L0000460,Payment Mismatch,Medium,In Progress,2026-11-30,Finance Ops,1
E0000700,L0000461,Payment Mismatch,Low,In Progress,2026-12-12,Loan Ops,1
E0000701,L0000461,Payment Mismatch,Medium,In Progress,2027-02-08,Collections,5
E0000702,L0000461,Payment Mismatch,High,Open,2027-05-08,Loan Ops,7
E0000703,L0000462,Missed Payment,Low,In Progress,2026-03-16,Loan Ops,4
E0000704,L0000462,Payment Mismatch,Medium,Open,2026-09-13,Collections,7
E0000705,L0000462,Payment Mismatch,High,Resolved,2026-12-18,Loan Ops,2
E0000706,L0000462,Payment Mismatch,High,Open,2027-01-10,Collections,6
E0000707,L0000462,Missed Payment,Low,In Progress,2027-02-13,Finance Ops,7
E0000708,L0000463,Payment Mismatch,High,Open,2026-02-09,Loan Ops,6
E0000709,L0000463,Payment Mismatch,High,Retest,2026-03-10,Collections,2
E0000710,L0000464,Payment Mismatch,Medium,Open,2027-01-07,Collections,1
E0000711,L0000465,Payment Mismatch,Low,Open,2026-06-11,Finance Ops,5
E0000712,L0000466,Payment Mismatch,High,Retest,2025-09-04,Loan Ops,2
E0000713,L0000466,Payment Mismatch,Medium,In Progress,2025-12-03,Finance Ops,2
E0000714,L0000466,Payment Mismatch,Medium,In Progress,2026-02-01,Collections,6
E0000715,L0000466,Payment Mismatch,Medium,Retest,2026-06-02,Loan Ops,1
E0000716,L0000467,Payment Mismatch,Medium,Resolved,2026-04-21,Loan Ops,2
E0000717,L0000467,Missed Payment,Medium,Retest,2026-09-21,Loan Ops,2
E0000718,L0000468,Payment Mismatch,High,Retest,2026-05-28,Loan Ops,5
E0000719,L0000468,Payment Mismatch,Low,Resolved,2026-08-23,Loan Ops,1
E0000720,L0000468,Payment Mismatch,High,Resolved,2026-12-22,Collections,4
E0000721,L0000469,Missed Payment,High,Resolved,2026-12-27,Finance Ops,3
E0000722,L0000469,Payment Mismatch,Medium,Resolved,2027-01-26,Loan Ops,6
E0000723,L0000472,Payment Mismatch,Medium,Open,2025-09-28,Loan Ops,3
E0000724,L0000472,KYC Failure,High,Manual Review,2025-04-23,Compliance,2
E0000725,L0000473,Payment Mismatch,Low,Retest,2026-06-23,Collections,2
E0000726,L0000473,Missed Payment,High,Resolved,2026-08-22,Finance Ops,7
E0000727,L0000475,Payment Mismatch,High,Retest,2025-07-15,Finance Ops,7
E0000728,L0000478,Payment Mismatch,Low,Open,2026-01-11,Loan Ops,7
E0000729,L0000479,Payment Mismatch,High,Resolved,2025-11-14,Loan Ops,3
E0000730,L0000480,Missed Payment,Medium,Resolved,2026-06-28,Collections,2
E0000731,L0000480,Missed Payment,Medium,Retest,2027-01-30,Finance Ops,3
E0000732,L0000481,Payment Mismatch,Low,Retest,2026-08-21,Finance Ops,2
E0000733,L0000481,Missed Payment,High,Open,2026-10-28,Collections,5
E0000734,L0000481,Missed Payment,High,Retest,2026-12-19,Loan Ops,2
E0000735,L0000484,Payment Mismatch,Medium,Retest,2025-08-14,Finance Ops,6
E0000736,L0000484,Payment Mismatch,High,Open,2026-07-11,Finance Ops,6
E0000737,L0000485,Payment Mismatch,High,Open,2026-06-13,Finance Ops,4
E0000738,L0000485,KYC Failure,High,Open,2025-07-15,Compliance,3
E0000739,L0000486,Payment Mismatch,Low,In Progress,2025-11-12,Loan Ops,2
E0000740,L0000486,Payment Mismatch,Low,Retest,2026-10-07,Loan Ops,6
E0000741,L0000486,KYC Failure,High,Manual Review,2025-10-08,Compliance,1
E0000742,L0000488,Payment Mismatch,Low,Open,2025-07-10,Finance Ops,6
E0000743,L0000489,Payment Mismatch,Medium,Resolved,2026-04-14,Loan Ops,2
E0000744,L0000489,KYC Failure,High,Open,2025-11-14,Compliance,5
E0000745,L0000491,Missed Payment,Low,Resolved,2026-03-17,Collections,1
E0000746,L0000491,Payment Mismatch,Low,Resolved,2026-09-16,Loan Ops,3
E0000747,L0000494,Missed Payment,Medium,Retest,2026-06-10,Loan Ops,5
E0000748,L0000495,Payment Mismatch,Medium,Open,2025-12-17,Collections,7
E0000749,L0000495,Payment Mismatch,High,Resolved,2026-02-14,Finance Ops,7
E0000750,L0000495,Payment Mismatch,Medium,In Progress,2026-10-15,Loan Ops,6
E0000751,L0000497,KYC Failure,High,Manual Review,2025-12-10,Compliance,2
E0000752,L0000498,Payment Mismatch,Medium,In Progress,2025-07-20,Collections,2
E0000753,L0000498,Payment Mismatch,Medium,Resolved,2025-11-18,Collections,7
E0000754,L0000500,Missed Payment,High,In Progress,2026-03-09,Collections,4
E0000755,L0000500,Missed Payment,Medium,Retest,2026-06-17,Finance Ops,7
E0000756,L0000500,Payment Mismatch,Medium,Open,2026-10-07,Finance Ops,5
E0000757,L0000500,Payment Mismatch,High,Resolved,2027-02-02,Loan Ops,2
E0000758,L0000500,Missed Payment,Medium,Retest,2027-03-09,Collections,1
E0000759,L0000503,Missed Payment,Low,In Progress,2025-05-06,Loan Ops,2
E0000760,L0000503,Payment Mismatch,Low,Retest,2025-08-06,Collections,3
E0000761,L0000504,Missed Payment,Low,Resolved,2025-09-14,Loan Ops,2
E0000762,L0000504,Payment Mismatch,High,Resolved,2025-12-11,Loan Ops,6
E0000763,L0000504,Payment Mismatch,Low,Retest,2026-01-20,Collections,3
E0000764,L0000505,Missed Payment,High,Resolved,2026-07-21,Collections,2
E0000765,L0000505,Payment Mismatch,High,Open,2026-09-22,Loan Ops,5
E0000766,L0000505,Payment Mismatch,High,Resolved,2027-04-19,Loan Ops,4
E0000767,L0000507,Payment Mismatch,Low,In Progress,2025-05-10,Finance Ops,6
E0000768,L0000508,Missed Payment,High,Open,2025-07-11,Finance Ops,3
E0000769,L0000509,Missed Payment,High,Resolved,2026-05-01,Finance Ops,3
E0000770,L0000509,Payment Mismatch,High,In Progress,2026-08-30,Loan Ops,5
E0000771,L0000509,Missed Payment,High,Resolved,2027-01-05,Finance Ops,4
E0000772,L0000510,Payment Mismatch,Low,In Progress,2026-12-20,Finance Ops,2
E0000773,L0000511,Payment Mismatch,Medium,In Progress,2025-12-06,Loan Ops,2
E0000774,L0000511,Missed Payment,Medium,Retest,2026-08-21,Finance Ops,6
E0000775,L0000511,KYC Failure,High,Manual Review,2025-02-25,Compliance,3
E0000776,L0000512,Missed Payment,Low,In Progress,2026-05-20,Finance Ops,5
E0000777,L0000514,Payment Mismatch,Medium,Retest,2026-06-29,Collections,7
E0000778,L0000515,Missed Payment,High,In Progress,2026-08-18,Loan Ops,3
E0000779,L0000516,Missed Payment,Medium,In Progress,2026-08-09,Collections,2
E0000780,L0000516,KYC Failure,High,Manual Review,2025-11-06,Compliance,1
E0000781,L0000517,Missed Payment,Low,In Progress,2025-07-10,Loan Ops,2
E0000782,L0000518,Payment Mismatch,Medium,Resolved,2025-12-16,Collections,6
E0000783,L0000518,Payment Mismatch,Medium,Retest,2026-04-12,Finance Ops,3
E0000784,L0000520,Missed Payment,Medium,Retest,2026-04-30,Loan Ops,5
E0000785,L0000520,Missed Payment,High,Retest,2026-06-19,Collections,1
E0000786,L0000523,Payment Mismatch,Low,Retest,2026-02-14,Finance Ops,4
E0000787,L0000523,Missed Payment,High,Resolved,2026-06-12,Finance Ops,7
E0000788,L0000524,Missed Payment,Medium,Open,2026-08-23,Finance Ops,6
E0000789,L0000524,Payment Mismatch,High,Resolved,2026-11-21,Loan Ops,4
E0000790,L0000524,Payment Mismatch,Low,Retest,2027-03-22,Finance Ops,6
E0000791,L0000525,Missed Payment,Low,Retest,2026-03-03,Loan Ops,5
E0000792,L0000525,Missed Payment,Low,Resolved,2026-09-02,Collections,3
E0000793,L0000526,Missed Payment,High,Open,2025-12-26,Loan Ops,3
E0000794,L0000527,Payment Mismatch,Medium,In Progress,2025-06-17,Loan Ops,2
E0000795,L0000528,Payment Mismatch,Medium,Resolved,2027-02-05,Loan Ops,3
E0000796,L0000529,Missed Payment,High,In Progress,2027-06-14,Loan Ops,4
E0000797,L0000530,Payment Mismatch,Low,Resolved,2025-11-08,Finance Ops,6
E0000798,L0000530,Payment Mismatch,High,Resolved,2026-04-27,Finance Ops,1
E0000799,L0000531,Payment Mismatch,High,Resolved,2026-03-10,Loan Ops,4
E0000800,L0000532,Missed Payment,Low,Retest,2026-06-07,Loan Ops,6
E0000801,L0000532,Payment Mismatch,Medium,Resolved,2027-03-14,Finance Ops,7
E0000802,L0000532,Payment Mismatch,Low,Resolved,2027-05-03,Loan Ops,7
E0000803,L0000533,Payment Mismatch,Low,Resolved,2026-04-24,Collections,3
E0000804,L0000533,Missed Payment,Low,Open,2026-10-21,Finance Ops,5
E0000805,L0000533,Missed Payment,Medium,Resolved,2026-12-20,Loan Ops,4
E0000806,L0000534,Payment Mismatch,Medium,Retest,2026-05-26,Finance Ops,7
E0000807,L0000534,Payment Mismatch,Medium,In Progress,2026-07-26,Collections,4
E0000808,L0000535,Payment Mismatch,Medium,In Progress,2025-12-29,Finance Ops,3
E0000809,L0000536,Missed Payment,High,Open,2026-02-25,Finance Ops,5
E0000810,L0000536,Payment Mismatch,High,Resolved,2026-07-15,Finance Ops,4
E0000811,L0000536,Payment Mismatch,High,Retest,2026-09-13,Loan Ops,7
E0000812,L0000536,Missed Payment,Low,Retest,2026-11-17,Finance Ops,6
E0000813,L0000537,Missed Payment,Low,In Progress,2025-09-29,Loan Ops,7
E0000814,L0000539,Payment Mismatch,Low,Open,2025-05-30,Finance Ops,3
E0000815,L0000540,Missed Payment,High,In Progress,2025-08-03,Finance Ops,5
E0000816,L0000541,Missed Payment,Medium,Open,2026-07-20,Collections,5
E0000817,L0000541,Payment Mismatch,Low,Resolved,2026-11-20,Collections,7
E0000818,L0000542,Missed Payment,High,Open,2025-10-01,Finance Ops,3
E0000819,L0000542,Payment Mismatch,High,Retest,2025-12-08,Loan Ops,7
E0000820,L0000542,Payment Mismatch,High,Retest,2026-05-29,Collections,4
E0000821,L0000542,KYC Failure,High,Open,2025-03-29,Compliance,5
E0000822,L0000544,Missed Payment,High,Open,2025-10-08,Loan Ops,1
E0000823,L0000544,Payment Mismatch,Low,Resolved,2026-01-03,Collections,7
E0000824,L0000546,KYC Failure,High,Resolved,2025-02-10,Compliance,5
E0000825,L0000548,Missed Payment,High,Resolved,2026-01-21,Finance Ops,6
E0000826,L0000549,Payment Mismatch,Medium,Open,2026-04-03,Collections,6
E0000827,L0000549,Missed Payment,High,Retest,2026-06-22,Finance Ops,3
E0000828,L0000549,Missed Payment,Medium,Retest,2026-09-21,Finance Ops,2
E0000829,L0000549,Payment Mismatch,High,Retest,2026-11-18,Finance Ops,6
E0000830,L0000549,Payment Mismatch,Low,Retest,2027-02-22,Finance Ops,3
E0000831,L0000550,Payment Mismatch,Low,In Progress,2025-05-23,Loan Ops,4
E0000832,L0000550,Payment Mismatch,Low,Open,2025-06-19,Finance Ops,1
E0000833,L0000550,Payment Mismatch,Medium,Open,2025-07-19,Finance Ops,6
E0000834,L0000550,Payment Mismatch,High,Retest,2026-01-27,Finance Ops,5
E0000835,L0000551,Missed Payment,Medium,Retest,2026-10-07,Finance Ops,6
E0000836,L0000552,KYC Failure,High,Manual Review,2026-01-18,Compliance,5
E0000837,L0000555,Missed Payment,Medium,Resolved,2025-12-01,Collections,4
E0000838,L0000555,Payment Mismatch,Medium,Retest,2026-10-24,Loan Ops,4
E0000839,L0000557,Payment Mismatch,High,Retest,2025-08-05,Loan Ops,4
E0000840,L0000557,Missed Payment,High,In Progress,2025-10-04,Loan Ops,5
E0000841,L0000558,Missed Payment,Low,In Progress,2025-11-12,Collections,6
E0000842,L0000558,Payment Mismatch,High,Resolved,2026-07-10,Finance Ops,3
E0000843,L0000559,Payment Mismatch,High,Resolved,2025-11-08,Loan Ops,7
E0000844,L0000559,Payment Mismatch,Medium,In Progress,2026-04-07,Finance Ops,4
E0000845,L0000559,Missed Payment,Low,Retest,2026-11-25,Finance Ops,5
E0000846,L0000562,Missed Payment,High,Retest,2026-08-12,Collections,5
E0000847,L0000563,Payment Mismatch,Medium,In Progress,2025-12-21,Finance Ops,5
E0000848,L0000564,Payment Mismatch,Medium,Open,2025-03-07,Loan Ops,5
E0000849,L0000564,Missed Payment,High,Resolved,2025-10-31,Loan Ops,4
E0000850,L0000565,Payment Mismatch,High,Resolved,2026-02-26,Finance Ops,4
E0000851,L0000566,Payment Mismatch,Medium,Retest,2026-06-20,Loan Ops,5
E0000852,L0000568,Missed Payment,High,Retest,2026-03-28,Collections,3
E0000853,L0000568,Payment Mismatch,High,In Progress,2027-02-25,Finance Ops,4
E0000854,L0000569,Missed Payment,Medium,In Progress,2027-04-11,Loan Ops,4
E0000855,L0000571,Missed Payment,Medium,Open,2025-05-06,Finance Ops,2
E0000856,L0000571,KYC Failure,High,Resolved,2025-02-25,Compliance,5
E0000857,L0000572,Missed Payment,High,Resolved,2026-06-24,Loan Ops,4
E0000858,L0000572,Missed Payment,Medium,Open,2026-10-21,Finance Ops,6
E0000859,L0000573,Missed Payment,Low,Resolved,2025-10-07,Loan Ops,5
E0000860,L0000573,Missed Payment,High,Open,2025-12-03,Finance Ops,4
E0000861,L0000574,Payment Mismatch,High,Resolved,2025-12-04,Loan Ops,5
E0000862,L0000575,Payment Mismatch,Medium,Retest,2025-10-26,Loan Ops,6
E0000863,L0000577,Missed Payment,Low,Open,2026-07-05,Loan Ops,7
E0000864,L0000578,Missed Payment,High,Resolved,2026-04-26,Collections,7
E0000865,L0000578,Payment Mismatch,Low,Retest,2026-05-30,Finance Ops,7
E0000866,L0000578,Payment Mismatch,High,In Progress,2026-08-06,Loan Ops,2
E0000867,L0000578,Missed Payment,Medium,Resolved,2026-08-26,Loan Ops,6
E0000868,L0000579,KYC Failure,High,Resolved,2025-08-19,Compliance,2
E0000869,L0000580,Payment Mismatch,Medium,Open,2026-02-07,Loan Ops,1
E0000870,L0000580,Payment Mismatch,High,Retest,2026-06-04,Finance Ops,6
E0000871,L0000581,Missed Payment,Medium,Retest,2026-05-12,Loan Ops,2
E0000872,L0000582,Payment Mismatch,Low,Resolved,2025-09-23,Loan Ops,6
E0000873,L0000584,Missed Payment,Low,Retest,2026-03-02,Collections,2
E0000874,L0000586,Missed Payment,Medium,Resolved,2025-06-17,Collections,7
E0000875,L0000587,Missed Payment,Low,Open,2025-07-10,Collections,1
E0000876,L0000587,Payment Mismatch,Low,Open,2026-06-04,Loan Ops,6
E0000877,L0000588,Payment Mismatch,High,In Progress,2025-07-18,Loan Ops,4
E0000878,L0000589,Payment Mismatch,Medium,Resolved,2026-01-06,Collections,6
E0000879,L0000589,Payment Mismatch,High,Retest,2026-04-10,Loan Ops,7
E0000880,L0000589,Missed Payment,Medium,In Progress,2026-06-14,Loan Ops,6
E0000881,L0000591,Payment Mismatch,Low,Resolved,2025-12-03,Loan Ops,1
E0000882,L0000591,Payment Mismatch,Medium,In Progress,2026-03-01,Loan Ops,6
E0000883,L0000592,Missed Payment,High,Retest,2026-04-24,Finance Ops,6
E0000884,L0000592,Payment Mismatch,High,Retest,2026-08-04,Collections,6
E0000885,L0000593,Missed Payment,High,In Progress,2026-02-16,Finance Ops,1
E0000886,L0000593,Payment Mismatch,Medium,Resolved,2026-03-06,Loan Ops,7
E0000887,L0000593,KYC Failure,High,Manual Review,2025-06-07,Compliance,3
E0000888,L0000595,Missed Payment,Medium,Retest,2026-07-25,Finance Ops,3
E0000889,L0000596,Missed Payment,Medium,Retest,2026-04-29,Loan Ops,4
E0000890,L0000596,Payment Mismatch,High,In Progress,2026-07-05,Finance Ops,2
E0000891,L0000596,KYC Failure,High,Open,2026-03-30,Compliance,5
E0000892,L0000597,Missed Payment,Medium,Resolved,2026-08-16,Loan Ops,4
E0000893,L0000597,Payment Mismatch,Medium,Open,2026-09-24,Collections,2
E0000894,L0000598,Payment Mismatch,High,In Progress,2026-06-06,Collections,1
E0000895,L0000598,Payment Mismatch,High,In Progress,2026-07-04,Collections,1
E0000896,L0000598,Payment Mismatch,Low,In Progress,2026-11-08,Collections,4
E0000897,L0000599,Missed Payment,Medium,Open,2025-11-07,Loan Ops,4
E0000898,L0000599,Missed Payment,High,Retest,2026-02-07,Finance Ops,2
E0000899,L0000600,Payment Mismatch,High,Open,2026-02-09,Finance Ops,2
E0000900,L0000601,Missed Payment,Low,Retest,2026-03-19,Collections,5
E0000901,L0000601,Payment Mismatch,Low,Resolved,2026-04-18,Collections,5
E0000902,L0000601,Payment Mismatch,Medium,Retest,2026-08-17,Finance Ops,3
E0000903,L0000601,KYC Failure,High,Open,2026-02-17,Compliance,1
E0000904,L0000602,Missed Payment,Low,Retest,2025-08-28,Collections,2
E0000905,L0000602,Missed Payment,Low,Resolved,2025-12-26,Finance Ops,4
E0000906,L0000603,Payment Mismatch,Low,Resolved,2026-10-02,Collections,2
E0000907,L0000603,Payment Mismatch,Low,In Progress,2026-10-22,Collections,4
E0000908,L0000603,Missed Payment,Medium,In Progress,2027-04-18,Loan Ops,6
E0000909,L0000603,Missed Payment,Medium,Open,2027-07-29,Collections,6
E0000910,L0000604,Payment Mismatch,Low,Open,2025-10-24,Collections,1
E0000911,L0000605,Missed Payment,Low,Open,2026-09-18,Loan Ops,1
E0000912,L0000606,Payment Mismatch,Medium,Retest,2026-10-10,Loan Ops,5
E0000913,L0000607,Payment Mismatch,High,Retest,2026-09-04,Loan Ops,7
E0000914,L0000608,Missed Payment,High,Resolved,2026-01-10,Loan Ops,7
E0000915,L0000609,Payment Mismatch,Low,In Progress,2025-09-10,Collections,4
E0000916,L0000609,Payment Mismatch,High,Resolved,2026-03-17,Collections,4
E0000917,L0000612,Payment Mismatch,Medium,Resolved,2025-08-09,Finance Ops,3
E0000918,L0000613,Missed Payment,Low,Open,2026-08-01,Finance Ops,6
E0000919,L0000613,Payment Mismatch,High,In Progress,2026-11-08,Loan Ops,5
E0000920,L0000615,Payment Mismatch,Medium,Resolved,2026-06-13,Loan Ops,6
E0000921,L0000615,Payment Mismatch,High,Resolved,2026-10-09,Loan Ops,3
E0000922,L0000615,Payment Mismatch,Low,Open,2026-12-08,Loan Ops,4
E0000923,L0000615,Payment Mismatch,High,In Progress,2027-02-05,Collections,4
E0000924,L0000617,Payment Mismatch,Low,Retest,2025-03-13,Finance Ops,1
E0000925,L0000618,Payment Mismatch,Medium,Retest,2026-04-07,Collections,1
E0000926,L0000619,Missed Payment,Medium,Retest,2026-06-29,Finance Ops,7
E0000927,L0000620,Payment Mismatch,Medium,Resolved,2026-07-14,Collections,2
E0000928,L0000622,Missed Payment,Low,In Progress,2026-08-22,Finance Ops,7
E0000929,L0000622,Payment Mismatch,Low,Resolved,2026-09-20,Loan Ops,3
E0000930,L0000622,Payment Mismatch,High,Retest,2027-05-28,Finance Ops,6
E0000931,L0000623,Missed Payment,Medium,Open,2026-06-04,Finance Ops,3
E0000932,L0000623,Payment Mismatch,High,Resolved,2026-10-11,Finance Ops,6
E0000933,L0000623,Missed Payment,Medium,Resolved,2027-01-29,Collections,6
E0000934,L0000623,Payment Mismatch,High,Open,2027-03-28,Loan Ops,4
E0000935,L0000623,Payment Mismatch,Low,Resolved,2027-06-28,Loan Ops,2
E0000936,L0000626,Missed Payment,High,In Progress,2026-07-13,Finance Ops,4
E0000937,L0000626,Missed Payment,Low,In Progress,2026-10-03,Collections,5
E0000938,L0000627,Payment Mismatch,Medium,Resolved,2026-06-11,Finance Ops,7
E0000939,L0000627,Payment Mismatch,High,Open,2026-08-01,Finance Ops,2
E0000940,L0000627,Missed Payment,Medium,Resolved,2026-10-04,Finance Ops,3
E0000941,L0000628,Payment Mismatch,Medium,In Progress,2025-10-13,Finance Ops,2
E0000942,L0000630,Payment Mismatch,Low,Resolved,2025-07-05,Collections,4
E0000943,L0000630,KYC Failure,High,Resolved,2025-02-26,Compliance,2
E0000944,L0000632,Missed Payment,Medium,Open,2026-05-01,Loan Ops,6
E0000945,L0000633,Payment Mismatch,High,Resolved,2026-11-14,Collections,7
E0000946,L0000634,Missed Payment,Medium,Retest,2026-03-19,Finance Ops,6
E0000947,L0000634,Payment Mismatch,Medium,Retest,2026-04-22,Finance Ops,6
E0000948,L0000634,Missed Payment,High,Resolved,2026-06-15,Loan Ops,4
E0000949,L0000634,Payment Mismatch,Medium,Open,2026-08-17,Finance Ops,5
E0000950,L0000634,Payment Mismatch,Medium,In Progress,2026-12-18,Loan Ops,2
E0000951,L0000636,Payment Mismatch,High,Open,2026-05-21,Loan Ops,3
E0000952,L0000636,Missed Payment,Low,In Progress,2026-11-09,Collections,3
E0000953,L0000637,Payment Mismatch,High,In Progress,2026-02-18,Collections,4
E0000954,L0000637,Payment Mismatch,High,In Progress,2026-06-25,Finance Ops,7
E0000955,L0000640,Missed Payment,Medium,Open,2026-07-01,Collections,6
E0000956,L0000640,Missed Payment,Medium,Open,2027-03-03,Loan Ops,1
E0000957,L0000640,Payment Mismatch,Low,In Progress,2027-11-17,Loan Ops,1
E0000958,L0000641,Payment Mismatch,Low,In Progress,2025-08-05,Finance Ops,1
E0000959,L0000642,Payment Mismatch,High,Retest,2026-05-08,Loan Ops,1
E0000960,L0000642,Missed Payment,Low,Open,2027-02-28,Collections,3
E0000961,L0000643,Payment Mismatch,Medium,In Progress,2027-11-05,Collections,7
E0000962,L0000644,Payment Mismatch,Medium,Resolved,2025-12-26,Loan Ops,1
E0000963,L0000644,Missed Payment,Low,Retest,2026-01-23,Finance Ops,5
E0000964,L0000644,Payment Mismatch,Low,Retest,2026-10-22,Collections,6
E0000965,L0000646,Payment Mismatch,High,In Progress,2026-03-04,Loan Ops,1
E0000966,L0000646,Missed Payment,Low,In Progress,2026-05-30,Collections,6
E0000967,L0000647,Missed Payment,Medium,In Progress,2025-07-09,Collections,6
E0000968,L0000647,Payment Mismatch,Low,In Progress,2025-10-06,Loan Ops,7
E0000969,L0000647,Missed Payment,Low,Open,2026-04-05,Loan Ops,1
E0000970,L0000649,Missed Payment,Medium,Resolved,2026-08-03,Loan Ops,6
E0000971,L0000652,Payment Mismatch,High,Open,2026-03-19,Collections,5
E0000972,L0000652,Payment Mismatch,High,In Progress,2026-08-12,Finance Ops,1
E0000973,L0000652,Payment Mismatch,Low,Open,2026-10-09,Collections,1
E0000974,L0000653,Payment Mismatch,High,In Progress,2026-06-23,Loan Ops,6
E0000975,L0000655,Missed Payment,Medium,Resolved,2026-07-25,Loan Ops,5
E0000976,L0000657,Payment Mismatch,High,Open,2026-01-18,Collections,5
E0000977,L0000657,Missed Payment,High,Retest,2026-04-19,Collections,7
E0000978,L0000658,Missed Payment,Medium,Retest,2025-02-22,Loan Ops,2
E0000979,L0000658,Payment Mismatch,Medium,Retest,2025-12-18,Finance Ops,6
E0000980,L0000659,Missed Payment,Low,Retest,2027-02-06,Collections,7
E0000981,L0000660,Payment Mismatch,Medium,Retest,2025-12-22,Loan Ops,6
E0000982,L0000660,Payment Mismatch,Low,Open,2026-08-10,Loan Ops,6
E0000983,L0000661,KYC Failure,High,Manual Review,2026-02-14,Compliance,1
E0000984,L0000662,Payment Mismatch,High,Retest,2026-04-13,Finance Ops,2
E0000985,L0000662,Payment Mismatch,High,Resolved,2026-05-13,Finance Ops,1
E0000986,L0000662,Payment Mismatch,Medium,Resolved,2026-10-29,Loan Ops,4
E0000987,L0000662,Missed Payment,Medium,Retest,2027-01-08,Loan Ops,1
E0000988,L0000664,Payment Mismatch,Low,Resolved,2026-05-11,Collections,6
E0000989,L0000664,Missed Payment,Medium,In Progress,2026-08-08,Collections,1
E0000990,L0000664,Missed Payment,Low,In Progress,2027-04-05,Finance Ops,6
E0000991,L0000664,Missed Payment,High,Open,2027-05-08,Finance Ops,2
E0000992,L0000665,Missed Payment,Low,In Progress,2026-06-04,Loan Ops,6
E0000993,L0000665,Missed Payment,High,In Progress,2026-09-06,Collections,5
E0000994,L0000667,Payment Mismatch,High,In Progress,2025-11-23,Finance Ops,6
E0000995,L0000667,Payment Mismatch,High,Retest,2026-07-31,Collections,2
E0000996,L0000667,KYC Failure,High,Open,2025-09-22,Compliance,3
E0000997,L0000668,Missed Payment,High,Open,2025-11-03,Finance Ops,7
E0000998,L0000669,Payment Mismatch,Medium,In Progress,2026-07-03,Loan Ops,3
E0000999,L0000669,Missed Payment,Low,Resolved,2026-08-10,Finance Ops,7
E0001000,L0000669,KYC Failure,High,Manual Review,2025-09-03,Compliance,1
E0001001,L0000670,Payment Mismatch,Low,Open,2026-07-14,Loan Ops,5
E0001002,L0000671,Payment Mismatch,Low,Open,2026-09-02,Finance Ops,2
E0001003,L0000672,Missed Payment,Medium,Retest,2026-08-11,Collections,3
E0001004,L0000673,Payment Mismatch,Medium,In Progress,2026-11-13,Finance Ops,4
E0001005,L0000673,Missed Payment,Low,In Progress,2026-12-15,Finance Ops,3
E0001006,L0000673,Payment Mismatch,Low,Retest,2027-01-22,Collections,5
E0001007,L0000674,Payment Mismatch,Low,In Progress,2026-10-30,Finance Ops,6
E0001008,L0000674,Payment Mismatch,Low,Open,2027-01-29,Finance Ops,1
E0001009,L0000674,KYC Failure,High,Open,2026-06-01,Compliance,5
E0001010,L0000675,Missed Payment,High,In Progress,2025-10-24,Loan Ops,3
E0001011,L0000675,Missed Payment,Medium,Open,2025-11-24,Collections,7
E0001012,L0000675,Payment Mismatch,Low,Open,2026-02-22,Loan Ops,2
E0001013,L0000677,Missed Payment,Medium,Resolved,2026-05-17,Loan Ops,4
E0001014,L0000678,Payment Mismatch,High,In Progress,2025-09-12,Collections,6
E0001015,L0000678,Payment Mismatch,High,In Progress,2025-11-10,Loan Ops,4
E0001016,L0000678,Payment Mismatch,Low,Resolved,2025-12-13,Collections,5
E0001017,L0000679,Payment Mismatch,High,Resolved,2026-06-18,Collections,1
E0001018,L0000679,Missed Payment,Medium,In Progress,2026-07-17,Collections,7
E0001019,L0000679,Payment Mismatch,Medium,Resolved,2026-10-13,Collections,6
E0001020,L0000679,KYC Failure,High,Open,2026-02-15,Compliance,2
E0001021,L0000680,Payment Mismatch,Medium,Open,2026-01-04,Collections,2
E0001022,L0000680,Missed Payment,Low,Open,2026-03-28,Loan Ops,7
E0001023,L0000680,Payment Mismatch,Medium,Resolved,2026-10-06,Loan Ops,5
E0001024,L0000680,KYC Failure,High,Open,2025-11-26,Compliance,4
E0001025,L0000682,KYC Failure,High,Open,2025-07-27,Compliance,4
E0001026,L0000683,Payment Mismatch,Low,Retest,2026-08-04,Loan Ops,4
E0001027,L0000685,Payment Mismatch,Low,Resolved,2026-03-31,Finance Ops,4
E0001028,L0000688,Payment Mismatch,High,Resolved,2025-08-20,Collections,1
E0001029,L0000689,Missed Payment,High,Retest,2025-05-27,Loan Ops,7
E0001030,L0000690,Payment Mismatch,Medium,In Progress,2025-10-19,Loan Ops,1
E0001031,L0000690,Missed Payment,Low,Retest,2025-11-19,Collections,7
E0001032,L0000694,Payment Mismatch,High,Resolved,2026-05-14,Loan Ops,6
E0001033,L0000697,Payment Mismatch,High,In Progress,2025-08-18,Finance Ops,7
E0001034,L0000697,Payment Mismatch,Low,Resolved,2025-11-15,Loan Ops,6
E0001035,L0000697,Payment Mismatch,Medium,In Progress,2026-05-11,Collections,2
E0001036,L0000697,Payment Mismatch,High,Open,2026-07-12,Finance Ops,1
E0001037,L0000698,Payment Mismatch,Low,Resolved,2025-08-27,Collections,4
E0001038,L0000698,Missed Payment,Low,Open,2025-12-23,Finance Ops,4
E0001039,L0000698,Payment Mismatch,Medium,In Progress,2026-01-25,Collections,2
E0001040,L0000699,Payment Mismatch,High,Resolved,2026-03-04,Collections,6
E0001041,L0000700,Missed Payment,Low,Retest,2026-04-04,Loan Ops,5
E0001042,L0000700,Payment Mismatch,Low,Open,2026-07-29,Finance Ops,4
E0001043,L0000701,Payment Mismatch,Low,Open,2025-08-21,Collections,3
E0001044,L0000702,Payment Mismatch,High,Resolved,2025-06-11,Finance Ops,5
E0001045,L0000702,Missed Payment,High,In Progress,2025-07-01,Finance Ops,6
E0001046,L0000702,Missed Payment,Medium,In Progress,2025-08-05,Collections,4
E0001047,L0000702,Payment Mismatch,High,Resolved,2025-09-28,Finance Ops,7
E0001048,L0000702,Payment Mismatch,Low,Retest,2025-11-08,Collections,7
E0001049,L0000702,Payment Mismatch,Low,Retest,2026-02-28,Loan Ops,6
E0001050,L0000704,Payment Mismatch,Low,In Progress,2026-05-25,Loan Ops,5
E0001051,L0000705,Payment Mismatch,Medium,Resolved,2026-06-30,Finance Ops,6
E0001052,L0000705,Payment Mismatch,Low,Retest,2026-08-29,Finance Ops,7
E0001053,L0000706,Payment Mismatch,Medium,Open,2025-05-16,Finance Ops,7
E0001054,L0000706,Missed Payment,Low,Open,2025-12-11,Finance Ops,5
E0001055,L0000708,Payment Mismatch,Low,In Progress,2026-08-31,Collections,7
E0001056,L0000708,Missed Payment,High,Open,2026-12-30,Finance Ops,4
E0001057,L0000708,Missed Payment,High,Open,2027-07-09,Finance Ops,5
E0001058,L0000708,KYC Failure,High,Resolved,2026-06-01,Compliance,1
E0001059,L0000709,KYC Failure,High,Manual Review,2025-04-10,Compliance,2
E0001060,L0000710,Missed Payment,Medium,Resolved,2026-03-07,Finance Ops,1
E0001061,L0000711,Payment Mismatch,Medium,In Progress,2026-05-31,Finance Ops,3
E0001062,L0000712,Payment Mismatch,Low,Resolved,2026-10-28,Loan Ops,2
E0001063,L0000712,Payment Mismatch,Low,In Progress,2027-03-27,Finance Ops,5
E0001064,L0000713,Payment Mismatch,Low,Resolved,2026-02-01,Loan Ops,3
E0001065,L0000713,Payment Mismatch,Low,In Progress,2026-09-26,Loan Ops,6
E0001066,L0000714,Payment Mismatch,High,Resolved,2025-04-14,Loan Ops,4
E0001067,L0000715,Payment Mismatch,Medium,Open,2026-08-29,Finance Ops,6
E0001068,L0000715,Missed Payment,Low,Open,2026-11-05,Collections,4
E0001069,L0000716,Missed Payment,Low,Retest,2026-01-30,Collections,1
E0001070,L0000717,Payment Mismatch,Low,Resolved,2026-03-18,Finance Ops,4
E0001071,L0000718,Missed Payment,Low,In Progress,2025-05-11,Loan Ops,7
E0001072,L0000719,Payment Mismatch,High,Retest,2026-02-01,Loan Ops,2
E0001073,L0000720,Payment Mismatch,Low,Open,2026-05-18,Loan Ops,6
E0001074,L0000721,Missed Payment,Medium,Resolved,2026-05-04,Loan Ops,4
E0001075,L0000721,Missed Payment,Low,Retest,2026-05-31,Collections,7
E0001076,L0000721,Payment Mismatch,Low,Resolved,2026-10-09,Loan Ops,7
E0001077,L0000721,Payment Mismatch,Medium,In Progress,2026-12-26,Collections,3
E0001078,L0000721,Payment Mismatch,Low,Retest,2027-02-06,Finance Ops,1
E0001079,L0000722,Payment Mismatch,Medium,In Progress,2026-02-25,Loan Ops,6
E0001080,L0000722,Missed Payment,Medium,Resolved,2026-05-21,Finance Ops,6
E0001081,L0000723,Missed Payment,Medium,Open,2026-05-29,Finance Ops,2
E0001082,L0000723,Missed Payment,Medium,In Progress,2026-07-01,Collections,4
E0001083,L0000724,Missed Payment,Medium,Open,2025-11-16,Finance Ops,6
E0001084,L0000725,Payment Mismatch,Low,In Progress,2026-05-24,Loan Ops,4
E0001085,L0000725,Missed Payment,Low,Retest,2026-06-20,Loan Ops,5
E0001086,L0000725,Payment Mismatch,Medium,In Progress,2027-04-15,Collections,1
E0001087,L0000725,KYC Failure,High,Resolved,2025-12-15,Compliance,4
E0001088,L0000726,Payment Mismatch,High,Resolved,2025-07-27,Loan Ops,3
E0001089,L0000726,Payment Mismatch,Low,Retest,2025-08-25,Loan Ops,3
E0001090,L0000728,Payment Mismatch,High,Retest,2026-05-24,Collections,1
E0001091,L0000728,Missed Payment,Low,Resolved,2026-06-24,Finance Ops,2
E0001092,L0000728,Missed Payment,High,Resolved,2027-01-21,Loan Ops,7
E0001093,L0000728,Payment Mismatch,High,Retest,2027-05-01,Collections,5
E0001094,L0000729,Payment Mismatch,High,Resolved,2026-08-09,Loan Ops,7
E0001095,L0000729,Payment Mismatch,Medium,Retest,2026-11-16,Collections,1
E0001096,L0000729,Missed Payment,Medium,Resolved,2027-04-15,Collections,3
E0001097,L0000730,Payment Mismatch,Low,Resolved,2025-10-01,Collections,6
E0001098,L0000731,Payment Mismatch,High,Open,2025-11-16,Finance Ops,6
E0001099,L0000731,Missed Payment,Medium,Open,2026-01-13,Finance Ops,3
E0001100,L0000731,Payment Mismatch,High,In Progress,2026-02-14,Finance Ops,1
E0001101,L0000732,Missed Payment,High,In Progress,2026-02-18,Collections,1
E0001102,L0000732,Payment Mismatch,Low,Retest,2026-03-25,Collections,6
E0001103,L0000732,Missed Payment,Medium,Retest,2026-06-18,Loan Ops,7
E0001104,L0000732,Missed Payment,High,Resolved,2026-11-10,Finance Ops,2
E0001105,L0000733,Payment Mismatch,Medium,Open,2026-01-17,Loan Ops,3
E0001106,L0000733,Payment Mismatch,Medium,Retest,2026-02-16,Finance Ops,5
E0001107,L0000734,Missed Payment,Low,Open,2027-04-15,Collections,6
E0001108,L0000734,Missed Payment,Medium,Resolved,2027-05-05,Collections,4
E0001109,L0000735,Missed Payment,Medium,Retest,2026-05-30,Collections,4
E0001110,L0000735,KYC Failure,High,Open,2026-01-26,Compliance,1
E0001111,L0000736,Payment Mismatch,Low,Retest,2025-09-10,Loan Ops,2
E0001112,L0000737,Missed Payment,High,Resolved,2026-04-15,Finance Ops,4
E0001113,L0000737,Payment Mismatch,Low,Retest,2026-05-12,Loan Ops,1
E0001114,L0000737,Missed Payment,Medium,Retest,2026-07-09,Finance Ops,6
E0001115,L0000737,KYC Failure,High,Manual Review,2025-02-10,Compliance,3
E0001116,L0000738,Missed Payment,Medium,In Progress,2026-12-30,Collections,5
E0001117,L0000739,Missed Payment,Medium,In Progress,2025-05-26,Finance Ops,2
E0001118,L0000740,KYC Failure,High,Manual Review,2026-02-07,Compliance,5
E0001119,L0000741,Missed Payment,Low,Open,2025-11-13,Loan Ops,6
E0001120,L0000741,Missed Payment,High,Open,2026-03-14,Finance Ops,5
E0001121,L0000741,Missed Payment,High,Retest,2026-08-10,Collections,6
E0001122,L0000744,Payment Mismatch,Low,Retest,2025-10-13,Loan Ops,6
E0001123,L0000744,Payment Mismatch,Medium,Resolved,2026-03-13,Finance Ops,7
E0001124,L0000745,Missed Payment,Medium,Resolved,2027-03-04,Collections,4
E0001125,L0000746,Payment Mismatch,Low,Resolved,2026-04-12,Finance Ops,7
E0001126,L0000747,Payment Mismatch,High,Resolved,2026-08-07,Collections,3
E0001127,L0000749,Payment Mismatch,Medium,Retest,2025-02-26,Finance Ops,5
E0001128,L0000750,Missed Payment,Low,Resolved,2026-12-01,Finance Ops,5
E0001129,L0000751,Missed Payment,Low,In Progress,2026-07-19,Collections,1
E0001130,L0000751,Payment Mismatch,Medium,Retest,2026-12-15,Finance Ops,1
E0001131,L0000751,Payment Mismatch,Low,Retest,2027-05-15,Loan Ops,6
E0001132,L0000754,Payment Mismatch,High,Open,2025-06-22,Finance Ops,5
E0001133,L0000754,Missed Payment,High,Retest,2025-08-29,Collections,6
E0001134,L0000755,Payment Mismatch,Medium,Open,2025-06-21,Collections,3
E0001135,L0000756,Missed Payment,Low,In Progress,2027-01-30,Finance Ops,4
E0001136,L0000758,Payment Mismatch,Medium,Resolved,2026-05-12,Loan Ops,3
E0001137,L0000759,Payment Mismatch,Medium,Open,2026-02-07,Finance Ops,7
E0001138,L0000761,Missed Payment,Medium,Resolved,2026-11-23,Loan Ops,4
E0001139,L0000761,Payment Mismatch,Medium,In Progress,2027-02-12,Collections,5
E0001140,L0000762,Payment Mismatch,Low,In Progress,2026-05-30,Collections,7
E0001141,L0000762,Payment Mismatch,Low,In Progress,2027-02-21,Finance Ops,6
E0001142,L0000764,Payment Mismatch,High,Retest,2026-12-11,Finance Ops,4
E0001143,L0000764,KYC Failure,High,Open,2026-04-12,Compliance,2
E0001144,L0000765,KYC Failure,High,Manual Review,2025-02-04,Compliance,3
E0001145,L0000766,Payment Mismatch,Medium,In Progress,2026-01-10,Loan Ops,5
E0001146,L0000766,Payment Mismatch,Medium,In Progress,2026-02-12,Collections,2
E0001147,L0000766,Payment Mismatch,Medium,Resolved,2026-03-17,Loan Ops,5
E0001148,L0000766,Payment Mismatch,Low,In Progress,2026-08-09,Collections,4
E0001149,L0000766,Payment Mismatch,Medium,In Progress,2026-10-13,Collections,3
E0001150,L0000766,Payment Mismatch,Medium,Retest,2027-03-07,Finance Ops,3
E0001151,L0000767,Payment Mismatch,High,Open,2025-03-27,Loan Ops,4
E0001152,L0000767,Missed Payment,Low,Open,2025-04-27,Collections,3
E0001153,L0000767,Payment Mismatch,High,In Progress,2025-09-20,Finance Ops,4
E0001154,L0000767,Payment Mismatch,Low,Retest,2025-12-20,Loan Ops,2
E0001155,L0000768,Payment Mismatch,Medium,Resolved,2026-02-24,Finance Ops,5
E0001156,L0000768,Missed Payment,Medium,Resolved,2026-03-29,Collections,3
E0001157,L0000771,Missed Payment,Medium,Resolved,2025-10-17,Collections,2
E0001158,L0000771,Payment Mismatch,Low,Resolved,2025-11-16,Loan Ops,6
E0001159,L0000771,Missed Payment,Low,Resolved,2026-02-13,Collections,4
E0001160,L0000773,Payment Mismatch,Low,Retest,2026-02-26,Loan Ops,4
E0001161,L0000773,Payment Mismatch,High,In Progress,2026-05-28,Loan Ops,5
E0001162,L0000773,Missed Payment,High,Retest,2026-07-31,Finance Ops,7
E0001163,L0000774,Payment Mismatch,Low,In Progress,2025-12-30,Loan Ops,1
E0001164,L0000774,Missed Payment,Medium,Retest,2026-04-03,Collections,4
E0001165,L0000776,Payment Mismatch,Medium,Retest,2025-05-30,Finance Ops,1
E0001166,L0000777,Payment Mismatch,Medium,In Progress,2026-03-05,Finance Ops,7
E0001167,L0000777,KYC Failure,High,Resolved,2025-08-02,Compliance,2
E0001168,L0000778,Missed Payment,Low,In Progress,2026-03-20,Collections,4
E0001169,L0000778,Payment Mismatch,Low,Open,2026-05-18,Finance Ops,7
E0001170,L0000779,Payment Mismatch,Low,Retest,2027-02-16,Collections,6
E0001171,L0000779,Missed Payment,Low,Open,2027-04-10,Collections,4
E0001172,L0000779,Missed Payment,High,Resolved,2027-05-14,Collections,6
E0001173,L0000780,Missed Payment,High,Retest,2026-01-07,Collections,4
E0001174,L0000780,Payment Mismatch,Low,Retest,2026-03-09,Finance Ops,7
E0001175,L0000780,Payment Mismatch,Low,In Progress,2026-07-05,Collections,4
E0001176,L0000780,KYC Failure,High,Open,2025-12-01,Compliance,5
E0001177,L0000781,Payment Mismatch,High,Retest,2025-08-02,Finance Ops,1
E0001178,L0000781,Payment Mismatch,High,Resolved,2025-11-30,Loan Ops,6
E0001179,L0000781,Payment Mismatch,High,Retest,2026-06-25,Finance Ops,4
E0001180,L0000783,Missed Payment,Low,Open,2027-01-03,Loan Ops,3
E0001181,L0000783,Payment Mismatch,High,Open,2027-01-31,Finance Ops,6
E0001182,L0000786,Payment Mismatch,Low,Open,2026-09-23,Collections,1
E0001183,L0000786,KYC Failure,High,Resolved,2026-02-19,Compliance,3
E0001184,L0000787,Missed Payment,Low,Open,2026-01-19,Finance Ops,5
E0001185,L0000788,Payment Mismatch,Medium,In Progress,2026-02-08,Collections,7
E0001186,L0000788,Missed Payment,Low,Resolved,2026-03-03,Finance Ops,2
E0001187,L0000789,Missed Payment,High,Open,2026-03-26,Loan Ops,5
E0001188,L0000789,Payment Mismatch,Medium,Retest,2026-10-23,Finance Ops,4
E0001189,L0000790,Payment Mismatch,Medium,Retest,2026-07-25,Loan Ops,2
E0001190,L0000790,Payment Mismatch,High,Open,2027-05-16,Loan Ops,3
E0001191,L0000791,Missed Payment,High,Retest,2025-12-12,Finance Ops,5
E0001192,L0000791,Missed Payment,Medium,Retest,2026-01-15,Collections,7
E0001193,L0000791,Missed Payment,Low,Resolved,2026-07-17,Finance Ops,2
E0001194,L0000791,Missed Payment,Medium,Retest,2026-09-10,Finance Ops,5
E0001195,L0000791,Missed Payment,Medium,Resolved,2026-11-08,Finance Ops,6
E0001196,L0000792,Payment Mismatch,Medium,Open,2026-10-21,Loan Ops,4
E0001197,L0000792,Payment Mismatch,High,Resolved,2027-01-18,Finance Ops,6
E0001198,L0000792,KYC Failure,High,Manual Review,2025-09-19,Compliance,4
E0001199,L0000793,Payment Mismatch,Medium,Resolved,2026-09-21,Loan Ops,1
E0001200,L0000794,KYC Failure,High,Manual Review,2025-05-21,Compliance,4
E0001201,L0000795,Missed Payment,Low,In Progress,2026-02-10,Collections,2
E0001202,L0000795,Missed Payment,Low,Open,2026-04-11,Loan Ops,1
E0001203,L0000798,Missed Payment,Low,Retest,2026-06-19,Loan Ops,4
E0001204,L0000799,Missed Payment,High,In Progress,2026-01-14,Loan Ops,2
E0001205,L0000799,Payment Mismatch,Medium,In Progress,2026-04-22,Loan Ops,5
E0001206,L0000799,Payment Mismatch,Medium,Resolved,2026-06-09,Collections,1
E0001207,L0000800,Payment Mismatch,Medium,Retest,2025-03-13,Collections,4
E0001208,L0000800,KYC Failure,High,Manual Review,2025-01-06,Compliance,2
E0001209,L0000801,Missed Payment,High,Open,2026-09-05,Finance Ops,2
E0001210,L0000801,Payment Mismatch,High,Resolved,2026-10-09,Loan Ops,4
E0001211,L0000801,Payment Mismatch,Low,In Progress,2027-01-12,Loan Ops,1
E0001212,L0000802,Missed Payment,High,In Progress,2025-09-21,Loan Ops,3
E0001213,L0000802,KYC Failure,High,Open,2025-04-10,Compliance,4
E0001214,L0000803,Payment Mismatch,High,Open,2025-05-26,Collections,3
E0001215,L0000803,Payment Mismatch,Medium,In Progress,2025-06-22,Finance Ops,7
E0001216,L0000805,Missed Payment,Low,Open,2026-01-30,Collections,7
E0001217,L0000806,Payment Mismatch,Low,Resolved,2025-10-05,Finance Ops,1
E0001218,L0000807,Payment Mismatch,Low,Resolved,2026-09-12,Finance Ops,3
E0001219,L0000807,Missed Payment,Low,Retest,2027-04-11,Loan Ops,1
E0001220,L0000807,KYC Failure,High,Open,2026-02-13,Compliance,3
E0001221,L0000808,Missed Payment,High,Retest,2026-03-15,Collections,7
E0001222,L0000810,Payment Mismatch,Low,In Progress,2026-10-27,Finance Ops,2
E0001223,L0000810,Payment Mismatch,Low,Resolved,2027-02-19,Finance Ops,2
E0001224,L0000811,Missed Payment,High,Retest,2026-10-01,Collections,5
E0001225,L0000811,Payment Mismatch,Medium,Retest,2026-12-29,Finance Ops,5
E0001226,L0000811,KYC Failure,High,Open,2026-04-27,Compliance,2
E0001227,L0000812,Missed Payment,Medium,Retest,2026-02-24,Loan Ops,6
E0001228,L0000812,Payment Mismatch,Low,In Progress,2026-03-25,Finance Ops,6
E0001229,L0000812,Payment Mismatch,High,In Progress,2027-03-22,Collections,3
E0001230,L0000813,Payment Mismatch,Medium,In Progress,2025-07-19,Collections,6
E0001231,L0000813,Payment Mismatch,Low,Resolved,2025-10-13,Collections,5
E0001232,L0000813,Payment Mismatch,High,Retest,2025-11-12,Loan Ops,7
E0001233,L0000813,Missed Payment,High,Resolved,2026-01-15,Loan Ops,3
E0001234,L0000813,Payment Mismatch,Medium,Resolved,2026-07-19,Finance Ops,4
E0001235,L0000813,Payment Mismatch,Low,Retest,2026-08-18,Loan Ops,6
E0001236,L0000814,Payment Mismatch,Medium,Retest,2026-07-08,Loan Ops,6
E0001237,L0000814,Missed Payment,High,Retest,2026-08-12,Finance Ops,1
E0001238,L0000814,Payment Mismatch,High,Resolved,2026-10-05,Loan Ops,6
E0001239,L0000815,Payment Mismatch,High,Retest,2025-04-05,Loan Ops,6
E0001240,L0000815,KYC Failure,High,Manual Review,2025-01-23,Compliance,1
E0001241,L0000817,Payment Mismatch,High,In Progress,2025-10-25,Loan Ops,1
E0001242,L0000818,Missed Payment,Low,Retest,2026-07-23,Collections,3
E0001243,L0000820,Payment Mismatch,High,Resolved,2026-04-05,Collections,7
E0001244,L0000821,Payment Mismatch,Low,Open,2025-06-18,Finance Ops,4
E0001245,L0000821,Missed Payment,High,Open,2025-08-17,Loan Ops,1
E0001246,L0000822,Missed Payment,High,In Progress,2025-08-07,Collections,4
E0001247,L0000824,Payment Mismatch,High,Open,2026-04-17,Collections,5
E0001248,L0000824,Payment Mismatch,High,In Progress,2027-01-04,Finance Ops,1
E0001249,L0000824,Payment Mismatch,Low,Retest,2027-02-02,Collections,3
E0001250,L0000824,Payment Mismatch,High,Resolved,2027-03-01,Collections,4
E0001251,L0000825,Missed Payment,Medium,In Progress,2025-09-10,Finance Ops,2
E0001252,L0000826,Payment Mismatch,Low,Resolved,2026-03-03,Collections,7
E0001253,L0000828,Missed Payment,High,In Progress,2026-06-07,Collections,2
E0001254,L0000828,Payment Mismatch,Medium,In Progress,2026-07-08,Collections,4
E0001255,L0000828,Payment Mismatch,Low,Resolved,2026-10-05,Finance Ops,1
E0001256,L0000829,Payment Mismatch,High,Resolved,2025-11-24,Collections,3
E0001257,L0000830,Payment Mismatch,Medium,Resolved,2026-06-04,Loan Ops,3
E0001258,L0000830,Payment Mismatch,Low,Resolved,2026-08-10,Loan Ops,4
E0001259,L0000830,Payment Mismatch,Medium,Resolved,2027-04-04,Loan Ops,5
E0001260,L0000831,Payment Mismatch,Low,Open,2026-03-26,Finance Ops,6
E0001261,L0000832,Missed Payment,Medium,Resolved,2026-02-03,Loan Ops,6
E0001262,L0000833,Payment Mismatch,Medium,Resolved,2026-04-21,Collections,4
E0001263,L0000833,Payment Mismatch,Medium,Resolved,2026-05-21,Collections,2
E0001264,L0000834,Missed Payment,Medium,Open,2026-09-20,Finance Ops,6
E0001265,L0000834,Missed Payment,Medium,Resolved,2027-04-28,Collections,6
E0001266,L0000834,KYC Failure,High,Open,2026-01-18,Compliance,5
E0001267,L0000835,Payment Mismatch,Low,Open,2026-04-25,Collections,7
E0001268,L0000835,Payment Mismatch,Low,Resolved,2027-02-23,Loan Ops,6
E0001269,L0000836,Missed Payment,High,Open,2025-04-27,Loan Ops,2
E0001270,L0000837,Payment Mismatch,Low,In Progress,2025-09-15,Finance Ops,2
E0001271,L0000838,Missed Payment,Low,Retest,2026-07-22,Loan Ops,5
E0001272,L0000838,Payment Mismatch,Low,Retest,2026-09-25,Collections,4
E0001273,L0000840,Payment Mismatch,Medium,In Progress,2026-12-23,Finance Ops,7
E0001274,L0000842,Payment Mismatch,Medium,Resolved,2025-06-23,Finance Ops,5
E0001275,L0000844,Payment Mismatch,High,Resolved,2027-02-01,Collections,3
E0001276,L0000845,Missed Payment,Low,Open,2025-06-23,Loan Ops,4
E0001277,L0000845,Payment Mismatch,Medium,In Progress,2026-04-20,Finance Ops,5
E0001278,L0000846,Payment Mismatch,Low,Resolved,2025-10-30,Collections,3
E0001279,L0000846,KYC Failure,High,Manual Review,2025-09-13,Compliance,1
E0001280,L0000849,Payment Mismatch,High,Open,2026-05-09,Collections,6
E0001281,L0000849,Payment Mismatch,High,Open,2026-09-02,Loan Ops,3
E0001282,L0000849,Missed Payment,High,Retest,2026-12-08,Loan Ops,1
E0001283,L0000849,Payment Mismatch,Medium,Retest,2027-06-01,Finance Ops,6
E0001284,L0000850,Payment Mismatch,Low,Retest,2026-05-04,Finance Ops,2
E0001285,L0000850,Missed Payment,Medium,In Progress,2027-02-01,Finance Ops,4
E0001286,L0000851,Missed Payment,Low,In Progress,2026-03-02,Finance Ops,6
E0001287,L0000851,Payment Mismatch,High,Retest,2026-05-13,Collections,5
E0001288,L0000852,Payment Mismatch,Low,Retest,2026-10-17,Collections,6
E0001289,L0000852,Payment Mismatch,Low,Retest,2027-05-20,Collections,6
E0001290,L0000854,Payment Mismatch,High,Resolved,2025-12-14,Collections,1
E0001291,L0000854,Payment Mismatch,High,Retest,2026-04-22,Collections,1
E0001292,L0000854,Missed Payment,Low,In Progress,2026-08-10,Loan Ops,7
E0001293,L0000854,KYC Failure,High,Resolved,2025-05-13,Compliance,3
E0001294,L0000855,Payment Mismatch,Low,Retest,2025-08-01,Finance Ops,6
E0001295,L0000858,Payment Mismatch,Medium,Retest,2025-11-09,Loan Ops,3
E0001296,L0000859,Payment Mismatch,Medium,Open,2026-07-27,Loan Ops,3
E0001297,L0000859,Payment Mismatch,High,In Progress,2026-09-16,Finance Ops,2
E0001298,L0000859,Payment Mismatch,Low,Open,2026-12-13,Collections,2
E0001299,L0000859,Missed Payment,Low,Open,2027-06-17,Loan Ops,1
E0001300,L0000860,Payment Mismatch,High,Resolved,2025-07-06,Finance Ops,7
E0001301,L0000860,Missed Payment,Medium,In Progress,2026-02-27,Finance Ops,3
E0001302,L0000860,Missed Payment,Low,In Progress,2026-04-10,Finance Ops,3
E0001303,L0000860,Payment Mismatch,Medium,Open,2026-06-01,Finance Ops,3
E0001304,L0000860,Missed Payment,High,Open,2026-06-27,Finance Ops,5
E0001305,L0000861,Payment Mismatch,Medium,In Progress,2026-12-19,Loan Ops,1
E0001306,L0000861,Payment Mismatch,High,Resolved,2027-02-14,Loan Ops,6
E0001307,L0000861,Missed Payment,Medium,Resolved,2027-06-17,Loan Ops,7
E0001308,L0000861,Payment Mismatch,Low,In Progress,2027-07-12,Finance Ops,2
E0001309,L0000861,KYC Failure,High,Resolved,2026-02-11,Compliance,2
E0001310,L0000862,Payment Mismatch,Medium,Resolved,2025-11-16,Finance Ops,6
E0001311,L0000865,Missed Payment,Medium,Open,2026-05-08,Collections,7
E0001312,L0000865,Payment Mismatch,Medium,Retest,2026-09-06,Collections,7
E0001313,L0000865,Payment Mismatch,Medium,Open,2026-12-04,Collections,7
E0001314,L0000868,Payment Mismatch,High,Resolved,2026-04-15,Collections,6
E0001315,L0000868,Payment Mismatch,Low,In Progress,2026-12-16,Collections,2
E0001316,L0000868,KYC Failure,High,Manual Review,2026-01-11,Compliance,1
E0001317,L0000869,Payment Mismatch,High,Retest,2025-04-11,Loan Ops,1
E0001318,L0000869,Payment Mismatch,High,Resolved,2025-05-11,Finance Ops,1
E0001319,L0000869,Payment Mismatch,Low,In Progress,2025-06-06,Collections,6
E0001320,L0000869,Payment Mismatch,High,Resolved,2025-07-10,Collections,3
E0001321,L0000869,Payment Mismatch,High,Open,2026-01-02,Finance Ops,4
E0001322,L0000869,Missed Payment,Low,Resolved,2026-04-11,Finance Ops,6
E0001323,L0000870,Payment Mismatch,Low,Open,2026-06-01,Finance Ops,6
E0001324,L0000870,Missed Payment,Low,Open,2026-10-22,Loan Ops,4
E0001325,L0000871,Payment Mismatch,Low,Retest,2026-05-27,Finance Ops,4
E0001326,L0000873,Missed Payment,High,Open,2026-05-06,Loan Ops,3
E0001327,L0000873,Missed Payment,Low,Retest,2026-08-08,Finance Ops,6
E0001328,L0000873,Payment Mismatch,High,Retest,2026-11-03,Loan Ops,7
E0001329,L0000874,Payment Mismatch,High,Retest,2025-11-12,Loan Ops,1
E0001330,L0000875,Missed Payment,Low,Open,2026-09-11,Loan Ops,3
E0001331,L0000875,Missed Payment,Low,In Progress,2027-01-20,Collections,3
E0001332,L0000876,Payment Mismatch,High,Open,2025-08-19,Finance Ops,3
E0001333,L0000876,Payment Mismatch,Low,Resolved,2026-04-07,Loan Ops,6
E0001334,L0000877,Payment Mismatch,Medium,In Progress,2026-01-05,Collections,5
E0001335,L0000878,Payment Mismatch,Low,In Progress,2025-09-28,Loan Ops,1
E0001336,L0000879,Payment Mismatch,High,Resolved,2025-08-11,Collections,4
E0001337,L0000879,Payment Mismatch,Medium,Retest,2025-09-10,Loan Ops,3
E0001338,L0000880,Payment Mismatch,Medium,In Progress,2025-06-20,Finance Ops,5
E0001339,L0000880,Payment Mismatch,Medium,Resolved,2026-05-17,Loan Ops,2
E0001340,L0000881,Payment Mismatch,High,Retest,2025-07-03,Collections,7
E0001341,L0000881,Payment Mismatch,Medium,Open,2025-10-06,Finance Ops,1
E0001342,L0000881,Payment Mismatch,High,Resolved,2025-11-29,Collections,5
E0001343,L0000884,Missed Payment,Medium,Resolved,2026-01-07,Finance Ops,3
E0001344,L0000884,Payment Mismatch,Low,Open,2026-10-27,Collections,3
E0001345,L0000884,KYC Failure,High,Manual Review,2025-10-30,Compliance,3
E0001346,L0000885,Payment Mismatch,High,Open,2025-09-13,Loan Ops,1
E0001347,L0000885,Missed Payment,High,In Progress,2025-10-08,Loan Ops,2
E0001348,L0000885,KYC Failure,High,Resolved,2025-05-03,Compliance,4
E0001349,L0000886,Missed Payment,Low,In Progress,2025-07-31,Collections,6
E0001350,L0000886,Missed Payment,Low,Resolved,2026-03-18,Collections,6
E0001351,L0000887,Missed Payment,Medium,Open,2026-10-10,Collections,2
E0001352,L0000888,Missed Payment,High,Open,2026-05-20,Loan Ops,1
E0001353,L0000888,Missed Payment,High,Resolved,2027-01-20,Collections,7
E0001354,L0000889,Payment Mismatch,Medium,Retest,2025-03-14,Collections,1
E0001355,L0000889,Missed Payment,Low,Open,2025-04-02,Loan Ops,1
E0001356,L0000890,Payment Mismatch,Medium,Open,2025-12-05,Loan Ops,3
E0001357,L0000890,Missed Payment,Medium,In Progress,2026-03-06,Loan Ops,6
E0001358,L0000891,Missed Payment,Low,Open,2026-07-13,Loan Ops,2
E0001359,L0000891,Payment Mismatch,High,Resolved,2026-09-15,Finance Ops,6
E0001360,L0000892,KYC Failure,High,Resolved,2026-04-26,Compliance,1
E0001361,L0000894,Payment Mismatch,Low,Retest,2026-08-20,Loan Ops,1
E0001362,L0000894,Payment Mismatch,High,In Progress,2026-11-18,Finance Ops,5
E0001363,L0000894,Payment Mismatch,Medium,Retest,2026-12-30,Collections,6
E0001364,L0000894,Missed Payment,Medium,In Progress,2027-03-22,Loan Ops,6
E0001365,L0000895,Payment Mismatch,High,Retest,2026-03-24,Finance Ops,3
E0001366,L0000895,Missed Payment,Medium,Resolved,2026-04-23,Finance Ops,2
E0001367,L0000898,Payment Mismatch,High,Open,2026-02-19,Loan Ops,3
E0001368,L0000898,Missed Payment,High,In Progress,2026-05-20,Collections,1
E0001369,L0000899,Payment Mismatch,High,Retest,2026-01-22,Finance Ops,1
E0001370,L0000899,Payment Mismatch,Low,Resolved,2026-04-16,Finance Ops,1
E0001371,L0000899,KYC Failure,High,Manual Review,2025-07-17,Compliance,5
E0001372,L0000900,Payment Mismatch,High,Open,2026-08-20,Loan Ops,3
E0001373,L0000900,Missed Payment,Low,Retest,2026-09-23,Finance Ops,7
E0001374,L0000900,Payment Mismatch,Medium,Retest,2026-12-30,Loan Ops,4
E0001375,L0000901,Payment Mismatch,High,Retest,2025-10-30,Collections,1
E0001376,L0000902,Payment Mismatch,Medium,Resolved,2025-10-21,Loan Ops,4
E0001377,L0000902,Payment Mismatch,Medium,Retest,2026-03-18,Loan Ops,5
E0001378,L0000903,Missed Payment,Low,Open,2026-05-12,Finance Ops,4
E0001379,L0000904,Missed Payment,Low,In Progress,2026-05-19,Finance Ops,3
E0001380,L0000906,Missed Payment,Low,Resolved,2025-04-17,Loan Ops,1
E0001381,L0000906,Payment Mismatch,Medium,Retest,2025-06-17,Finance Ops,5
E0001382,L0000906,Payment Mismatch,Low,Retest,2025-07-17,Loan Ops,2
E0001383,L0000906,Payment Mismatch,Low,Open,2026-03-13,Collections,5
E0001384,L0000906,Missed Payment,Low,Retest,2026-07-21,Finance Ops,7
E0001385,L0000907,KYC Failure,High,Manual Review,2025-05-03,Compliance,1
E0001386,L0000908,Payment Mismatch,Medium,In Progress,2026-07-22,Loan Ops,5
E0001387,L0000909,Payment Mismatch,Low,Open,2025-06-20,Loan Ops,6
E0001388,L0000909,Missed Payment,High,Retest,2025-11-23,Collections,6
E0001389,L0000909,Payment Mismatch,Medium,Open,2025-12-16,Collections,4
E0001390,L0000909,Payment Mismatch,Medium,In Progress,2026-07-18,Loan Ops,4
E0001391,L0000911,Payment Mismatch,Low,Resolved,2025-04-17,Collections,4
E0001392,L0000911,Payment Mismatch,High,Open,2025-08-13,Loan Ops,4
E0001393,L0000911,Payment Mismatch,High,Open,2025-10-15,Finance Ops,2
E0001394,L0000912,Missed Payment,High,Retest,2025-09-03,Loan Ops,1
E0001395,L0000915,Payment Mismatch,Low,Open,2026-05-19,Collections,5
E0001396,L0000915,Payment Mismatch,Medium,Retest,2026-07-19,Loan Ops,6
E0001397,L0000916,Missed Payment,High,Retest,2025-06-08,Finance Ops,2
E0001398,L0000917,Payment Mismatch,High,Open,2025-08-16,Collections,6
E0001399,L0000917,Payment Mismatch,High,Open,2026-02-16,Collections,4
E0001400,L0000919,Payment Mismatch,Medium,Retest,2025-11-19,Collections,4
E0001401,L0000921,KYC Failure,High,Resolved,2025-02-20,Compliance,2
E0001402,L0000922,Payment Mismatch,High,Open,2026-03-07,Loan Ops,4
E0001403,L0000922,Payment Mismatch,Medium,Open,2026-06-05,Finance Ops,6
E0001404,L0000923,Payment Mismatch,Medium,Resolved,2025-10-03,Finance Ops,1
E0001405,L0000923,Payment Mismatch,Low,Retest,2026-01-03,Collections,3
E0001406,L0000924,Payment Mismatch,High,Resolved,2026-05-23,Loan Ops,6
E0001407,L0000926,Payment Mismatch,High,In Progress,2026-11-25,Finance Ops,3
E0001408,L0000926,Payment Mismatch,Low,Retest,2026-12-24,Loan Ops,1
E0001409,L0000927,Payment Mismatch,High,Resolved,2026-10-06,Finance Ops,4
E0001410,L0000928,Missed Payment,Medium,Retest,2026-07-20,Loan Ops,3
E0001411,L0000929,Payment Mismatch,Low,Resolved,2025-10-06,Finance Ops,4
E0001412,L0000929,Payment Mismatch,Medium,Resolved,2025-12-30,Loan Ops,2
E0001413,L0000929,Missed Payment,High,Retest,2026-01-23,Loan Ops,7
E0001414,L0000929,Payment Mismatch,Low,Retest,2026-05-24,Loan Ops,1
E0001415,L0000930,Payment Mismatch,Low,Retest,2025-04-27,Finance Ops,7
E0001416,L0000930,Payment Mismatch,Medium,In Progress,2025-12-22,Finance Ops,6
E0001417,L0000930,Payment Mismatch,Low,Retest,2026-02-23,Collections,6
E0001418,L0000931,Missed Payment,Low,Retest,2026-06-11,Finance Ops,6
E0001419,L0000932,Payment Mismatch,High,Open,2025-04-09,Finance Ops,2
E0001420,L0000935,Payment Mismatch,Low,Open,2027-01-31,Collections,1
E0001421,L0000937,Payment Mismatch,Medium,In Progress,2026-07-22,Loan Ops,2
E0001422,L0000937,Payment Mismatch,Low,Retest,2026-08-18,Finance Ops,3
E0001423,L0000937,Payment Mismatch,High,Retest,2026-12-28,Collections,7
E0001424,L0000939,Missed Payment,High,Retest,2025-08-12,Loan Ops,1
E0001425,L0000939,KYC Failure,High,Open,2025-03-10,Compliance,4
E0001426,L0000940,Missed Payment,Medium,Resolved,2026-03-06,Loan Ops,1
E0001427,L0000942,Payment Mismatch,High,In Progress,2025-03-12,Finance Ops,4
E0001428,L0000944,Payment Mismatch,Low,Resolved,2026-03-03,Loan Ops,4
E0001429,L0000944,Payment Mismatch,High,Open,2026-10-29,Finance Ops,3
E0001430,L0000944,Missed Payment,Low,Open,2027-01-01,Finance Ops,7
E0001431,L0000944,Payment Mismatch,Medium,Retest,2027-03-07,Collections,7
E0001432,L0000944,KYC Failure,High,Open,2026-01-26,Compliance,2
E0001433,L0000945,Missed Payment,Low,In Progress,2027-07-02,Collections,7
E0001434,L0000946,Payment Mismatch,Low,Retest,2026-02-12,Finance Ops,3
E0001435,L0000947,Missed Payment,Low,Retest,2027-01-29,Finance Ops,5
E0001436,L0000948,Payment Mismatch,Medium,Resolved,2025-11-24,Collections,2
E0001437,L0000948,Missed Payment,High,Open,2026-08-01,Loan Ops,5
E0001438,L0000949,Missed Payment,High,Open,2026-04-02,Finance Ops,2
E0001439,L0000950,Payment Mismatch,Low,Open,2026-03-24,Finance Ops,5
E0001440,L0000951,Payment Mismatch,High,Resolved,2025-09-14,Finance Ops,1
E0001441,L0000951,Payment Mismatch,Low,Retest,2025-10-19,Finance Ops,7
E0001442,L0000952,Missed Payment,Low,In Progress,2025-12-23,Collections,2
E0001443,L0000952,Payment Mismatch,Low,Resolved,2026-01-24,Collections,1
E0001444,L0000952,KYC Failure,High,Open,2025-10-19,Compliance,1
E0001445,L0000953,Payment Mismatch,Medium,Retest,2026-09-08,Collections,2
E0001446,L0000955,Payment Mismatch,Medium,In Progress,2025-11-30,Loan Ops,5
E0001447,L0000955,Payment Mismatch,Low,Retest,2026-02-28,Finance Ops,1
E0001448,L0000955,Payment Mismatch,Low,Retest,2026-03-24,Finance Ops,1
E0001449,L0000956,Missed Payment,Medium,Resolved,2026-06-22,Finance Ops,1
E0001450,L0000956,Missed Payment,High,Open,2026-09-16,Finance Ops,6
E0001451,L0000956,Payment Mismatch,Low,Resolved,2026-10-20,Collections,4
E0001452,L0000956,Payment Mismatch,Medium,In Progress,2026-11-16,Collections,6
E0001453,L0000958,Payment Mismatch,Low,Retest,2026-02-22,Loan Ops,6
E0001454,L0000959,Payment Mismatch,High,In Progress,2026-06-11,Collections,4
E0001455,L0000959,Payment Mismatch,High,Retest,2026-06-29,Finance Ops,1
E0001456,L0000961,Payment Mismatch,Medium,Retest,2026-10-23,Collections,2
E0001457,L0000961,Missed Payment,Medium,Resolved,2027-01-28,Collections,4
E0001458,L0000961,Payment Mismatch,Low,Retest,2027-03-26,Finance Ops,6
E0001459,L0000962,Missed Payment,Medium,Open,2025-12-21,Loan Ops,2
E0001460,L0000962,Missed Payment,Low,Retest,2026-04-21,Collections,7
E0001461,L0000963,KYC Failure,High,Resolved,2025-09-03,Compliance,5
E0001462,L0000964,Missed Payment,Low,Resolved,2026-12-26,Finance Ops,5
E0001463,L0000964,Missed Payment,High,Resolved,2027-03-04,Collections,4
E0001464,L0000965,Payment Mismatch,Low,In Progress,2025-09-30,Loan Ops,6
E0001465,L0000966,Missed Payment,High,In Progress,2026-09-25,Collections,4
E0001466,L0000967,Payment Mismatch,High,In Progress,2026-10-20,Finance Ops,7
E0001467,L0000968,Payment Mismatch,High,In Progress,2026-04-22,Finance Ops,7
E0001468,L0000968,Payment Mismatch,Medium,Retest,2026-11-10,Finance Ops,7
E0001469,L0000969,Payment Mismatch,Low,Resolved,2026-01-18,Loan Ops,1
E0001470,L0000970,Missed Payment,Low,In Progress,2026-06-29,Collections,3
E0001471,L0000970,Payment Mismatch,Low,Retest,2026-08-25,Finance Ops,3
E0001472,L0000971,Payment Mismatch,High,Retest,2027-01-09,Collections,3
E0001473,L0000972,KYC Failure,High,Resolved,2025-04-17,Compliance,3
E0001474,L0000973,Payment Mismatch,Medium,Open,2025-11-20,Loan Ops,2
E0001475,L0000973,Payment Mismatch,Medium,Resolved,2026-07-21,Collections,4
E0001476,L0000973,KYC Failure,High,Resolved,2025-10-20,Compliance,5
E0001477,L0000974,Missed Payment,Low,Open,2025-10-19,Loan Ops,4
E0001478,L0000974,Missed Payment,Low,Retest,2026-03-07,Collections,3
E0001479,L0000975,Payment Mismatch,Medium,Retest,2025-11-20,Collections,7
E0001480,L0000976,Payment Mismatch,Medium,In Progress,2027-03-12,Loan Ops,6
E0001481,L0000977,Payment Mismatch,Low,In Progress,2026-06-24,Collections,5
E0001482,L0000978,Payment Mismatch,High,Open,2026-04-04,Collections,4
E0001483,L0000978,Missed Payment,High,In Progress,2026-07-05,Collections,4
E0001484,L0000978,Missed Payment,Low,Open,2026-08-04,Loan Ops,1
E0001485,L0000979,Payment Mismatch,High,Retest,2025-08-14,Finance Ops,4
E0001486,L0000979,Payment Mismatch,Low,Retest,2025-12-03,Finance Ops,7
E0001487,L0000981,Payment Mismatch,High,Open,2026-03-09,Loan Ops,5
E0001488,L0000981,Payment Mismatch,Medium,Open,2027-01-13,Collections,1
E0001489,L0000982,Missed Payment,Low,In Progress,2026-01-10,Finance Ops,2
E0001490,L0000982,Missed Payment,Low,Resolved,2026-03-07,Finance Ops,1
E0001491,L0000982,Missed Payment,Low,Resolved,2026-09-07,Finance Ops,6
E0001492,L0000982,Payment Mismatch,Low,Retest,2027-01-31,Collections,7
E0001493,L0000982,Payment Mismatch,Medium,Resolved,2027-04-05,Collections,6
E0001494,L0000983,Payment Mismatch,Medium,Open,2025-12-16,Collections,6
E0001495,L0000984,Payment Mismatch,High,Resolved,2026-03-17,Finance Ops,7
E0001496,L0000985,Missed Payment,Low,Resolved,2026-06-29,Collections,7
E0001497,L0000986,Missed Payment,Low,In Progress,2026-04-04,Collections,2
E0001498,L0000986,Payment Mismatch,Low,Resolved,2026-05-03,Loan Ops,3
E0001499,L0000986,Payment Mismatch,Low,Resolved,2026-06-09,Loan Ops,4
E0001500,L0000987,Missed Payment,High,Resolved,2025-11-19,Collections,2
E0001501,L0000988,Payment Mismatch,Medium,Open,2025-02-24,Loan Ops,7
E0001502,L0000988,Payment Mismatch,High,Open,2025-09-24,Collections,4
E0001503,L0000988,Payment Mismatch,Medium,Resolved,2025-11-03,Finance Ops,5
E0001504,L0000989,Payment Mismatch,Low,Open,2026-07-10,Finance Ops,1
E0001505,L0000989,Payment Mismatch,Low,Open,2026-10-11,Loan Ops,4
E0001506,L0000989,Missed Payment,Medium,Open,2026-12-09,Loan Ops,7
E0001507,L0000989,Payment Mismatch,Low,In Progress,2027-03-07,Collections,2
E0001508,L0000992,Missed Payment,Medium,Open,2026-03-27,Finance Ops,7
E0001509,L0000993,Missed Payment,Medium,Resolved,2025-05-21,Collections,3
E0001510,L0000993,Missed Payment,High,In Progress,2025-10-15,Collections,1
E0001511,L0000994,Payment Mismatch,High,Resolved,2025-11-22,Loan Ops,1
E0001512,L0000994,Missed Payment,Low,Retest,2026-09-15,Collections,4
E0001513,L0000994,Payment Mismatch,Medium,In Progress,2026-10-16,Collections,4
E0001514,L0000994,KYC Failure,High,Open,2025-06-19,Compliance,4
E0001515,L0000996,Missed Payment,Low,Retest,2026-05-30,Loan Ops,7
E0001516,L0000996,Missed Payment,Low,In Progress,2026-08-25,Finance Ops,2
E0001517,L0000996,Payment Mismatch,Low,Retest,2026-10-23,Finance Ops,6
E0001518,L0000996,Missed Payment,Low,Open,2027-06-18,Collections,2
E0001519,L0000997,Missed Payment,High,Resolved,2025-12-15,Collections,2
E0001520,L0000997,Payment Mismatch,Low,Retest,2026-01-04,Collections,4
E0001521,L0000998,Missed Payment,Medium,Open,2026-05-08,Finance Ops,6
E0001522,L0000998,Missed Payment,Low,Retest,2026-06-07,Collections,4
E0001523,L0000998,Missed Payment,Medium,Retest,2026-10-25,Collections,6
E0001524,L0001000,Payment Mismatch,Medium,Open,2026-10-24,Collections,4
E0001525,L0001000,Payment Mismatch,Low,In Progress,2027-08-26,Collections,5
E0001526,L0001001,Payment Mismatch,Low,In Progress,2025-12-27,Finance Ops,5
E0001527,L0001003,Payment Mismatch,High,Retest,2025-04-16,Finance Ops,1
E0001528,L0001004,KYC Failure,High,Manual Review,2026-04-26,Compliance,5
E0001529,L0001005,Payment Mismatch,Medium,Retest,2026-08-17,Loan Ops,2
E0001530,L0001005,Missed Payment,Low,Retest,2027-01-15,Collections,2
E0001531,L0001005,Payment Mismatch,Low,Resolved,2027-07-24,Finance Ops,4
E0001532,L0001006,Payment Mismatch,Medium,Resolved,2027-02-10,Loan Ops,5
E0001533,L0001007,Payment Mismatch,Medium,Retest,2026-06-16,Loan Ops,1
E0001534,L0001007,Payment Mismatch,Medium,Open,2027-04-17,Finance Ops,2
E0001535,L0001008,Missed Payment,High,In Progress,2025-06-14,Collections,4
E0001536,L0001009,Payment Mismatch,Low,Retest,2026-02-25,Collections,3
E0001537,L0001011,Payment Mismatch,Medium,Resolved,2027-02-19,Loan Ops,3
E0001538,L0001011,Missed Payment,Low,In Progress,2027-04-12,Finance Ops,6
E0001539,L0001012,KYC Failure,High,Manual Review,2026-03-31,Compliance,4
E0001540,L0001013,Payment Mismatch,Medium,Retest,2026-03-25,Collections,1
E0001541,L0001013,Payment Mismatch,Low,Resolved,2026-04-24,Collections,5
E0001542,L0001015,Payment Mismatch,Low,In Progress,2026-05-31,Collections,7
E0001543,L0001016,Payment Mismatch,Low,Retest,2026-08-14,Finance Ops,2
E0001544,L0001016,Missed Payment,Medium,In Progress,2026-10-08,Finance Ops,7
E0001545,L0001016,Payment Mismatch,High,Open,2026-11-08,Finance Ops,3
E0001546,L0001017,Payment Mismatch,Medium,Retest,2026-08-14,Finance Ops,5
E0001547,L0001017,KYC Failure,High,Resolved,2025-12-11,Compliance,4
E0001548,L0001019,Missed Payment,Medium,In Progress,2025-04-26,Finance Ops,3
E0001549,L0001020,Payment Mismatch,High,Open,2026-01-15,Loan Ops,4
E0001550,L0001020,Payment Mismatch,Medium,Retest,2026-06-15,Collections,7
E0001551,L0001021,Missed Payment,High,Open,2025-07-03,Collections,4
E0001552,L0001021,Missed Payment,High,In Progress,2025-10-01,Loan Ops,6
E0001553,L0001021,Missed Payment,Medium,In Progress,2025-12-03,Loan Ops,2
E0001554,L0001023,Payment Mismatch,High,Retest,2025-11-29,Loan Ops,6
E0001555,L0001023,Missed Payment,High,Resolved,2026-03-04,Finance Ops,7
E0001556,L0001024,Payment Mismatch,Medium,Resolved,2025-05-11,Loan Ops,7
E0001557,L0001025,Missed Payment,High,In Progress,2026-04-10,Collections,7
E0001558,L0001027,Payment Mismatch,Medium,In Progress,2026-02-10,Collections,7
E0001559,L0001028,Missed Payment,High,Open,2026-12-07,Collections,6
E0001560,L0001028,KYC Failure,High,Resolved,2026-02-28,Compliance,5
E0001561,L0001029,Missed Payment,Low,Open,2025-10-20,Collections,2
E0001562,L0001030,Missed Payment,Medium,Retest,2026-09-02,Finance Ops,5
E0001563,L0001031,Missed Payment,Medium,In Progress,2026-02-27,Collections,3
E0001564,L0001031,Missed Payment,Low,Retest,2026-12-24,Loan Ops,7
E0001565,L0001032,Payment Mismatch,Low,Resolved,2026-06-30,Finance Ops,1
E0001566,L0001032,Payment Mismatch,Medium,Resolved,2027-04-26,Loan Ops,2
E0001567,L0001033,Missed Payment,High,In Progress,2025-04-20,Loan Ops,4
E0001568,L0001033,KYC Failure,High,Manual Review,2025-02-17,Compliance,2
E0001569,L0001034,Payment Mismatch,Medium,Open,2027-05-24,Loan Ops,2
E0001570,L0001034,KYC Failure,High,Resolved,2026-04-14,Compliance,1
E0001571,L0001035,Missed Payment,Medium,Retest,2026-04-18,Collections,2
E0001572,L0001035,Payment Mismatch,Low,Resolved,2026-07-11,Finance Ops,4
E0001573,L0001035,Payment Mismatch,Low,Resolved,2026-09-15,Collections,1
E0001574,L0001035,Missed Payment,Low,Open,2026-12-19,Loan Ops,2
E0001575,L0001036,Missed Payment,Low,Open,2025-07-04,Collections,4
E0001576,L0001037,Missed Payment,High,Open,2025-12-28,Collections,4
E0001577,L0001037,Missed Payment,Low,Open,2026-02-14,Collections,2
E0001578,L0001037,Payment Mismatch,High,Resolved,2026-04-22,Collections,3
E0001579,L0001037,Missed Payment,High,In Progress,2026-05-22,Loan Ops,3
E0001580,L0001037,Missed Payment,High,In Progress,2026-09-13,Collections,4
E0001581,L0001037,KYC Failure,High,Open,2025-11-16,Compliance,3
E0001582,L0001039,Payment Mismatch,Low,Open,2025-08-30,Collections,4
E0001583,L0001039,Payment Mismatch,High,Retest,2026-02-03,Loan Ops,2
E0001584,L0001040,Payment Mismatch,Low,Resolved,2026-02-19,Collections,5
E0001585,L0001040,Payment Mismatch,High,In Progress,2026-04-21,Loan Ops,5
E0001586,L0001040,Payment Mismatch,Low,Open,2026-05-22,Loan Ops,1
E0001587,L0001042,Payment Mismatch,Low,Retest,2025-12-02,Loan Ops,6
E0001588,L0001043,Payment Mismatch,Low,Open,2026-05-19,Loan Ops,1
E0001589,L0001044,Payment Mismatch,High,Open,2026-03-29,Collections,6
E0001590,L0001045,Payment Mismatch,High,Open,2026-03-06,Finance Ops,5
E0001591,L0001045,Payment Mismatch,Medium,Open,2026-12-01,Loan Ops,2
E0001592,L0001046,Payment Mismatch,Low,In Progress,2026-06-12,Loan Ops,3
E0001593,L0001046,KYC Failure,High,Resolved,2026-02-05,Compliance,3
E0001594,L0001048,Payment Mismatch,Low,In Progress,2026-06-16,Collections,7
E0001595,L0001048,Payment Mismatch,Medium,Retest,2026-10-08,Finance Ops,4
E0001596,L0001048,KYC Failure,High,Resolved,2025-12-06,Compliance,3
E0001597,L0001049,Missed Payment,High,Open,2025-11-28,Loan Ops,3
E0001598,L0001049,Payment Mismatch,Medium,Resolved,2026-01-22,Loan Ops,6
E0001599,L0001049,Payment Mismatch,High,Open,2026-03-28,Loan Ops,6
E0001600,L0001050,Payment Mismatch,High,Open,2026-07-10,Finance Ops,7
E0001601,L0001051,Missed Payment,High,In Progress,2026-10-13,Loan Ops,5
E0001602,L0001051,Payment Mismatch,High,Retest,2027-02-08,Collections,4
E0001603,L0001053,Missed Payment,High,Open,2026-04-30,Finance Ops,7
E0001604,L0001053,Payment Mismatch,High,Open,2026-09-27,Collections,3
E0001605,L0001054,Payment Mismatch,Medium,Resolved,2025-11-24,Collections,2
E0001606,L0001054,Payment Mismatch,Medium,Open,2026-01-14,Finance Ops,3
E0001607,L0001055,Payment Mismatch,Low,In Progress,2025-06-22,Collections,5
E0001608,L0001055,Payment Mismatch,Medium,Open,2025-09-19,Finance Ops,6
E0001609,L0001055,Missed Payment,High,In Progress,2025-10-20,Collections,7
E0001610,L0001057,Payment Mismatch,Low,Retest,2025-04-27,Loan Ops,1
E0001611,L0001057,Missed Payment,High,Open,2025-06-29,Collections,6
E0001612,L0001058,Missed Payment,Low,Retest,2026-03-12,Loan Ops,7
E0001613,L0001059,Payment Mismatch,High,Retest,2025-04-18,Loan Ops,1
E0001614,L0001059,Payment Mismatch,High,Retest,2025-06-15,Finance Ops,5
E0001615,L0001061,Payment Mismatch,Medium,In Progress,2025-09-30,Finance Ops,6
E0001616,L0001061,Payment Mismatch,Medium,Resolved,2025-11-29,Finance Ops,1
E0001617,L0001062,Payment Mismatch,High,Open,2025-08-23,Finance Ops,7
E0001618,L0001063,Missed Payment,High,In Progress,2026-08-07,Collections,1
E0001619,L0001066,Payment Mismatch,Low,Resolved,2027-03-31,Finance Ops,3
E0001620,L0001067,Payment Mismatch,Low,Open,2026-01-25,Collections,5
E0001621,L0001067,Missed Payment,Medium,In Progress,2026-03-21,Finance Ops,1
E0001622,L0001067,Missed Payment,Medium,Open,2026-06-17,Collections,6
E0001623,L0001067,Payment Mismatch,Low,Open,2026-07-20,Collections,3
E0001624,L0001067,Payment Mismatch,Low,Retest,2026-10-22,Collections,2
E0001625,L0001068,Payment Mismatch,High,In Progress,2025-12-04,Loan Ops,3
E0001626,L0001068,Payment Mismatch,Medium,Resolved,2026-03-31,Collections,2
E0001627,L0001069,Payment Mismatch,High,In Progress,2025-05-30,Collections,1
E0001628,L0001069,Missed Payment,Low,In Progress,2025-10-30,Collections,4
E0001629,L0001069,KYC Failure,High,Open,2025-03-29,Compliance,1
E0001630,L0001070,Payment Mismatch,Low,Resolved,2026-12-17,Collections,5
E0001631,L0001071,Payment Mismatch,Medium,Resolved,2025-07-27,Loan Ops,5
E0001632,L0001071,Payment Mismatch,Low,In Progress,2025-08-30,Collections,1
E0001633,L0001072,Missed Payment,Medium,In Progress,2026-06-29,Collections,4
E0001634,L0001072,Missed Payment,Medium,Resolved,2026-07-30,Loan Ops,7
E0001635,L0001073,Payment Mismatch,Low,Retest,2026-07-13,Loan Ops,4
E0001636,L0001073,Payment Mismatch,Medium,Resolved,2026-11-01,Collections,2
E0001637,L0001073,Payment Mismatch,High,Open,2026-11-28,Collections,1
E0001638,L0001075,Payment Mismatch,Medium,Retest,2025-09-23,Collections,1
E0001639,L0001075,KYC Failure,High,Open,2025-06-10,Compliance,1
E0001640,L0001076,Payment Mismatch,Medium,Resolved,2025-09-23,Finance Ops,2
E0001641,L0001077,Payment Mismatch,Medium,Retest,2025-11-25,Collections,2
E0001642,L0001077,Missed Payment,Low,In Progress,2025-12-24,Collections,2
E0001643,L0001077,Payment Mismatch,Low,In Progress,2026-08-25,Loan Ops,4
E0001644,L0001077,Missed Payment,High,Retest,2026-09-23,Finance Ops,1
E0001645,L0001078,Missed Payment,High,In Progress,2026-07-13,Finance Ops,4
E0001646,L0001079,Missed Payment,Medium,Resolved,2026-04-19,Collections,3
E0001647,L0001079,KYC Failure,High,Open,2025-11-17,Compliance,3
E0001648,L0001081,Missed Payment,Medium,Open,2025-05-29,Collections,4
E0001649,L0001081,Payment Mismatch,High,Retest,2025-12-04,Loan Ops,5
E0001650,L0001084,Payment Mismatch,High,Open,2026-02-20,Loan Ops,7
E0001651,L0001085,Payment Mismatch,Medium,Open,2025-12-08,Finance Ops,4
E0001652,L0001086,Missed Payment,Medium,Retest,2026-05-13,Collections,7
E0001653,L0001086,Payment Mismatch,Low,Open,2026-08-13,Loan Ops,1
E0001654,L0001086,Payment Mismatch,High,Retest,2026-09-11,Finance Ops,2
E0001655,L0001086,KYC Failure,High,Open,2026-02-11,Compliance,5
E0001656,L0001087,Payment Mismatch,Low,Resolved,2025-11-05,Collections,5
E0001657,L0001087,Missed Payment,Low,Open,2025-12-06,Loan Ops,4
E0001658,L0001088,Missed Payment,High,Retest,2025-08-06,Finance Ops,5
E0001659,L0001089,Missed Payment,High,In Progress,2026-08-09,Collections,6
E0001660,L0001089,Missed Payment,Low,Open,2026-12-03,Collections,2
E0001661,L0001089,Payment Mismatch,High,In Progress,2027-04-01,Loan Ops,6
E0001662,L0001090,Missed Payment,Medium,Retest,2025-12-25,Finance Ops,6
E0001663,L0001090,Payment Mismatch,Low,Open,2026-02-26,Collections,6
E0001664,L0001090,KYC Failure,High,Resolved,2025-06-22,Compliance,3
E0001665,L0001092,KYC Failure,High,Resolved,2025-03-24,Compliance,2
E0001666,L0001093,Missed Payment,Medium,Resolved,2026-04-29,Collections,3
E0001667,L0001093,Payment Mismatch,Low,In Progress,2026-05-22,Loan Ops,3
E0001668,L0001093,Payment Mismatch,High,Retest,2027-01-24,Finance Ops,7
E0001669,L0001094,Missed Payment,High,Retest,2025-05-09,Collections,5
E0001670,L0001094,Payment Mismatch,High,Resolved,2025-06-09,Loan Ops,6
E0001671,L0001094,Missed Payment,Low,In Progress,2025-12-09,Finance Ops,3
E0001672,L0001094,Missed Payment,Medium,Resolved,2026-07-03,Finance Ops,6
E0001673,L0001095,Payment Mismatch,Low,Open,2026-09-09,Collections,2
E0001674,L0001096,Payment Mismatch,High,Resolved,2025-07-11,Collections,4
E0001675,L0001098,Payment Mismatch,High,Retest,2025-03-14,Loan Ops,2
E0001676,L0001098,Missed Payment,Low,Resolved,2025-12-19,Loan Ops,7
E0001677,L0001098,Payment Mismatch,Medium,In Progress,2026-02-09,Finance Ops,5
E0001678,L0001099,Payment Mismatch,High,Retest,2025-06-05,Loan Ops,4
E0001679,L0001099,Payment Mismatch,High,Resolved,2025-07-11,Loan Ops,6
E0001680,L0001099,Missed Payment,Low,Retest,2025-10-02,Finance Ops,5
E0001681,L0001099,Payment Mismatch,Low,In Progress,2025-12-13,Finance Ops,7
E0001682,L0001100,Missed Payment,High,In Progress,2025-09-02,Finance Ops,5
E0001683,L0001100,Payment Mismatch,High,In Progress,2025-10-23,Loan Ops,7
E0001684,L0001100,Payment Mismatch,High,Retest,2026-05-20,Finance Ops,5
E0001685,L0001101,Missed Payment,High,Open,2025-09-22,Collections,7
E0001686,L0001102,Payment Mismatch,Low,Resolved,2026-03-09,Loan Ops,3
E0001687,L0001104,Payment Mismatch,Medium,In Progress,2025-05-22,Loan Ops,3
E0001688,L0001104,Payment Mismatch,High,In Progress,2025-07-22,Collections,2
E0001689,L0001105,Missed Payment,Medium,Retest,2025-09-02,Finance Ops,1
E0001690,L0001105,Missed Payment,Low,Resolved,2025-10-04,Loan Ops,1
E0001691,L0001105,Payment Mismatch,Medium,Open,2025-11-03,Collections,4
E0001692,L0001105,Payment Mismatch,Medium,In Progress,2025-12-01,Collections,7
E0001693,L0001105,Payment Mismatch,High,Resolved,2026-01-02,Collections,3
E0001694,L0001108,Missed Payment,High,Resolved,2027-07-06,Loan Ops,4
E0001695,L0001109,Missed Payment,Low,Resolved,2026-02-07,Finance Ops,2
E0001696,L0001110,Payment Mismatch,Medium,Open,2025-06-04,Loan Ops,6
E0001697,L0001110,Payment Mismatch,High,Open,2025-06-30,Loan Ops,3
E0001698,L0001110,Payment Mismatch,Medium,Resolved,2025-09-27,Finance Ops,1
E0001699,L0001110,Payment Mismatch,Low,In Progress,2025-12-28,Loan Ops,6
E0001700,L0001111,Payment Mismatch,Low,Retest,2026-01-06,Loan Ops,1
E0001701,L0001111,Payment Mismatch,Medium,Open,2026-03-07,Finance Ops,7
E0001702,L0001112,Payment Mismatch,Low,Open,2025-11-01,Collections,4
E0001703,L0001112,Payment Mismatch,Low,In Progress,2026-02-01,Collections,4
E0001704,L0001112,Missed Payment,Medium,In Progress,2026-10-28,Loan Ops,3
E0001705,L0001113,Payment Mismatch,Low,Open,2025-08-25,Loan Ops,7
E0001706,L0001113,Missed Payment,High,In Progress,2026-02-25,Finance Ops,3
E0001707,L0001113,Payment Mismatch,High,Retest,2026-06-21,Loan Ops,4
E0001708,L0001115,Payment Mismatch,Medium,Open,2025-12-25,Finance Ops,6
E0001709,L0001116,Missed Payment,Low,Retest,2025-07-11,Loan Ops,4
E0001710,L0001118,Payment Mismatch,Low,Resolved,2025-06-21,Finance Ops,5
E0001711,L0001118,Missed Payment,Medium,Resolved,2025-10-16,Collections,6
E0001712,L0001118,Payment Mismatch,Medium,Resolved,2026-03-18,Collections,2
E0001713,L0001119,Payment Mismatch,Low,Resolved,2025-04-15,Finance Ops,1
E0001714,L0001119,Missed Payment,High,In Progress,2025-05-15,Collections,6
E0001715,L0001119,Payment Mismatch,Medium,Open,2025-10-14,Collections,3
E0001716,L0001120,Payment Mismatch,Medium,In Progress,2025-10-23,Collections,1
E0001717,L0001120,Missed Payment,High,In Progress,2026-04-22,Collections,2
E0001718,L0001120,Payment Mismatch,Low,In Progress,2026-05-19,Loan Ops,4
E0001719,L0001121,Payment Mismatch,Low,Open,2025-09-11,Finance Ops,7
E0001720,L0001121,Payment Mismatch,Medium,Resolved,2026-05-12,Finance Ops,7
E0001721,L0001122,Missed Payment,Medium,In Progress,2025-03-24,Finance Ops,4
E0001722,L0001122,Missed Payment,High,In Progress,2025-12-12,Finance Ops,2
E0001723,L0001123,Missed Payment,Low,Retest,2025-10-22,Collections,5
E0001724,L0001123,Payment Mismatch,Low,Open,2026-02-01,Finance Ops,3
E0001725,L0001124,Payment Mismatch,Medium,Retest,2025-10-12,Loan Ops,7
E0001726,L0001124,Payment Mismatch,Medium,In Progress,2026-01-19,Finance Ops,2
E0001727,L0001126,Missed Payment,High,In Progress,2025-10-13,Collections,3
E0001728,L0001126,Missed Payment,Medium,In Progress,2025-12-15,Finance Ops,4
E0001729,L0001126,Payment Mismatch,Medium,Retest,2026-01-08,Collections,6
E0001730,L0001126,Payment Mismatch,High,Retest,2026-03-11,Collections,6
E0001731,L0001127,Missed Payment,High,In Progress,2026-06-10,Collections,7
E0001732,L0001128,Payment Mismatch,High,Retest,2026-12-18,Collections,3
E0001733,L0001129,Payment Mismatch,Low,Resolved,2026-01-02,Finance Ops,7
E0001734,L0001129,Payment Mismatch,Low,Retest,2026-02-04,Collections,2
E0001735,L0001129,KYC Failure,High,Manual Review,2025-09-26,Compliance,1
E0001736,L0001130,Payment Mismatch,High,In Progress,2026-09-22,Loan Ops,7
E0001737,L0001130,Missed Payment,Medium,Retest,2026-10-23,Finance Ops,3
E0001738,L0001131,Missed Payment,Medium,Open,2026-09-10,Finance Ops,1
E0001739,L0001132,KYC Failure,High,Resolved,2025-06-25,Compliance,2
E0001740,L0001133,Missed Payment,High,Open,2026-07-31,Loan Ops,4
E0001741,L0001134,Payment Mismatch,High,In Progress,2026-07-05,Loan Ops,2
E0001742,L0001134,Payment Mismatch,Medium,Retest,2026-09-22,Finance Ops,4
E0001743,L0001134,KYC Failure,High,Open,2026-04-22,Compliance,1
E0001744,L0001135,KYC Failure,High,Resolved,2025-06-11,Compliance,5
E0001745,L0001137,Missed Payment,Medium,Retest,2026-07-19,Finance Ops,1
E0001746,L0001138,Payment Mismatch,Medium,Resolved,2025-05-27,Collections,3
E0001747,L0001138,Payment Mismatch,Medium,In Progress,2025-08-25,Collections,2
E0001748,L0001139,Payment Mismatch,High,In Progress,2025-09-29,Loan Ops,1
E0001749,L0001139,Payment Mismatch,Low,Retest,2026-09-24,Collections,7
E0001750,L0001140,Payment Mismatch,Medium,Open,2026-06-20,Finance Ops,1
E0001751,L0001143,Missed Payment,Medium,Retest,2025-02-18,Collections,6
E0001752,L0001143,Payment Mismatch,High,In Progress,2026-05-16,Loan Ops,5
E0001753,L0001144,Missed Payment,Medium,In Progress,2026-04-12,Loan Ops,3
E0001754,L0001144,Payment Mismatch,Low,In Progress,2026-06-10,Finance Ops,7
E0001755,L0001144,KYC Failure,High,Open,2025-11-06,Compliance,3
E0001756,L0001145,Payment Mismatch,High,In Progress,2025-06-24,Finance Ops,5
E0001757,L0001145,Payment Mismatch,Low,Resolved,2025-10-28,Finance Ops,5
E0001758,L0001146,Payment Mismatch,High,Open,2026-06-17,Collections,3
E0001759,L0001146,Payment Mismatch,Low,In Progress,2026-10-15,Finance Ops,3
E0001760,L0001147,Payment Mismatch,Medium,In Progress,2026-06-18,Collections,4
E0001761,L0001148,Missed Payment,High,Retest,2026-06-23,Loan Ops,7
E0001762,L0001150,Payment Mismatch,High,Retest,2026-03-15,Finance Ops,1
E0001763,L0001150,Payment Mismatch,High,In Progress,2026-07-15,Collections,1
E0001764,L0001150,Missed Payment,Low,Resolved,2026-10-10,Finance Ops,5
E0001765,L0001150,KYC Failure,High,Manual Review,2025-12-14,Compliance,5
E0001766,L0001151,Payment Mismatch,Low,In Progress,2026-07-20,Finance Ops,5
E0001767,L0001152,Payment Mismatch,Medium,Retest,2026-08-16,Collections,7
E0001768,L0001153,Payment Mismatch,Low,Retest,2026-06-28,Finance Ops,7
E0001769,L0001155,Payment Mismatch,Low,In Progress,2026-07-17,Finance Ops,7
E0001770,L0001155,Payment Mismatch,Low,Retest,2026-08-05,Collections,3
E0001771,L0001155,Payment Mismatch,Medium,Open,2027-09-01,Finance Ops,3
E0001772,L0001156,Payment Mismatch,Medium,Retest,2026-03-18,Loan Ops,4
E0001773,L0001157,Missed Payment,Medium,Retest,2025-10-04,Loan Ops,6
E0001774,L0001157,Payment Mismatch,Low,Retest,2026-04-05,Finance Ops,1
E0001775,L0001157,Payment Mismatch,Low,Resolved,2026-04-30,Collections,1
E0001776,L0001158,Payment Mismatch,Medium,In Progress,2026-05-31,Finance Ops,1
E0001777,L0001158,Missed Payment,Medium,Open,2026-07-26,Loan Ops,2
E0001778,L0001158,Payment Mismatch,Medium,Open,2026-08-22,Finance Ops,3
E0001779,L0001158,Payment Mismatch,Medium,In Progress,2026-12-20,Loan Ops,3
E0001780,L0001158,Payment Mismatch,Medium,Open,2027-03-27,Finance Ops,5
E0001781,L0001159,Missed Payment,High,Resolved,2026-07-16,Collections,6
E0001782,L0001159,Payment Mismatch,High,Resolved,2026-09-07,Loan Ops,2
E0001783,L0001159,Payment Mismatch,Low,Resolved,2026-10-14,Loan Ops,7
E0001784,L0001160,Payment Mismatch,Low,Retest,2025-07-10,Collections,2
E0001785,L0001160,Missed Payment,Low,In Progress,2025-12-12,Loan Ops,5
E0001786,L0001160,Payment Mismatch,Medium,Open,2026-06-05,Loan Ops,4
E0001787,L0001161,Payment Mismatch,Low,Retest,2026-08-10,Loan Ops,4
E0001788,L0001162,KYC Failure,High,Manual Review,2025-07-21,Compliance,1
E0001789,L0001164,Missed Payment,Medium,In Progress,2026-03-23,Finance Ops,5
E0001790,L0001165,Missed Payment,Medium,In Progress,2026-01-30,Finance Ops,7
E0001791,L0001165,Payment Mismatch,Low,Open,2026-04-24,Collections,1
E0001792,L0001167,Missed Payment,Low,Retest,2026-06-23,Finance Ops,6
E0001793,L0001167,Missed Payment,Medium,In Progress,2026-07-22,Loan Ops,7
E0001794,L0001168,Payment Mismatch,High,Open,2026-03-28,Loan Ops,2
E0001795,L0001168,Missed Payment,Medium,In Progress,2027-02-21,Collections,4
E0001796,L0001169,Missed Payment,Low,In Progress,2026-03-05,Loan Ops,3
E0001797,L0001170,Payment Mismatch,Medium,Retest,2025-12-26,Finance Ops,2
E0001798,L0001170,Missed Payment,High,Open,2026-05-20,Finance Ops,2
E0001799,L0001170,KYC Failure,High,Open,2025-08-19,Compliance,3
E0001800,L0001171,Missed Payment,High,In Progress,2026-07-05,Finance Ops,7
E0001801,L0001171,Missed Payment,Medium,In Progress,2026-09-03,Finance Ops,2
E0001802,L0001171,KYC Failure,High,Manual Review,2026-01-04,Compliance,5
E0001803,L0001173,Payment Mismatch,Low,In Progress,2026-08-26,Loan Ops,2
E0001804,L0001173,KYC Failure,High,Manual Review,2026-03-24,Compliance,3
E0001805,L0001174,Payment Mismatch,Medium,Resolved,2025-10-06,Loan Ops,5
E0001806,L0001175,Missed Payment,High,Resolved,2025-09-02,Collections,1
E0001807,L0001175,Payment Mismatch,High,In Progress,2025-11-22,Loan Ops,7
E0001808,L0001176,Payment Mismatch,High,In Progress,2026-07-17,Collections,7
E0001809,L0001177,Missed Payment,High,In Progress,2026-10-11,Finance Ops,1
E0001810,L0001177,Payment Mismatch,High,Resolved,2026-11-07,Collections,2
E0001811,L0001177,KYC Failure,High,Open,2026-02-03,Compliance,2
E0001812,L0001178,Missed Payment,High,Open,2025-12-04,Finance Ops,6
E0001813,L0001178,Payment Mismatch,Medium,In Progress,2026-01-03,Loan Ops,1
E0001814,L0001178,KYC Failure,High,Open,2025-09-30,Compliance,1
E0001815,L0001179,Payment Mismatch,High,Retest,2026-11-09,Collections,4
E0001816,L0001180,Payment Mismatch,Medium,In Progress,2026-05-22,Finance Ops,4
E0001817,L0001180,Payment Mismatch,Medium,Open,2026-06-23,Loan Ops,6
E0001818,L0001180,Payment Mismatch,High,Retest,2026-08-22,Finance Ops,6
E0001819,L0001181,Missed Payment,High,In Progress,2025-04-07,Collections,5
E0001820,L0001181,Payment Mismatch,Low,Resolved,2026-03-04,Loan Ops,5
E0001821,L0001181,KYC Failure,High,Resolved,2025-03-05,Compliance,3
E0001822,L0001183,Missed Payment,High,Resolved,2026-03-25,Collections,2
E0001823,L0001186,Payment Mismatch,High,Resolved,2025-06-03,Loan Ops,1
E0001824,L0001187,KYC Failure,High,Open,2026-01-12,Compliance,4
E0001825,L0001188,KYC Failure,High,Resolved,2025-11-16,Compliance,5
E0001826,L0001189,Payment Mismatch,Medium,In Progress,2026-06-03,Loan Ops,2
E0001827,L0001190,Payment Mismatch,High,Resolved,2026-02-06,Finance Ops,3
E0001828,L0001190,Missed Payment,Low,In Progress,2026-05-04,Collections,2
E0001829,L0001190,Missed Payment,High,Retest,2026-09-03,Loan Ops,6
E0001830,L0001190,Payment Mismatch,High,Resolved,2026-11-30,Collections,7
E0001831,L0001191,Missed Payment,High,In Progress,2025-05-24,Finance Ops,7
E0001832,L0001191,Payment Mismatch,High,In Progress,2025-09-21,Collections,7
E0001833,L0001191,Payment Mismatch,Low,Open,2026-02-17,Collections,3
E0001834,L0001193,Payment Mismatch,Medium,Open,2026-01-23,Loan Ops,5
E0001835,L0001193,Payment Mismatch,Medium,Open,2026-05-26,Collections,6
E0001836,L0001193,Payment Mismatch,Low,In Progress,2026-07-25,Loan Ops,5
E0001837,L0001193,Payment Mismatch,High,Resolved,2026-08-20,Loan Ops,7
E0001838,L0001193,Missed Payment,High,Open,2026-11-19,Finance Ops,2
E0001839,L0001193,Payment Mismatch,Medium,In Progress,2027-02-28,Collections,2
E0001840,L0001193,Payment Mismatch,Low,Retest,2027-04-18,Collections,4
E0001841,L0001195,Payment Mismatch,Medium,Resolved,2025-10-01,Collections,2
E0001842,L0001195,Payment Mismatch,High,Resolved,2026-04-01,Finance Ops,6
E0001843,L0001195,Payment Mismatch,Low,Open,2026-05-01,Collections,1
E0001844,L0001195,Missed Payment,Low,Open,2026-06-08,Collections,1
E0001845,L0001197,Missed Payment,Low,Retest,2025-09-09,Loan Ops,6
E0001846,L0001197,Missed Payment,Medium,In Progress,2025-12-19,Finance Ops,5
E0001847,L0001197,Missed Payment,High,Open,2026-05-06,Loan Ops,7
E0001848,L0001198,Payment Mismatch,Medium,Resolved,2025-09-16,Loan Ops,4
E0001849,L0001200,Payment Mismatch,Medium,Open,2025-11-04,Loan Ops,3
E0001850,L0001201,Payment Mismatch,High,Retest,2025-10-09,Collections,1
E0001851,L0001201,Missed Payment,Low,Open,2025-12-15,Collections,3
E0001852,L0001201,KYC Failure,High,Resolved,2025-08-07,Compliance,5
E0001853,L0001204,Payment Mismatch,High,Resolved,2025-11-18,Loan Ops,3
E0001854,L0001205,Missed Payment,Low,In Progress,2025-08-17,Loan Ops,2
E0001855,L0001205,Payment Mismatch,High,Retest,2025-11-08,Loan Ops,1
E0001856,L0001207,Payment Mismatch,Medium,Resolved,2026-06-27,Finance Ops,3
E0001857,L0001209,Payment Mismatch,Medium,Resolved,2025-10-19,Finance Ops,7
E0001858,L0001209,Payment Mismatch,Low,In Progress,2025-12-28,Loan Ops,5
E0001859,L0001209,Missed Payment,High,Resolved,2026-01-22,Loan Ops,3
E0001860,L0001209,Missed Payment,Medium,Open,2026-02-26,Loan Ops,4
E0001861,L0001209,Missed Payment,High,Resolved,2026-04-22,Finance Ops,5
E0001862,L0001209,Payment Mismatch,Low,Retest,2026-06-16,Finance Ops,2
E0001863,L0001210,Payment Mismatch,Medium,Resolved,2026-04-30,Loan Ops,4
E0001864,L0001211,Payment Mismatch,Low,Open,2026-04-21,Finance Ops,7
E0001865,L0001211,Missed Payment,Low,Open,2026-05-19,Finance Ops,6
E0001866,L0001212,Payment Mismatch,Low,Retest,2025-05-28,Finance Ops,5
E0001867,L0001212,Payment Mismatch,Low,Resolved,2025-11-24,Collections,2
E0001868,L0001212,Payment Mismatch,High,In Progress,2025-12-22,Finance Ops,2
E0001869,L0001214,Missed Payment,Low,Retest,2025-09-16,Finance Ops,5
E0001870,L0001214,Payment Mismatch,Low,Retest,2025-11-27,Loan Ops,4
E0001871,L0001215,Payment Mismatch,High,Resolved,2025-07-06,Loan Ops,6
E0001872,L0001215,Missed Payment,Medium,In Progress,2025-07-31,Finance Ops,1
E0001873,L0001216,Missed Payment,Low,Retest,2026-06-04,Finance Ops,7
E0001874,L0001216,Payment Mismatch,High,Open,2027-02-17,Collections,1
E0001875,L0001217,Payment Mismatch,High,In Progress,2025-10-23,Collections,7
E0001876,L0001218,Missed Payment,Medium,Resolved,2026-04-19,Loan Ops,3
E0001877,L0001219,Payment Mismatch,High,Retest,2025-11-22,Collections,5
E0001878,L0001219,Payment Mismatch,Medium,In Progress,2026-02-20,Collections,4
E0001879,L0001219,Missed Payment,High,Retest,2026-03-25,Loan Ops,4
E0001880,L0001219,KYC Failure,High,Manual Review,2025-01-19,Compliance,4
E0001881,L0001221,Missed Payment,Medium,Open,2026-11-29,Collections,4
E0001882,L0001221,Payment Mismatch,Low,Open,2027-06-30,Finance Ops,3
E0001883,L0001222,Missed Payment,Low,Resolved,2027-03-02,Collections,4
E0001884,L0001222,KYC Failure,High,Resolved,2026-05-30,Compliance,4
E0001885,L0001223,Missed Payment,Medium,Retest,2027-02-12,Finance Ops,4
E0001886,L0001223,Payment Mismatch,High,In Progress,2027-04-25,Finance Ops,4
E0001887,L0001224,Payment Mismatch,Low,In Progress,2025-10-27,Finance Ops,2
E0001888,L0001224,Payment Mismatch,Medium,Resolved,2025-12-28,Collections,4
E0001889,L0001229,Missed Payment,Medium,Resolved,2026-09-27,Finance Ops,6
E0001890,L0001229,Missed Payment,Low,Resolved,2026-10-31,Loan Ops,4
E0001891,L0001229,Missed Payment,High,Resolved,2027-01-04,Finance Ops,4
E0001892,L0001229,Missed Payment,High,In Progress,2027-02-21,Collections,6
E0001893,L0001231,Payment Mismatch,Low,Resolved,2025-05-15,Collections,5
E0001894,L0001231,Payment Mismatch,Low,Open,2025-06-16,Collections,4
E0001895,L0001231,Payment Mismatch,High,Retest,2025-09-11,Collections,4
E0001896,L0001231,Payment Mismatch,Low,Retest,2025-10-17,Finance Ops,3
E0001897,L0001233,Payment Mismatch,Medium,Open,2025-06-06,Loan Ops,1
E0001898,L0001234,Payment Mismatch,High,Resolved,2026-01-20,Collections,2
E0001899,L0001235,Missed Payment,Low,In Progress,2026-04-12,Loan Ops,5
E0001900,L0001235,Missed Payment,Medium,Retest,2026-08-09,Finance Ops,6
E0001901,L0001236,Payment Mismatch,Medium,In Progress,2025-11-17,Finance Ops,6
E0001902,L0001236,Missed Payment,Low,Resolved,2026-05-11,Collections,5
E0001903,L0001240,Missed Payment,Low,Resolved,2026-11-06,Finance Ops,7
E0001904,L0001240,Payment Mismatch,Medium,Resolved,2026-12-08,Loan Ops,6
E0001905,L0001241,Missed Payment,Medium,Resolved,2026-08-15,Finance Ops,4
E0001906,L0001241,Missed Payment,High,Resolved,2027-01-01,Loan Ops,6
E0001907,L0001241,Payment Mismatch,High,Resolved,2027-05-31,Collections,1
E0001908,L0001242,Payment Mismatch,High,Retest,2025-12-09,Finance Ops,6
E0001909,L0001242,Missed Payment,Low,Open,2026-04-09,Collections,1
E0001910,L0001242,Missed Payment,High,Open,2026-07-10,Collections,6
E0001911,L0001244,Payment Mismatch,Low,Retest,2026-06-22,Collections,3
E0001912,L0001246,KYC Failure,High,Manual Review,2025-05-05,Compliance,5
E0001913,L0001247,Missed Payment,Medium,In Progress,2025-12-15,Collections,1
E0001914,L0001247,Payment Mismatch,Medium,Resolved,2026-11-12,Collections,4
E0001915,L0001247,Payment Mismatch,Low,Open,2026-12-21,Loan Ops,3
E0001916,L0001248,Payment Mismatch,Low,Open,2026-08-11,Collections,6
E0001917,L0001249,Missed Payment,High,Retest,2026-08-04,Collections,4
E0001918,L0001250,Missed Payment,Medium,Retest,2025-09-16,Collections,7
E0001919,L0001250,Missed Payment,Low,Retest,2025-11-19,Collections,4
E0001920,L0001250,Payment Mismatch,Low,Retest,2026-03-12,Loan Ops,2
E0001921,L0001250,KYC Failure,High,Open,2025-03-16,Compliance,3
E0001922,L0001251,Payment Mismatch,High,Open,2026-02-19,Finance Ops,2
E0001923,L0001251,Payment Mismatch,Low,In Progress,2026-08-15,Loan Ops,6
E0001924,L0001253,Missed Payment,High,Resolved,2026-01-26,Finance Ops,5
E0001925,L0001254,Payment Mismatch,Low,Open,2025-05-23,Collections,2
E0001926,L0001254,Payment Mismatch,High,Resolved,2025-07-24,Collections,7
E0001927,L0001254,Missed Payment,High,Resolved,2025-10-20,Collections,5
E0001928,L0001255,Payment Mismatch,Low,Open,2025-08-22,Finance Ops,5
E0001929,L0001256,Missed Payment,Low,In Progress,2025-10-11,Loan Ops,6
E0001930,L0001256,Payment Mismatch,Medium,Open,2026-01-18,Finance Ops,1
E0001931,L0001259,KYC Failure,High,Open,2026-03-26,Compliance,3
E0001932,L0001260,Payment Mismatch,Medium,In Progress,2025-08-06,Loan Ops,4
E0001933,L0001260,Missed Payment,Low,Retest,2025-11-29,Finance Ops,2
E0001934,L0001260,Missed Payment,Medium,In Progress,2026-01-22,Collections,2
E0001935,L0001262,Payment Mismatch,Medium,Open,2026-06-12,Finance Ops,6
E0001936,L0001262,Missed Payment,High,Open,2026-07-15,Collections,2
E0001937,L0001262,Payment Mismatch,Medium,Retest,2026-09-13,Finance Ops,3
E0001938,L0001264,Payment Mismatch,Low,Resolved,2025-03-21,Finance Ops,2
E0001939,L0001264,Payment Mismatch,High,Resolved,2026-01-11,Collections,1
E0001940,L0001265,Payment Mismatch,Medium,Open,2025-10-17,Collections,5
E0001941,L0001266,Missed Payment,Low,Retest,2026-05-09,Loan Ops,6
E0001942,L0001268,Missed Payment,Low,Retest,2025-06-25,Collections,2
E0001943,L0001268,Missed Payment,Low,Resolved,2025-08-02,Loan Ops,2
E0001944,L0001271,Payment Mismatch,Low,Resolved,2026-04-27,Loan Ops,5
E0001945,L0001271,Payment Mismatch,High,Retest,2026-08-22,Loan Ops,3
E0001946,L0001272,Missed Payment,Medium,Open,2025-08-31,Loan Ops,1
E0001947,L0001273,Missed Payment,Low,Retest,2026-01-17,Loan Ops,6
E0001948,L0001273,Missed Payment,High,Resolved,2026-09-08,Collections,5
E0001949,L0001274,Payment Mismatch,Low,In Progress,2025-10-05,Collections,5
E0001950,L0001274,Payment Mismatch,High,In Progress,2025-10-26,Collections,3
E0001951,L0001274,Payment Mismatch,Medium,Resolved,2025-11-24,Finance Ops,5
E0001952,L0001275,Missed Payment,High,Open,2025-03-04,Collections,3
E0001953,L0001275,Payment Mismatch,Medium,Retest,2025-09-05,Loan Ops,4
E0001954,L0001275,Missed Payment,High,Open,2025-12-22,Collections,4
E0001955,L0001277,Missed Payment,Medium,Open,2026-01-01,Finance Ops,6
E0001956,L0001277,KYC Failure,High,Open,2025-08-02,Compliance,3
E0001957,L0001278,Missed Payment,Low,Retest,2025-07-22,Collections,2
E0001958,L0001280,Payment Mismatch,Low,Resolved,2026-09-24,Loan Ops,3
E0001959,L0001280,Payment Mismatch,Low,Retest,2026-10-23,Finance Ops,3
E0001960,L0001281,Missed Payment,High,Open,2025-08-01,Finance Ops,2
E0001961,L0001281,Missed Payment,Medium,Open,2026-03-04,Loan Ops,5
E0001962,L0001281,KYC Failure,High,Manual Review,2025-05-22,Compliance,2
E0001963,L0001282,KYC Failure,High,Open,2025-11-23,Compliance,4
E0001964,L0001284,Missed Payment,Low,Open,2026-04-22,Collections,4
E0001965,L0001284,Payment Mismatch,Medium,In Progress,2026-06-18,Collections,4
E0001966,L0001284,Payment Mismatch,High,Retest,2026-08-23,Finance Ops,6
E0001967,L0001284,Missed Payment,Low,In Progress,2026-11-21,Finance Ops,2
E0001968,L0001284,KYC Failure,High,Manual Review,2025-12-17,Compliance,3
E0001969,L0001286,Missed Payment,Medium,Open,2026-03-29,Finance Ops,4
E0001970,L0001286,Missed Payment,Medium,Open,2026-09-22,Finance Ops,7
E0001971,L0001286,Missed Payment,High,Open,2027-02-17,Loan Ops,1
E0001972,L0001287,Payment Mismatch,High,Retest,2025-08-11,Loan Ops,7
E0001973,L0001287,Missed Payment,Low,Retest,2025-09-01,Loan Ops,2
E0001974,L0001288,Payment Mismatch,Low,Resolved,2027-05-06,Loan Ops,1
E0001975,L0001289,Payment Mismatch,High,Retest,2025-10-03,Loan Ops,2
E0001976,L0001289,Missed Payment,Low,Retest,2026-04-02,Collections,2
E0001977,L0001290,KYC Failure,High,Open,2025-12-27,Compliance,1
E0001978,L0001291,Missed Payment,Medium,Resolved,2025-12-10,Finance Ops,3
E0001979,L0001291,Missed Payment,Low,In Progress,2026-05-28,Loan Ops,7
E0001980,L0001292,Missed Payment,Low,In Progress,2026-04-01,Finance Ops,3
E0001981,L0001292,Payment Mismatch,Medium,Open,2026-06-05,Collections,7
E0001982,L0001292,Missed Payment,High,Retest,2026-07-10,Finance Ops,4
E0001983,L0001292,Payment Mismatch,Medium,Open,2026-11-02,Finance Ops,6
E0001984,L0001293,Payment Mismatch,Medium,Resolved,2026-06-03,Finance Ops,3
E0001985,L0001295,Payment Mismatch,Medium,Resolved,2026-04-18,Collections,2
E0001986,L0001295,Payment Mismatch,High,Retest,2026-11-14,Finance Ops,4
E0001987,L0001295,KYC Failure,High,Open,2025-11-16,Compliance,1
E0001988,L0001296,Payment Mismatch,Low,Retest,2025-12-01,Finance Ops,5
E0001989,L0001297,Missed Payment,Medium,Open,2025-04-28,Loan Ops,3
E0001990,L0001297,Missed Payment,High,Retest,2025-08-27,Loan Ops,2
E0001991,L0001298,Payment Mismatch,High,Open,2026-05-29,Loan Ops,2
E0001992,L0001298,Missed Payment,Low,Resolved,2026-09-24,Collections,1
E0001993,L0001298,KYC Failure,High,Manual Review,2026-03-27,Compliance,2
E0001994,L0001299,Payment Mismatch,High,Retest,2025-11-13,Loan Ops,1
E0001995,L0001299,Payment Mismatch,High,In Progress,2026-01-11,Loan Ops,5
E0001996,L0001300,Payment Mismatch,Low,In Progress,2026-08-12,Loan Ops,5
E0001997,L0001300,KYC Failure,High,Manual Review,2025-10-04,Compliance,3
E0001998,L0001301,Missed Payment,High,Open,2026-02-25,Collections,3
E0001999,L0001301,KYC Failure,High,Manual Review,2025-06-22,Compliance,5
E0002000,L0001303,Missed Payment,High,In Progress,2026-03-13,Loan Ops,6
E0002001,L0001303,Payment Mismatch,Low,Open,2026-11-11,Collections,5
E0002002,L0001305,Payment Mismatch,Low,Open,2026-07-23,Finance Ops,1
E0002003,L0001305,Payment Mismatch,High,In Progress,2026-09-19,Loan Ops,6
E0002004,L0001305,KYC Failure,High,Open,2026-04-18,Compliance,5
E0002005,L0001306,Missed Payment,Low,Resolved,2025-05-03,Loan Ops,1
E0002006,L0001306,Payment Mismatch,Low,Open,2025-07-05,Loan Ops,5
E0002007,L0001307,Payment Mismatch,Low,Open,2025-09-30,Collections,5
E0002008,L0001307,Payment Mismatch,Low,Retest,2025-10-29,Collections,1
E0002009,L0001307,Payment Mismatch,Medium,Open,2026-03-10,Finance Ops,5
E0002010,L0001307,Payment Mismatch,Medium,In Progress,2026-07-08,Finance Ops,6
E0002011,L0001308,Payment Mismatch,High,Resolved,2026-09-12,Finance Ops,4
E0002012,L0001308,Missed Payment,Low,In Progress,2026-10-17,Finance Ops,1
E0002013,L0001309,Missed Payment,Low,Resolved,2026-06-07,Loan Ops,4
E0002014,L0001309,Payment Mismatch,Low,Retest,2026-07-07,Loan Ops,2
E0002015,L0001309,Missed Payment,Low,Retest,2026-09-07,Finance Ops,4
E0002016,L0001310,KYC Failure,High,Resolved,2025-03-09,Compliance,3
E0002017,L0001311,Missed Payment,High,Retest,2026-03-05,Collections,1
E0002018,L0001311,Missed Payment,Low,Retest,2026-04-04,Collections,5
E0002019,L0001311,Missed Payment,High,Retest,2027-03-09,Loan Ops,7
E0002020,L0001311,KYC Failure,High,Open,2025-12-27,Compliance,2
E0002021,L0001312,Missed Payment,Low,Resolved,2025-08-07,Collections,2
E0002022,L0001313,Payment Mismatch,Low,Resolved,2025-08-30,Finance Ops,5
E0002023,L0001314,Payment Mismatch,Low,Retest,2025-05-28,Collections,2
E0002024,L0001314,Payment Mismatch,Medium,Retest,2025-07-20,Loan Ops,3
E0002025,L0001315,Payment Mismatch,Low,Resolved,2026-01-20,Collections,6
E0002026,L0001315,KYC Failure,High,Open,2025-12-16,Compliance,4
E0002027,L0001316,Missed Payment,Medium,In Progress,2025-06-09,Collections,6
E0002028,L0001317,Payment Mismatch,Medium,Resolved,2025-12-10,Loan Ops,6
E0002029,L0001317,Missed Payment,Medium,Open,2026-05-10,Loan Ops,7
E0002030,L0001318,Payment Mismatch,High,Retest,2025-09-24,Collections,1
E0002031,L0001318,Payment Mismatch,Medium,In Progress,2025-12-21,Collections,5
E0002032,L0001318,Missed Payment,High,Retest,2026-02-21,Loan Ops,4
E0002033,L0001318,Missed Payment,Low,Retest,2026-06-21,Collections,6
E0002034,L0001318,KYC Failure,High,Resolved,2025-04-20,Compliance,2
E0002035,L0001319,Missed Payment,High,In Progress,2026-09-21,Collections,6
E0002036,L0001320,Payment Mismatch,High,Open,2025-06-04,Loan Ops,3
E0002037,L0001321,Missed Payment,Medium,Retest,2026-09-09,Collections,3
E0002038,L0001321,Missed Payment,High,Open,2027-03-12,Finance Ops,2
E0002039,L0001322,Missed Payment,High,Resolved,2025-09-07,Finance Ops,7
E0002040,L0001323,Payment Mismatch,Medium,In Progress,2026-02-08,Loan Ops,7
E0002041,L0001323,Payment Mismatch,Medium,Open,2026-11-04,Collections,6
E0002042,L0001323,Missed Payment,High,Open,2027-03-03,Collections,7
E0002043,L0001325,KYC Failure,High,Open,2026-04-12,Compliance,1
E0002044,L0001328,Missed Payment,Low,In Progress,2025-12-16,Loan Ops,6
E0002045,L0001328,Payment Mismatch,Medium,In Progress,2026-02-17,Finance Ops,3
E0002046,L0001328,KYC Failure,High,Open,2025-08-10,Compliance,4
E0002047,L0001329,Payment Mismatch,Low,In Progress,2026-06-24,Collections,2
E0002048,L0001329,Payment Mismatch,High,Open,2026-08-21,Collections,4
E0002049,L0001329,Missed Payment,High,In Progress,2026-10-21,Loan Ops,1
E0002050,L0001329,Payment Mismatch,High,Resolved,2027-05-29,Collections,2
E0002051,L0001330,KYC Failure,High,Resolved,2026-02-25,Compliance,2
E0002052,L0001332,Payment Mismatch,Medium,Resolved,2025-09-19,Finance Ops,2
E0002053,L0001332,Payment Mismatch,High,Open,2025-12-20,Loan Ops,4
E0002054,L0001332,Payment Mismatch,High,Retest,2026-01-18,Collections,3
E0002055,L0001332,Missed Payment,Low,Retest,2026-02-17,Loan Ops,5
E0002056,L0001332,Payment Mismatch,High,Open,2026-04-23,Loan Ops,2
E0002057,L0001332,Missed Payment,Low,Open,2026-06-19,Collections,6
E0002058,L0001333,Payment Mismatch,Medium,Open,2026-06-27,Collections,6
E0002059,L0001334,Missed Payment,Low,Retest,2026-12-09,Finance Ops,2
E0002060,L0001334,Missed Payment,Medium,In Progress,2027-01-10,Finance Ops,2
E0002061,L0001334,Payment Mismatch,Low,Open,2027-03-21,Collections,4
E0002062,L0001334,Missed Payment,Low,Open,2027-07-19,Loan Ops,6
E0002063,L0001335,Payment Mismatch,Low,Retest,2026-06-05,Finance Ops,3
E0002064,L0001335,Payment Mismatch,Low,Retest,2027-01-11,Loan Ops,2
E0002065,L0001336,Payment Mismatch,High,Retest,2026-08-13,Loan Ops,2
E0002066,L0001337,Payment Mismatch,High,In Progress,2026-07-31,Collections,2
E0002067,L0001339,KYC Failure,High,Resolved,2026-05-23,Compliance,5
E0002068,L0001340,Payment Mismatch,High,Open,2026-05-14,Loan Ops,6
E0002069,L0001341,Missed Payment,Medium,Open,2026-02-22,Collections,3
E0002070,L0001341,Payment Mismatch,Medium,Retest,2026-05-16,Loan Ops,6
E0002071,L0001341,Payment Mismatch,Medium,Resolved,2026-07-17,Finance Ops,3
E0002072,L0001342,Payment Mismatch,High,Resolved,2026-10-13,Collections,1
E0002073,L0001342,Missed Payment,Medium,In Progress,2027-08-08,Loan Ops,1
E0002074,L0001342,KYC Failure,High,Open,2026-03-11,Compliance,1
E0002075,L0001344,Payment Mismatch,Medium,Open,2025-12-25,Collections,2
E0002076,L0001344,Payment Mismatch,Medium,Resolved,2026-01-25,Finance Ops,2
E0002077,L0001344,Payment Mismatch,High,Open,2026-07-05,Finance Ops,6
E0002078,L0001345,Missed Payment,High,Resolved,2026-03-01,Loan Ops,4
E0002079,L0001346,Missed Payment,Low,Resolved,2026-05-06,Finance Ops,2
E0002080,L0001346,Missed Payment,High,Retest,2027-02-05,Finance Ops,1
E0002081,L0001347,Payment Mismatch,Low,Open,2025-10-15,Finance Ops,4
E0002082,L0001348,Missed Payment,Low,Retest,2025-03-24,Finance Ops,6
E0002083,L0001348,Payment Mismatch,Low,In Progress,2025-06-20,Collections,5
E0002084,L0001348,Missed Payment,High,In Progress,2026-01-16,Finance Ops,3
E0002085,L0001349,Payment Mismatch,Low,Retest,2025-08-01,Loan Ops,6
E0002086,L0001349,KYC Failure,High,Manual Review,2025-04-29,Compliance,5
E0002087,L0001350,Payment Mismatch,Low,Open,2026-03-25,Loan Ops,5
E0002088,L0001350,Missed Payment,Low,Resolved,2026-05-29,Loan Ops,6
E0002089,L0001351,Missed Payment,Low,In Progress,2025-07-26,Finance Ops,4
E0002090,L0001351,Missed Payment,Medium,Open,2025-10-24,Collections,6
E0002091,L0001351,Payment Mismatch,Low,Resolved,2026-02-22,Loan Ops,1
E0002092,L0001352,Payment Mismatch,Low,Open,2026-10-14,Finance Ops,4
E0002093,L0001352,Payment Mismatch,Medium,Resolved,2027-01-19,Loan Ops,4
E0002094,L0001352,Missed Payment,Medium,In Progress,2027-07-23,Collections,2
E0002095,L0001352,KYC Failure,High,Resolved,2026-02-14,Compliance,1
E0002096,L0001353,Missed Payment,High,Open,2026-04-01,Loan Ops,6
E0002097,L0001354,Missed Payment,High,Open,2025-05-18,Collections,2
E0002098,L0001354,Missed Payment,Low,Resolved,2025-09-11,Finance Ops,1
E0002099,L0001354,Missed Payment,Medium,In Progress,2025-11-17,Finance Ops,1
E0002100,L0001355,KYC Failure,High,Manual Review,2025-06-07,Compliance,1
E0002101,L0001356,KYC Failure,High,Resolved,2025-02-22,Compliance,1
E0002102,L0001357,Payment Mismatch,High,Open,2026-07-02,Collections,6
E0002103,L0001357,Payment Mismatch,High,Retest,2026-07-24,Finance Ops,5
E0002104,L0001358,Payment Mismatch,Low,Resolved,2026-08-20,Finance Ops,2
E0002105,L0001359,Payment Mismatch,Medium,Open,2026-02-05,Finance Ops,4
E0002106,L0001360,Payment Mismatch,Low,Retest,2025-12-08,Finance Ops,7
E0002107,L0001360,Missed Payment,High,Resolved,2026-01-05,Finance Ops,6
E0002108,L0001361,Payment Mismatch,Medium,Open,2025-11-28,Collections,6
E0002109,L0001361,Missed Payment,Low,Resolved,2025-12-28,Collections,4
E0002110,L0001362,Payment Mismatch,Medium,Open,2026-07-27,Finance Ops,5
E0002111,L0001363,Missed Payment,Low,Retest,2025-07-15,Collections,3
E0002112,L0001363,Payment Mismatch,Low,Open,2025-09-12,Collections,1
E0002113,L0001363,Missed Payment,Low,Open,2025-10-12,Loan Ops,3
E0002114,L0001364,Missed Payment,High,In Progress,2026-02-21,Loan Ops,2
E0002115,L0001364,Payment Mismatch,Low,Resolved,2026-06-21,Finance Ops,2
E0002116,L0001364,Missed Payment,High,In Progress,2026-10-22,Loan Ops,6
E0002117,L0001365,Missed Payment,Low,Open,2025-08-13,Loan Ops,2
E0002118,L0001366,Payment Mismatch,High,In Progress,2025-12-29,Loan Ops,7
E0002119,L0001367,Payment Mismatch,Medium,In Progress,2025-09-23,Collections,3
E0002120,L0001368,Missed Payment,High,Retest,2025-11-23,Finance Ops,5
E0002121,L0001368,Payment Mismatch,Medium,Resolved,2026-01-21,Finance Ops,5
E0002122,L0001369,Missed Payment,Low,Retest,2026-03-29,Finance Ops,1
E0002123,L0001369,Payment Mismatch,Low,Resolved,2026-11-05,Finance Ops,3
E0002124,L0001371,Missed Payment,Low,Retest,2025-06-29,Collections,2
E0002125,L0001371,Missed Payment,Medium,Retest,2025-08-21,Finance Ops,3
E0002126,L0001371,Payment Mismatch,Medium,Retest,2025-12-01,Loan Ops,6
E0002127,L0001371,Missed Payment,Low,Retest,2026-09-19,Loan Ops,2
E0002128,L0001372,Payment Mismatch,Low,In Progress,2026-11-28,Finance Ops,7
E0002129,L0001373,Payment Mismatch,Medium,Resolved,2026-09-27,Collections,4
E0002130,L0001374,Payment Mismatch,Low,In Progress,2026-06-02,Finance Ops,7
E0002131,L0001375,Payment Mismatch,High,Retest,2025-11-16,Collections,6
E0002132,L0001378,Missed Payment,Low,Resolved,2026-07-13,Collections,1
E0002133,L0001379,Missed Payment,High,Retest,2025-07-04,Loan Ops,5
E0002134,L0001379,Missed Payment,Low,Retest,2026-02-26,Collections,1
E0002135,L0001380,Payment Mismatch,Medium,Resolved,2026-08-20,Loan Ops,3
E0002136,L0001383,Payment Mismatch,Low,Resolved,2025-12-25,Loan Ops,1
E0002137,L0001383,KYC Failure,High,Manual Review,2025-08-23,Compliance,2
E0002138,L0001384,Missed Payment,Medium,Resolved,2026-03-20,Loan Ops,4
E0002139,L0001384,Missed Payment,High,Open,2026-07-16,Finance Ops,1
E0002140,L0001384,KYC Failure,High,Manual Review,2025-12-12,Compliance,3
E0002141,L0001386,Missed Payment,Low,Resolved,2026-01-19,Loan Ops,6
E0002142,L0001387,Payment Mismatch,Medium,In Progress,2026-07-13,Loan Ops,4
E0002143,L0001387,Missed Payment,Low,Retest,2026-10-30,Loan Ops,6
E0002144,L0001387,KYC Failure,High,Manual Review,2026-05-28,Compliance,1
E0002145,L0001388,Payment Mismatch,High,Retest,2026-01-19,Collections,6
E0002146,L0001388,Missed Payment,Low,Resolved,2026-05-21,Loan Ops,7
E0002147,L0001389,Payment Mismatch,Medium,Retest,2026-01-01,Collections,4
E0002148,L0001389,Missed Payment,Low,In Progress,2026-04-05,Collections,2
E0002149,L0001389,Payment Mismatch,Low,Open,2026-09-28,Loan Ops,5
E0002150,L0001389,Missed Payment,High,Open,2026-10-31,Collections,4
E0002151,L0001390,KYC Failure,High,Manual Review,2026-04-28,Compliance,4
E0002152,L0001391,Missed Payment,High,Retest,2026-06-20,Loan Ops,5
E0002153,L0001391,Payment Mismatch,Medium,Open,2026-10-19,Collections,6
E0002154,L0001393,Payment Mismatch,High,Resolved,2026-05-06,Loan Ops,2
E0002155,L0001396,Payment Mismatch,High,Open,2026-02-03,Collections,3
E0002156,L0001396,Payment Mismatch,Medium,Open,2026-06-03,Finance Ops,4
E0002157,L0001396,Payment Mismatch,High,In Progress,2026-07-31,Finance Ops,4
E0002158,L0001398,KYC Failure,High,Manual Review,2026-06-02,Compliance,1
E0002159,L0001399,Missed Payment,High,Open,2026-08-09,Collections,2
E0002160,L0001402,Missed Payment,Low,Retest,2026-01-31,Finance Ops,5
E0002161,L0001402,Payment Mismatch,Low,Open,2026-06-02,Collections,4
E0002162,L0001403,Payment Mismatch,Medium,Retest,2025-02-27,Loan Ops,4
E0002163,L0001404,Missed Payment,High,Retest,2026-09-28,Loan Ops,6
E0002164,L0001404,Missed Payment,Medium,In Progress,2027-01-26,Finance Ops,5
E0002165,L0001404,KYC Failure,High,Manual Review,2026-03-30,Compliance,2
E0002166,L0001405,Missed Payment,Low,Open,2026-04-12,Loan Ops,3
E0002167,L0001405,Missed Payment,High,In Progress,2026-06-21,Loan Ops,7
E0002168,L0001406,Payment Mismatch,High,Open,2026-03-05,Finance Ops,3
E0002169,L0001406,Payment Mismatch,Medium,Resolved,2026-10-06,Loan Ops,6
E0002170,L0001406,Payment Mismatch,Medium,Open,2026-11-02,Collections,3
E0002171,L0001407,Missed Payment,Low,Open,2025-12-27,Collections,5
E0002172,L0001407,Missed Payment,Medium,Open,2026-02-25,Finance Ops,2
E0002173,L0001407,Payment Mismatch,Medium,Open,2026-05-27,Loan Ops,6
E0002174,L0001408,Missed Payment,High,Resolved,2025-08-28,Collections,5
E0002175,L0001408,Payment Mismatch,High,Resolved,2025-09-24,Collections,1
E0002176,L0001408,Payment Mismatch,Medium,Retest,2026-06-27,Collections,1
E0002177,L0001408,Missed Payment,Medium,In Progress,2026-08-01,Finance Ops,2
E0002178,L0001408,Payment Mismatch,High,Resolved,2026-08-20,Finance Ops,1
E0002179,L0001408,Missed Payment,Low,Retest,2026-09-25,Collections,1
E0002180,L0001410,Payment Mismatch,Low,Resolved,2025-05-22,Loan Ops,1
E0002181,L0001410,Payment Mismatch,Medium,Retest,2025-09-10,Finance Ops,2
E0002182,L0001410,KYC Failure,High,Resolved,2025-03-07,Compliance,1
E0002183,L0001411,Missed Payment,High,Resolved,2026-03-25,Loan Ops,6
E0002184,L0001412,Missed Payment,High,Retest,2025-11-04,Finance Ops,2
E0002185,L0001412,Payment Mismatch,High,Resolved,2026-03-02,Collections,1
E0002186,L0001413,Missed Payment,Low,Open,2026-03-26,Finance Ops,6
E0002187,L0001415,Payment Mismatch,High,Open,2025-06-13,Collections,7
E0002188,L0001416,Payment Mismatch,Medium,In Progress,2026-11-21,Collections,2
E0002189,L0001416,Missed Payment,Low,Open,2026-12-29,Finance Ops,5
E0002190,L0001417,Payment Mismatch,Medium,Resolved,2025-10-06,Finance Ops,1
E0002191,L0001417,Payment Mismatch,Low,Open,2026-08-05,Loan Ops,4
E0002192,L0001418,Missed Payment,Low,Resolved,2025-07-14,Loan Ops,6
E0002193,L0001418,KYC Failure,High,Resolved,2025-04-27,Compliance,4
E0002194,L0001419,Payment Mismatch,Medium,Retest,2025-05-27,Finance Ops,6
E0002195,L0001419,Missed Payment,Medium,Resolved,2025-11-18,Finance Ops,2
E0002196,L0001419,Missed Payment,Low,Resolved,2026-01-22,Collections,2
E0002197,L0001420,Missed Payment,Medium,In Progress,2026-11-22,Loan Ops,7
E0002198,L0001420,Payment Mismatch,Medium,Retest,2027-01-19,Loan Ops,4
E0002199,L0001421,KYC Failure,High,Open,2025-11-06,Compliance,2
E0002200,L0001423,Payment Mismatch,Medium,Retest,2026-11-28,Loan Ops,5
E0002201,L0001423,Payment Mismatch,Medium,Resolved,2027-06-01,Loan Ops,3
E0002202,L0001423,KYC Failure,High,Manual Review,2026-01-01,Compliance,4
E0002203,L0001424,Payment Mismatch,Low,Open,2026-03-11,Loan Ops,3
E0002204,L0001424,KYC Failure,High,Resolved,2025-06-11,Compliance,1
E0002205,L0001425,Missed Payment,Medium,Open,2026-03-10,Finance Ops,5
E0002206,L0001425,Missed Payment,High,In Progress,2026-05-31,Collections,1
E0002207,L0001426,Payment Mismatch,High,In Progress,2026-11-19,Collections,1
E0002208,L0001426,Payment Mismatch,Medium,In Progress,2026-12-16,Finance Ops,5
E0002209,L0001426,Payment Mismatch,High,Resolved,2027-01-15,Finance Ops,4
E0002210,L0001426,KYC Failure,High,Manual Review,2026-01-15,Compliance,3
E0002211,L0001428,Missed Payment,Medium,Resolved,2027-06-24,Loan Ops,2
E0002212,L0001429,Payment Mismatch,High,Retest,2026-01-15,Collections,2
E0002213,L0001429,Missed Payment,Medium,Retest,2026-03-26,Loan Ops,5
E0002214,L0001429,KYC Failure,High,Resolved,2025-09-14,Compliance,5
E0002215,L0001430,Payment Mismatch,Low,Resolved,2026-02-17,Finance Ops,2
E0002216,L0001431,Missed Payment,Low,Open,2026-02-24,Collections,3
E0002217,L0001431,Payment Mismatch,Low,In Progress,2026-07-28,Loan Ops,1
E0002218,L0001432,Payment Mismatch,Medium,Retest,2025-09-23,Collections,5
E0002219,L0001432,Payment Mismatch,Medium,In Progress,2026-07-29,Loan Ops,2
E0002220,L0001433,Missed Payment,Medium,Retest,2027-02-20,Finance Ops,3
E0002221,L0001434,Payment Mismatch,High,Resolved,2026-05-01,Loan Ops,5
E0002222,L0001434,Payment Mismatch,Medium,In Progress,2027-02-23,Finance Ops,4
E0002223,L0001434,Missed Payment,High,Resolved,2027-03-25,Loan Ops,5
E0002224,L0001435,Payment Mismatch,High,Resolved,2026-01-14,Finance Ops,6
E0002225,L0001435,Payment Mismatch,Medium,Open,2026-02-08,Finance Ops,4
E0002226,L0001435,Payment Mismatch,Low,Open,2026-05-06,Loan Ops,2
E0002227,L0001435,Payment Mismatch,Low,In Progress,2026-06-04,Collections,5
E0002228,L0001436,Missed Payment,Medium,In Progress,2026-11-27,Loan Ops,3
E0002229,L0001436,KYC Failure,High,Resolved,2026-04-24,Compliance,3
E0002230,L0001437,Payment Mismatch,Medium,Retest,2026-01-29,Finance Ops,5
E0002231,L0001437,Missed Payment,High,Open,2026-04-18,Finance Ops,6
E0002232,L0001437,KYC Failure,High,Resolved,2025-09-15,Compliance,4
E0002233,L0001438,Missed Payment,Low,Resolved,2025-08-22,Loan Ops,3
E0002234,L0001439,Payment Mismatch,High,In Progress,2025-10-08,Loan Ops,7
E0002235,L0001440,KYC Failure,High,Open,2025-08-21,Compliance,2
E0002236,L0001441,Payment Mismatch,High,Retest,2026-07-02,Collections,4
E0002237,L0001442,KYC Failure,High,Resolved,2026-01-12,Compliance,4
E0002238,L0001443,Payment Mismatch,Medium,In Progress,2026-01-05,Loan Ops,4
E0002239,L0001443,KYC Failure,High,Open,2025-07-26,Compliance,2
E0002240,L0001444,Missed Payment,High,Resolved,2026-01-09,Finance Ops,5
E0002241,L0001444,Payment Mismatch,Low,Retest,2026-02-08,Finance Ops,5
E0002242,L0001444,Missed Payment,Low,Resolved,2026-04-18,Finance Ops,4
E0002243,L0001445,Missed Payment,Medium,In Progress,2026-03-13,Finance Ops,2
E0002244,L0001445,Missed Payment,Low,In Progress,2026-08-08,Finance Ops,6
E0002245,L0001445,Missed Payment,High,Resolved,2026-12-09,Loan Ops,6
E0002246,L0001445,Missed Payment,Medium,In Progress,2027-05-09,Collections,6
E0002247,L0001446,Missed Payment,Medium,Retest,2025-02-11,Finance Ops,7
E0002248,L0001446,Payment Mismatch,High,Resolved,2025-04-09,Collections,2
E0002249,L0001446,Payment Mismatch,Medium,Open,2025-09-06,Finance Ops,5
E0002250,L0001446,Payment Mismatch,Low,Resolved,2025-10-06,Finance Ops,4
E0002251,L0001446,Payment Mismatch,Low,In Progress,2026-05-03,Finance Ops,3
E0002252,L0001447,Payment Mismatch,Medium,Open,2025-09-02,Collections,4
E0002253,L0001447,Missed Payment,High,Retest,2025-10-01,Collections,2
E0002254,L0001448,Payment Mismatch,High,Open,2026-05-08,Loan Ops,4
E0002255,L0001448,Payment Mismatch,Low,In Progress,2026-09-30,Finance Ops,4
E0002256,L0001452,Payment Mismatch,Medium,In Progress,2026-02-06,Collections,1
E0002257,L0001452,Payment Mismatch,Medium,Open,2026-07-05,Loan Ops,1
E0002258,L0001452,Missed Payment,Medium,In Progress,2026-09-07,Finance Ops,3
E0002259,L0001453,Payment Mismatch,Medium,In Progress,2025-10-25,Loan Ops,2
E0002260,L0001453,Payment Mismatch,High,Open,2025-12-28,Collections,4
E0002261,L0001454,Payment Mismatch,Medium,Open,2025-11-19,Finance Ops,5
E0002262,L0001455,Payment Mismatch,Low,Open,2026-09-07,Collections,3
E0002263,L0001457,Payment Mismatch,High,Resolved,2025-12-15,Collections,6
E0002264,L0001457,Payment Mismatch,High,Resolved,2026-07-08,Loan Ops,6
E0002265,L0001457,Missed Payment,Medium,In Progress,2026-10-30,Finance Ops,3
E0002266,L0001458,Missed Payment,High,Retest,2025-10-16,Loan Ops,3
E0002267,L0001458,Payment Mismatch,Low,Open,2025-11-14,Loan Ops,1
E0002268,L0001458,Missed Payment,High,Retest,2026-10-10,Finance Ops,1
E0002269,L0001460,Payment Mismatch,Low,Retest,2026-03-14,Finance Ops,3
E0002270,L0001460,Payment Mismatch,Low,In Progress,2026-10-12,Collections,7
E0002271,L0001462,Missed Payment,High,Resolved,2026-02-17,Finance Ops,7
E0002272,L0001462,KYC Failure,High,Manual Review,2025-11-17,Compliance,1
E0002273,L0001463,Payment Mismatch,Low,Open,2025-08-31,Collections,3
E0002274,L0001463,Payment Mismatch,Low,Resolved,2025-10-27,Finance Ops,2
E0002275,L0001463,Payment Mismatch,Low,Resolved,2026-01-02,Collections,3
E0002276,L0001464,Missed Payment,High,In Progress,2025-11-16,Collections,5
E0002277,L0001466,Payment Mismatch,Medium,In Progress,2026-06-27,Loan Ops,1
E0002278,L0001467,Payment Mismatch,Medium,In Progress,2026-07-21,Finance Ops,5
E0002279,L0001468,Missed Payment,Medium,Open,2025-11-13,Collections,2
E0002280,L0001469,Missed Payment,High,Retest,2026-12-04,Finance Ops,4
E0002281,L0001469,Missed Payment,Medium,Open,2026-12-24,Loan Ops,4
E0002282,L0001469,Payment Mismatch,Low,Resolved,2027-01-28,Finance Ops,7
E0002283,L0001469,Missed Payment,High,Open,2027-02-22,Collections,7
E0002284,L0001469,KYC Failure,High,Resolved,2026-04-21,Compliance,1
E0002285,L0001470,Payment Mismatch,Medium,Open,2026-02-19,Loan Ops,5
E0002286,L0001470,Missed Payment,High,In Progress,2026-04-20,Collections,7
E0002287,L0001471,Payment Mismatch,High,Resolved,2027-01-27,Finance Ops,1
E0002288,L0001472,Payment Mismatch,Low,In Progress,2025-11-01,Collections,6
E0002289,L0001475,Payment Mismatch,High,Open,2026-07-10,Loan Ops,6
E0002290,L0001476,Missed Payment,High,Open,2025-12-17,Loan Ops,3
E0002291,L0001477,Payment Mismatch,Low,In Progress,2027-01-04,Finance Ops,3
E0002292,L0001477,KYC Failure,High,Resolved,2025-09-05,Compliance,1
E0002293,L0001478,Missed Payment,Low,Open,2025-11-25,Finance Ops,5
E0002294,L0001478,Missed Payment,High,Retest,2026-01-24,Collections,7
E0002295,L0001478,Payment Mismatch,Low,Retest,2026-05-14,Finance Ops,3
E0002296,L0001478,Payment Mismatch,High,In Progress,2026-09-16,Collections,3
E0002297,L0001479,Payment Mismatch,Low,Retest,2026-08-25,Loan Ops,4
E0002298,L0001480,Missed Payment,Low,In Progress,2025-11-25,Finance Ops,1
E0002299,L0001480,Missed Payment,Medium,In Progress,2026-03-23,Finance Ops,4
E0002300,L0001481,Payment Mismatch,High,Open,2026-10-03,Finance Ops,6
E0002301,L0001482,Payment Mismatch,Medium,In Progress,2026-04-26,Collections,2
E0002302,L0001482,Missed Payment,High,Resolved,2026-12-21,Loan Ops,3
E0002303,L0001483,Payment Mismatch,Low,In Progress,2025-04-12,Finance Ops,2
E0002304,L0001483,Missed Payment,Medium,In Progress,2025-06-12,Collections,1
E0002305,L0001484,Missed Payment,High,Retest,2026-11-23,Finance Ops,3
E0002306,L0001484,Missed Payment,Low,Open,2026-12-23,Loan Ops,3
E0002307,L0001484,Missed Payment,Low,In Progress,2027-01-16,Finance Ops,3
E0002308,L0001485,Payment Mismatch,High,Resolved,2027-01-27,Collections,1
E0002309,L0001485,Missed Payment,Medium,Resolved,2027-05-26,Loan Ops,2
E0002310,L0001485,Missed Payment,Low,Open,2027-11-22,Finance Ops,3
E0002311,L0001485,KYC Failure,High,Manual Review,2026-05-29,Compliance,2
E0002312,L0001486,Missed Payment,Low,Retest,2025-07-08,Loan Ops,7
E0002313,L0001486,Missed Payment,Medium,Retest,2025-10-01,Loan Ops,6
E0002314,L0001486,Missed Payment,Medium,Open,2025-10-31,Finance Ops,5
E0002315,L0001487,Missed Payment,Medium,Open,2025-11-27,Finance Ops,7
E0002316,L0001490,Payment Mismatch,Low,Open,2026-03-26,Collections,5
E0002317,L0001490,Payment Mismatch,Low,Retest,2026-04-28,Loan Ops,1
E0002318,L0001490,Missed Payment,Low,Resolved,2026-09-22,Loan Ops,5
E0002319,L0001490,Payment Mismatch,Medium,Resolved,2026-10-28,Finance Ops,6
E0002320,L0001490,Missed Payment,Low,In Progress,2026-11-27,Loan Ops,7
E0002321,L0001491,Missed Payment,Medium,Open,2025-12-04,Finance Ops,7
E0002322,L0001491,Payment Mismatch,Medium,In Progress,2026-01-28,Collections,4
E0002323,L0001492,Missed Payment,High,In Progress,2025-11-13,Loan Ops,3
E0002324,L0001492,Payment Mismatch,Medium,Resolved,2025-12-25,Loan Ops,3
E0002325,L0001493,Missed Payment,High,Open,2026-11-08,Finance Ops,4
E0002326,L0001493,Missed Payment,Low,Open,2026-12-07,Collections,4
E0002327,L0001493,Missed Payment,High,In Progress,2027-02-15,Collections,1
E0002328,L0001494,Missed Payment,High,Retest,2026-05-28,Finance Ops,2
E0002329,L0001494,Payment Mismatch,Low,Resolved,2026-06-26,Collections,4
E0002330,L0001496,Payment Mismatch,High,Retest,2026-03-20,Collections,3
E0002331,L0001497,Missed Payment,High,In Progress,2026-08-10,Collections,2
E0002332,L0001497,Missed Payment,Medium,Open,2026-11-13,Collections,7
E0002333,L0001498,Payment Mismatch,Low,Retest,2026-01-19,Loan Ops,6
E0002334,L0001499,Missed Payment,Low,In Progress,2026-10-05,Finance Ops,4
E0002335,L0001499,Payment Mismatch,High,In Progress,2026-11-07,Loan Ops,1
E0002336,L0001499,Missed Payment,Medium,Resolved,2027-06-05,Collections,4
E0002337,L0001502,Payment Mismatch,Medium,Resolved,2026-05-28,Finance Ops,5
E0002338,L0001506,Missed Payment,Low,Open,2026-05-22,Collections,6
E0002339,L0001506,Payment Mismatch,Medium,Open,2026-06-12,Finance Ops,3
E0002340,L0001506,Payment Mismatch,Low,In Progress,2026-07-16,Finance Ops,4
E0002341,L0001506,Missed Payment,Low,Open,2026-09-10,Loan Ops,1
E0002342,L0001506,KYC Failure,High,Open,2025-11-10,Compliance,2
E0002343,L0001507,Missed Payment,Low,Resolved,2026-03-26,Collections,6
E0002344,L0001508,Missed Payment,High,In Progress,2025-08-30,Loan Ops,6
E0002345,L0001508,Payment Mismatch,Medium,Open,2026-02-01,Finance Ops,3
E0002346,L0001508,KYC Failure,High,Resolved,2025-07-24,Compliance,4
E0002347,L0001509,Missed Payment,Medium,In Progress,2026-04-25,Finance Ops,5
E0002348,L0001511,Missed Payment,Low,Resolved,2026-05-05,Collections,2
E0002349,L0001512,Payment Mismatch,Low,Retest,2026-05-22,Loan Ops,3
E0002350,L0001512,Payment Mismatch,Low,In Progress,2026-06-09,Loan Ops,6
E0002351,L0001512,KYC Failure,High,Resolved,2025-12-12,Compliance,5
E0002352,L0001513,Payment Mismatch,High,Open,2025-08-19,Finance Ops,6
E0002353,L0001513,Payment Mismatch,Medium,Retest,2026-03-23,Loan Ops,3
E0002354,L0001513,Payment Mismatch,High,Resolved,2026-05-18,Loan Ops,2
E0002355,L0001513,KYC Failure,High,Manual Review,2025-06-20,Compliance,4
E0002356,L0001515,Missed Payment,High,Open,2025-10-04,Collections,5
E0002357,L0001515,Payment Mismatch,Medium,Open,2026-02-01,Collections,6
E0002358,L0001516,Payment Mismatch,High,Open,2026-10-10,Collections,2
E0002359,L0001516,Payment Mismatch,High,Open,2026-12-11,Collections,6
E0002360,L0001516,Payment Mismatch,Medium,In Progress,2027-02-10,Loan Ops,2
E0002361,L0001516,KYC Failure,High,Open,2026-02-09,Compliance,2
E0002362,L0001517,Payment Mismatch,Medium,In Progress,2025-05-31,Collections,1
E0002363,L0001517,Payment Mismatch,High,In Progress,2025-09-26,Finance Ops,5
E0002364,L0001517,Payment Mismatch,High,Open,2025-11-26,Collections,4
E0002365,L0001519,Missed Payment,Medium,Open,2025-08-13,Loan Ops,5
E0002366,L0001519,Payment Mismatch,Low,Retest,2025-11-01,Collections,5
E0002367,L0001519,Payment Mismatch,High,In Progress,2025-12-06,Collections,7
E0002368,L0001520,Payment Mismatch,Low,Open,2025-07-02,Collections,7
E0002369,L0001520,Missed Payment,Low,Resolved,2025-09-26,Finance Ops,4
E0002370,L0001522,Payment Mismatch,High,Open,2026-03-01,Collections,4
E0002371,L0001523,Missed Payment,Medium,Open,2026-03-07,Collections,6
E0002372,L0001523,Payment Mismatch,Medium,Resolved,2026-11-30,Collections,2
E0002373,L0001524,Payment Mismatch,Low,Retest,2025-10-31,Collections,5
E0002374,L0001524,Payment Mismatch,High,Retest,2026-06-28,Finance Ops,2
E0002375,L0001524,Missed Payment,Medium,Resolved,2026-08-01,Collections,7
E0002376,L0001526,Payment Mismatch,Low,Resolved,2026-04-18,Collections,4
E0002377,L0001527,Payment Mismatch,Low,Resolved,2026-05-19,Collections,3
E0002378,L0001527,Missed Payment,Low,Open,2026-08-06,Collections,5
E0002379,L0001527,KYC Failure,High,Manual Review,2025-11-06,Compliance,3
E0002380,L0001528,Missed Payment,Low,Retest,2026-08-19,Collections,7
E0002381,L0001529,Payment Mismatch,High,Resolved,2025-11-14,Finance Ops,5
E0002382,L0001530,Missed Payment,Low,Open,2026-07-07,Finance Ops,4
E0002383,L0001530,Payment Mismatch,Low,Retest,2026-09-06,Finance Ops,5
E0002384,L0001531,Payment Mismatch,Low,Retest,2025-09-30,Collections,6
E0002385,L0001531,Missed Payment,Low,Resolved,2026-01-06,Loan Ops,3
E0002386,L0001531,KYC Failure,High,Resolved,2025-04-26,Compliance,3
E0002387,L0001532,Missed Payment,High,Open,2025-10-19,Loan Ops,3
E0002388,L0001532,Payment Mismatch,Medium,Resolved,2026-03-17,Loan Ops,5
E0002389,L0001533,Payment Mismatch,High,In Progress,2026-04-26,Finance Ops,3
E0002390,L0001534,Payment Mismatch,High,Resolved,2026-08-28,Loan Ops,4
E0002391,L0001534,Payment Mismatch,High,Resolved,2027-09-20,Loan Ops,5
E0002392,L0001534,Payment Mismatch,Low,In Progress,2027-11-24,Collections,5
E0002393,L0001534,KYC Failure,High,Manual Review,2026-05-25,Compliance,4
E0002394,L0001535,Missed Payment,Low,Retest,2026-09-15,Finance Ops,3
E0002395,L0001536,Payment Mismatch,High,Resolved,2026-05-28,Collections,6
E0002396,L0001536,Payment Mismatch,Low,In Progress,2026-07-04,Collections,4
E0002397,L0001537,Missed Payment,High,Retest,2025-11-10,Finance Ops,4
E0002398,L0001537,Payment Mismatch,Low,In Progress,2026-01-11,Collections,3
E0002399,L0001538,Payment Mismatch,Medium,Resolved,2025-08-06,Collections,7
E0002400,L0001538,Missed Payment,Medium,Open,2026-01-02,Collections,1
E0002401,L0001540,Payment Mismatch,Low,Resolved,2025-07-18,Finance Ops,5
E0002402,L0001541,Payment Mismatch,High,Retest,2026-02-20,Finance Ops,1
E0002403,L0001541,Payment Mismatch,Medium,Open,2026-04-09,Loan Ops,6
E0002404,L0001543,Missed Payment,High,Open,2026-09-28,Collections,3
E0002405,L0001544,Payment Mismatch,High,Open,2025-10-08,Collections,1
E0002406,L0001544,Payment Mismatch,Medium,Resolved,2025-11-02,Loan Ops,7
E0002407,L0001545,Payment Mismatch,High,Retest,2025-12-10,Finance Ops,5
E0002408,L0001545,Missed Payment,Low,Open,2026-01-12,Finance Ops,6
E0002409,L0001545,Missed Payment,High,Open,2026-07-08,Finance Ops,1
E0002410,L0001546,Payment Mismatch,Medium,Open,2025-04-26,Loan Ops,6
E0002411,L0001547,Missed Payment,Low,In Progress,2026-12-15,Collections,5
E0002412,L0001548,Payment Mismatch,Medium,Open,2026-05-26,Loan Ops,6
E0002413,L0001549,Missed Payment,Low,Resolved,2026-04-27,Finance Ops,5
E0002414,L0001549,Payment Mismatch,High,Open,2026-12-22,Loan Ops,3
E0002415,L0001550,Payment Mismatch,Medium,Resolved,2026-10-31,Finance Ops,3
E0002416,L0001550,Payment Mismatch,Low,In Progress,2026-11-28,Collections,4
E0002417,L0001550,Payment Mismatch,High,Resolved,2026-12-29,Loan Ops,5
E0002418,L0001550,Missed Payment,Low,Retest,2027-01-29,Finance Ops,7
E0002419,L0001551,Missed Payment,Medium,Retest,2026-07-24,Finance Ops,7
E0002420,L0001551,Payment Mismatch,Low,Resolved,2027-07-31,Loan Ops,2
E0002421,L0001552,Missed Payment,Medium,Retest,2025-11-10,Finance Ops,2
E0002422,L0001553,Payment Mismatch,Low,In Progress,2026-01-14,Finance Ops,1
E0002423,L0001553,Payment Mismatch,Medium,In Progress,2026-03-21,Collections,7
E0002424,L0001553,Missed Payment,Medium,Retest,2026-05-20,Loan Ops,3
E0002425,L0001554,Payment Mismatch,Low,Resolved,2026-10-29,Finance Ops,1
E0002426,L0001554,Payment Mismatch,Low,Open,2026-11-16,Collections,5
E0002427,L0001555,Missed Payment,Medium,Open,2026-05-31,Collections,3
E0002428,L0001556,Payment Mismatch,Low,Resolved,2025-08-03,Loan Ops,5
E0002429,L0001556,Payment Mismatch,High,Open,2026-09-28,Finance Ops,2
E0002430,L0001557,Payment Mismatch,High,In Progress,2026-09-17,Collections,3
E0002431,L0001558,Payment Mismatch,High,In Progress,2027-01-17,Collections,5
E0002432,L0001558,KYC Failure,High,Resolved,2026-04-14,Compliance,4
E0002433,L0001560,Missed Payment,Low,Resolved,2026-01-22,Collections,3
E0002434,L0001561,Missed Payment,High,Retest,2026-07-23,Finance Ops,7
E0002435,L0001561,Payment Mismatch,Low,Resolved,2026-09-14,Collections,6
E0002436,L0001561,Missed Payment,High,Open,2026-11-16,Finance Ops,4
E0002437,L0001561,Payment Mismatch,Low,Open,2026-12-14,Loan Ops,1
E0002438,L0001563,Payment Mismatch,High,Retest,2026-05-05,Collections,2
E0002439,L0001563,Payment Mismatch,Medium,Resolved,2026-07-09,Finance Ops,3
E0002440,L0001563,KYC Failure,High,Resolved,2025-10-01,Compliance,4
E0002441,L0001564,Payment Mismatch,Medium,Resolved,2026-04-17,Loan Ops,7
E0002442,L0001565,Payment Mismatch,High,In Progress,2026-07-28,Finance Ops,2
E0002443,L0001565,Payment Mismatch,Medium,In Progress,2026-10-21,Collections,6
E0002444,L0001565,Payment Mismatch,Low,Open,2027-03-25,Loan Ops,6
E0002445,L0001566,KYC Failure,High,Manual Review,2025-05-29,Compliance,2
E0002446,L0001567,Payment Mismatch,High,Retest,2026-04-30,Finance Ops,4
E0002447,L0001567,Missed Payment,High,Open,2027-02-21,Finance Ops,7
E0002448,L0001568,Payment Mismatch,High,In Progress,2026-03-29,Collections,4
E0002449,L0001568,Payment Mismatch,Low,In Progress,2026-12-23,Finance Ops,6
E0002450,L0001569,Missed Payment,Medium,In Progress,2025-04-15,Loan Ops,6
E0002451,L0001570,Missed Payment,High,Retest,2026-01-20,Collections,7
E0002452,L0001570,Payment Mismatch,High,Open,2026-04-16,Loan Ops,5
E0002453,L0001570,Payment Mismatch,Medium,Resolved,2026-12-13,Loan Ops,4
E0002454,L0001570,KYC Failure,High,Open,2025-09-10,Compliance,3
E0002455,L0001571,Payment Mismatch,High,In Progress,2026-04-25,Finance Ops,6
E0002456,L0001571,Payment Mismatch,Low,In Progress,2026-08-25,Loan Ops,5
E0002457,L0001572,KYC Failure,High,Open,2025-02-12,Compliance,1
E0002458,L0001573,Missed Payment,High,In Progress,2026-05-17,Finance Ops,7
E0002459,L0001573,Payment Mismatch,Medium,Open,2026-06-14,Loan Ops,6
E0002460,L0001573,Payment Mismatch,Medium,In Progress,2026-07-15,Finance Ops,4
E0002461,L0001573,Payment Mismatch,High,Retest,2026-09-18,Finance Ops,7
E0002462,L0001573,Missed Payment,Low,Retest,2026-12-13,Finance Ops,6
E0002463,L0001573,Missed Payment,High,Retest,2027-01-09,Finance Ops,2
E0002464,L0001573,Payment Mismatch,Medium,Resolved,2027-02-20,Loan Ops,2
E0002465,L0001573,KYC Failure,High,Open,2025-11-16,Compliance,1
E0002466,L0001574,Payment Mismatch,Medium,Retest,2025-05-29,Finance Ops,2
E0002467,L0001574,Payment Mismatch,High,In Progress,2025-06-18,Collections,7
E0002468,L0001574,Missed Payment,High,In Progress,2025-10-16,Finance Ops,3
E0002469,L0001575,Missed Payment,High,In Progress,2025-12-24,Collections,6
E0002470,L0001575,Missed Payment,Low,Retest,2026-09-20,Loan Ops,5
E0002471,L0001576,KYC Failure,High,Manual Review,2026-04-15,Compliance,2
E0002472,L0001579,Missed Payment,High,Open,2026-09-12,Loan Ops,7
E0002473,L0001580,Missed Payment,Low,Retest,2025-11-20,Finance Ops,7
E0002474,L0001581,KYC Failure,High,Open,2026-02-15,Compliance,4
E0002475,L0001582,Payment Mismatch,High,Open,2025-11-05,Collections,3
E0002476,L0001582,Payment Mismatch,Low,Open,2026-03-04,Loan Ops,6
E0002477,L0001583,Payment Mismatch,High,In Progress,2026-05-04,Finance Ops,2
E0002478,L0001583,KYC Failure,High,Resolved,2025-12-01,Compliance,3
E0002479,L0001584,Payment Mismatch,Medium,Retest,2026-03-24,Collections,3
E0002480,L0001584,Payment Mismatch,High,Open,2026-09-22,Finance Ops,3
E0002481,L0001585,Payment Mismatch,Medium,Resolved,2026-07-01,Loan Ops,4
E0002482,L0001586,Missed Payment,Medium,In Progress,2026-02-05,Loan Ops,1
E0002483,L0001586,Payment Mismatch,Medium,Resolved,2026-05-05,Finance Ops,5
E0002484,L0001586,Missed Payment,Low,In Progress,2026-06-05,Collections,6
E0002485,L0001587,Missed Payment,High,Open,2025-07-05,Finance Ops,3
E0002486,L0001587,Payment Mismatch,Low,Retest,2025-10-14,Loan Ops,6
E0002487,L0001587,Payment Mismatch,Low,In Progress,2025-12-03,Finance Ops,7
E0002488,L0001587,Payment Mismatch,Low,In Progress,2026-05-02,Loan Ops,3
E0002489,L0001588,KYC Failure,High,Open,2025-03-22,Compliance,1
E0002490,L0001589,Missed Payment,Medium,In Progress,2025-09-23,Finance Ops,5
E0002491,L0001589,Payment Mismatch,Low,Open,2025-11-25,Collections,4
E0002492,L0001590,Payment Mismatch,High,Retest,2025-04-08,Finance Ops,7
E0002493,L0001590,KYC Failure,High,Resolved,2025-03-01,Compliance,2
E0002494,L0001592,Missed Payment,High,Open,2026-06-04,Finance Ops,5
E0002495,L0001592,Payment Mismatch,Low,Retest,2026-07-28,Finance Ops,2
E0002496,L0001592,KYC Failure,High,Open,2025-08-26,Compliance,1
E0002497,L0001593,Missed Payment,Low,Retest,2026-07-05,Collections,2
E0002498,L0001593,KYC Failure,High,Manual Review,2025-12-03,Compliance,3
E0002499,L0001594,Missed Payment,Medium,Retest,2025-10-08,Loan Ops,5
E0002500,L0001594,Missed Payment,Medium,Resolved,2025-12-19,Collections,1
E0002501,L0001595,Payment Mismatch,Medium,Retest,2025-06-23,Loan Ops,7
E0002502,L0001595,Payment Mismatch,Low,Open,2026-05-12,Finance Ops,2
E0002503,L0001596,Payment Mismatch,High,Retest,2026-07-01,Collections,7
E0002504,L0001596,Payment Mismatch,Low,In Progress,2026-09-06,Finance Ops,3
E0002505,L0001597,Payment Mismatch,Medium,In Progress,2025-12-04,Finance Ops,7
E0002506,L0001597,Payment Mismatch,High,Open,2026-01-09,Loan Ops,5
E0002507,L0001597,Missed Payment,Medium,Resolved,2026-07-03,Finance Ops,5
E0002508,L0001599,Payment Mismatch,Low,Open,2025-11-30,Loan Ops,3
E0002509,L0001599,Payment Mismatch,Low,Retest,2026-02-01,Collections,1
E0002510,L0001599,Missed Payment,High,Resolved,2026-09-28,Loan Ops,1
E0002511,L0001599,Missed Payment,High,Retest,2026-10-27,Collections,6
E0002512,L0001599,Payment Mismatch,Low,Open,2026-12-31,Collections,6
E0002513,L0001599,Missed Payment,Medium,Open,2027-01-30,Finance Ops,2
E0002514,L0001599,Payment Mismatch,High,In Progress,2027-04-05,Finance Ops,2
E0002515,L0001600,Payment Mismatch,Low,Retest,2025-08-16,Loan Ops,4
E0002516,L0001601,Missed Payment,Low,Retest,2026-08-26,Finance Ops,4
E0002517,L0001602,Payment Mismatch,High,Resolved,2025-08-11,Collections,5
E0002518,L0001603,Payment Mismatch,High,Retest,2025-07-21,Loan Ops,6
E0002519,L0001604,Missed Payment,High,Retest,2025-10-09,Collections,2
E0002520,L0001604,Missed Payment,High,Resolved,2026-02-07,Loan Ops,2
E0002521,L0001606,Missed Payment,Low,Retest,2026-06-09,Finance Ops,6
E0002522,L0001606,Payment Mismatch,High,Resolved,2026-08-09,Loan Ops,7
E0002523,L0001606,Missed Payment,Low,Retest,2026-10-08,Finance Ops,2
E0002524,L0001607,Missed Payment,High,Resolved,2025-09-04,Loan Ops,4
E0002525,L0001609,Payment Mismatch,Medium,Retest,2026-01-03,Finance Ops,3
E0002526,L0001609,Payment Mismatch,Low,Open,2026-03-31,Collections,5
E0002527,L0001611,Missed Payment,High,In Progress,2026-01-06,Loan Ops,3
E0002528,L0001611,Payment Mismatch,High,Open,2026-06-08,Loan Ops,2
E0002529,L0001613,Missed Payment,High,Open,2026-05-10,Loan Ops,6
E0002530,L0001613,Missed Payment,Low,Resolved,2026-06-07,Finance Ops,4
E0002531,L0001613,Missed Payment,Low,Resolved,2026-08-04,Collections,6
E0002532,L0001614,Payment Mismatch,Low,Retest,2026-04-02,Collections,7
E0002533,L0001614,Missed Payment,Medium,Resolved,2026-05-07,Collections,1
E0002534,L0001614,Missed Payment,High,Open,2026-09-04,Loan Ops,5
E0002535,L0001614,Payment Mismatch,High,In Progress,2027-04-02,Collections,1
E0002536,L0001614,Payment Mismatch,Medium,Resolved,2027-05-20,Loan Ops,6
E0002537,L0001615,Missed Payment,Medium,Resolved,2025-06-11,Collections,4
E0002538,L0001615,Payment Mismatch,Low,Resolved,2025-07-09,Collections,4
E0002539,L0001615,Payment Mismatch,Low,Open,2025-08-09,Loan Ops,3
E0002540,L0001615,Payment Mismatch,Low,Resolved,2025-12-17,Finance Ops,5
E0002541,L0001616,Missed Payment,Medium,Retest,2025-11-03,Loan Ops,6
E0002542,L0001616,Missed Payment,Medium,Open,2025-12-04,Collections,3
E0002543,L0001616,Payment Mismatch,High,Open,2026-01-29,Collections,6
E0002544,L0001616,Payment Mismatch,Medium,Retest,2026-03-01,Finance Ops,2
E0002545,L0001617,Missed Payment,Low,Resolved,2025-05-15,Loan Ops,3
E0002546,L0001617,Payment Mismatch,High,In Progress,2025-09-14,Loan Ops,4
E0002547,L0001620,Missed Payment,Medium,Open,2027-04-25,Loan Ops,4
E0002548,L0001620,Payment Mismatch,Medium,In Progress,2027-05-24,Loan Ops,7
E0002549,L0001620,Missed Payment,High,In Progress,2027-07-21,Finance Ops,7
E0002550,L0001620,Payment Mismatch,High,In Progress,2027-08-24,Loan Ops,1
E0002551,L0001622,Missed Payment,Medium,Resolved,2025-11-25,Finance Ops,1
E0002552,L0001622,Payment Mismatch,Low,In Progress,2026-01-28,Finance Ops,2
E0002553,L0001622,Payment Mismatch,High,In Progress,2026-08-21,Collections,4
E0002554,L0001623,Payment Mismatch,Medium,In Progress,2026-01-26,Collections,1
E0002555,L0001623,Missed Payment,Medium,Resolved,2026-03-29,Loan Ops,5
E0002556,L0001623,Payment Mismatch,Low,Open,2026-04-26,Finance Ops,3
E0002557,L0001623,Payment Mismatch,High,In Progress,2027-02-19,Loan Ops,7
E0002558,L0001623,Payment Mismatch,Medium,Open,2027-03-20,Loan Ops,4
E0002559,L0001624,Payment Mismatch,Low,Retest,2026-05-03,Finance Ops,1
E0002560,L0001625,Payment Mismatch,Medium,Resolved,2026-02-13,Collections,5
E0002561,L0001625,Payment Mismatch,Medium,Resolved,2026-05-14,Loan Ops,5
E0002562,L0001625,Payment Mismatch,Medium,Open,2026-07-12,Collections,2
E0002563,L0001625,Payment Mismatch,Low,In Progress,2026-10-10,Collections,2
E0002564,L0001625,Missed Payment,High,Retest,2026-11-07,Collections,2
E0002565,L0001625,Payment Mismatch,Medium,Open,2026-12-09,Collections,1
E0002566,L0001626,Payment Mismatch,Medium,Retest,2025-10-16,Loan Ops,4
E0002567,L0001626,Missed Payment,High,Open,2026-04-17,Finance Ops,4
E0002568,L0001626,Payment Mismatch,Low,Resolved,2026-05-17,Loan Ops,4
E0002569,L0001628,Missed Payment,Medium,In Progress,2026-04-13,Collections,7
E0002570,L0001628,Missed Payment,Medium,Resolved,2026-07-22,Finance Ops,3
E0002571,L0001628,Payment Mismatch,High,Open,2026-08-09,Loan Ops,5
E0002572,L0001628,Missed Payment,Medium,Retest,2026-10-09,Finance Ops,6
E0002573,L0001628,Missed Payment,High,In Progress,2027-01-07,Finance Ops,7
E0002574,L0001631,Missed Payment,Low,In Progress,2026-08-09,Finance Ops,5
E0002575,L0001631,Missed Payment,High,Resolved,2026-12-07,Collections,7
E0002576,L0001631,KYC Failure,High,Open,2026-02-05,Compliance,3
E0002577,L0001632,Missed Payment,High,Open,2025-04-06,Finance Ops,3
E0002578,L0001632,Payment Mismatch,High,In Progress,2025-07-06,Loan Ops,6
E0002579,L0001633,Payment Mismatch,High,Resolved,2027-09-22,Finance Ops,2
E0002580,L0001638,Payment Mismatch,High,Retest,2025-12-19,Finance Ops,1
E0002581,L0001641,Payment Mismatch,Low,Resolved,2026-07-29,Loan Ops,4
E0002582,L0001641,Missed Payment,Low,Retest,2026-11-08,Loan Ops,4
E0002583,L0001641,KYC Failure,High,Manual Review,2025-08-01,Compliance,3
E0002584,L0001642,Payment Mismatch,High,Resolved,2027-07-24,Finance Ops,6
E0002585,L0001642,Missed Payment,High,In Progress,2027-08-16,Loan Ops,4
E0002586,L0001643,Missed Payment,Medium,Retest,2026-04-10,Collections,3
E0002587,L0001643,Missed Payment,Medium,Open,2026-12-04,Finance Ops,2
E0002588,L0001643,Missed Payment,High,Resolved,2027-05-03,Finance Ops,4
E0002589,L0001646,Missed Payment,High,In Progress,2026-08-25,Collections,3
E0002590,L0001647,Payment Mismatch,Low,Resolved,2025-11-22,Loan Ops,6
E0002591,L0001647,Missed Payment,Medium,Open,2026-02-10,Collections,3
E0002592,L0001647,Payment Mismatch,High,Open,2026-05-21,Finance Ops,4
E0002593,L0001647,Missed Payment,Low,Open,2026-12-07,Loan Ops,2
E0002594,L0001648,Payment Mismatch,Low,Open,2026-03-07,Loan Ops,4
E0002595,L0001648,Payment Mismatch,High,In Progress,2026-11-02,Collections,3
E0002596,L0001648,Payment Mismatch,High,In Progress,2027-01-01,Finance Ops,1
E0002597,L0001650,Missed Payment,High,Open,2026-10-18,Finance Ops,4
E0002598,L0001650,KYC Failure,High,Manual Review,2026-06-07,Compliance,1
E0002599,L0001651,Payment Mismatch,Low,Retest,2026-12-13,Finance Ops,4
E0002600,L0001651,Payment Mismatch,Medium,Retest,2027-08-16,Loan Ops,5
E0002601,L0001652,Missed Payment,Medium,Resolved,2026-01-29,Finance Ops,1
E0002602,L0001652,KYC Failure,High,Open,2025-05-02,Compliance,1
E0002603,L0001654,Payment Mismatch,Medium,Retest,2026-05-26,Finance Ops,6
E0002604,L0001654,Payment Mismatch,Low,Retest,2026-06-30,Finance Ops,1
E0002605,L0001655,Payment Mismatch,Low,Open,2025-07-22,Finance Ops,2
E0002606,L0001655,Missed Payment,High,Resolved,2026-04-23,Finance Ops,2
E0002607,L0001655,Payment Mismatch,High,Resolved,2026-06-10,Finance Ops,5
E0002608,L0001656,Payment Mismatch,Low,Retest,2025-10-20,Collections,7
E0002609,L0001657,Payment Mismatch,High,Open,2026-03-25,Finance Ops,2
E0002610,L0001658,Missed Payment,Low,Resolved,2025-10-07,Finance Ops,1
E0002611,L0001658,Payment Mismatch,Medium,In Progress,2025-12-12,Finance Ops,5
E0002612,L0001659,Payment Mismatch,High,In Progress,2025-12-02,Collections,7
E0002613,L0001659,Missed Payment,High,Retest,2026-02-02,Loan Ops,2
E0002614,L0001662,Missed Payment,High,Resolved,2026-09-20,Loan Ops,5
E0002615,L0001662,Payment Mismatch,Medium,In Progress,2027-06-16,Finance Ops,3
E0002616,L0001662,Payment Mismatch,Medium,Resolved,2027-07-15,Loan Ops,7
E0002617,L0001663,Payment Mismatch,High,In Progress,2026-02-22,Collections,3
E0002618,L0001664,Missed Payment,Medium,Retest,2026-02-28,Loan Ops,2
E0002619,L0001664,Payment Mismatch,Medium,Retest,2026-09-25,Loan Ops,6
E0002620,L0001664,Missed Payment,Low,In Progress,2027-02-02,Collections,7
E0002621,L0001665,Missed Payment,Low,Retest,2026-03-11,Loan Ops,2
E0002622,L0001665,Payment Mismatch,Low,Open,2026-04-10,Collections,1
E0002623,L0001666,KYC Failure,High,Manual Review,2026-04-09,Compliance,3
E0002624,L0001669,Missed Payment,Medium,Retest,2025-08-02,Loan Ops,1
E0002625,L0001669,Payment Mismatch,Low,Open,2025-11-28,Loan Ops,4
E0002626,L0001669,Missed Payment,High,Retest,2026-01-27,Finance Ops,5
E0002627,L0001670,Missed Payment,Medium,Open,2025-08-20,Loan Ops,4
E0002628,L0001670,Payment Mismatch,Low,In Progress,2026-08-15,Finance Ops,3
E0002629,L0001670,KYC Failure,High,Manual Review,2025-04-18,Compliance,3
E0002630,L0001672,Missed Payment,Low,Open,2025-09-17,Loan Ops,3
E0002631,L0001672,Missed Payment,Low,Retest,2025-10-27,Collections,1
E0002632,L0001672,KYC Failure,High,Manual Review,2025-08-14,Compliance,2
E0002633,L0001673,Payment Mismatch,Low,Retest,2026-01-30,Finance Ops,4
E0002634,L0001673,Missed Payment,High,Retest,2026-03-28,Loan Ops,6
E0002635,L0001673,Payment Mismatch,Low,Open,2026-05-30,Loan Ops,7
E0002636,L0001673,Payment Mismatch,Medium,In Progress,2026-06-28,Loan Ops,2
E0002637,L0001673,Missed Payment,Medium,Resolved,2026-10-01,Loan Ops,3
E0002638,L0001673,Missed Payment,High,Open,2026-10-31,Loan Ops,6
E0002639,L0001674,Missed Payment,Low,Open,2026-07-10,Finance Ops,2
E0002640,L0001676,Missed Payment,Medium,Resolved,2026-11-29,Finance Ops,5
E0002641,L0001677,Payment Mismatch,High,Retest,2025-10-14,Collections,7
E0002642,L0001677,Payment Mismatch,Medium,Open,2025-12-19,Collections,6
E0002643,L0001678,Payment Mismatch,Low,Resolved,2025-10-08,Loan Ops,2
E0002644,L0001679,Payment Mismatch,High,Retest,2026-08-23,Finance Ops,1
E0002645,L0001679,Missed Payment,Low,Resolved,2026-11-21,Finance Ops,1
E0002646,L0001680,Payment Mismatch,Medium,Resolved,2026-05-28,Finance Ops,3
E0002647,L0001682,Payment Mismatch,High,Resolved,2026-03-19,Finance Ops,1
E0002648,L0001683,Payment Mismatch,Medium,Open,2025-08-14,Collections,1
E0002649,L0001684,Missed Payment,Medium,Resolved,2025-08-14,Collections,4
E0002650,L0001684,Missed Payment,Low,Resolved,2026-05-11,Loan Ops,6
E0002651,L0001684,KYC Failure,High,Manual Review,2025-07-10,Compliance,5
E0002652,L0001685,Payment Mismatch,High,Retest,2026-05-27,Collections,1
E0002653,L0001685,Missed Payment,Low,Resolved,2026-08-05,Collections,3
E0002654,L0001685,Payment Mismatch,High,Resolved,2026-10-23,Finance Ops,5
E0002655,L0001686,Payment Mismatch,High,Retest,2026-12-22,Finance Ops,4
E0002656,L0001688,Payment Mismatch,Low,Retest,2026-03-17,Finance Ops,1
E0002657,L0001688,Missed Payment,Medium,Open,2026-04-06,Collections,6
E0002658,L0001689,Payment Mismatch,High,Resolved,2026-02-05,Finance Ops,3
E0002659,L0001689,Payment Mismatch,High,In Progress,2026-03-07,Collections,4
E0002660,L0001692,KYC Failure,High,Resolved,2025-03-19,Compliance,1
E0002661,L0001693,Payment Mismatch,Low,Retest,2026-01-06,Collections,2
E0002662,L0001693,Missed Payment,High,Resolved,2026-04-09,Collections,4
E0002663,L0001694,Payment Mismatch,Medium,In Progress,2025-09-24,Collections,5
E0002664,L0001694,Payment Mismatch,Low,Open,2026-04-22,Loan Ops,6
E0002665,L0001695,Payment Mismatch,Low,In Progress,2026-04-03,Finance Ops,4
E0002666,L0001695,Payment Mismatch,Low,Retest,2026-04-26,Collections,4
E0002667,L0001696,Payment Mismatch,Low,Retest,2026-01-12,Finance Ops,1
E0002668,L0001696,Missed Payment,Low,Retest,2026-06-11,Loan Ops,6
E0002669,L0001696,Missed Payment,Low,Open,2026-09-12,Finance Ops,1
E0002670,L0001697,Missed Payment,Low,Resolved,2025-09-11,Loan Ops,2
E0002671,L0001698,KYC Failure,High,Open,2025-07-15,Compliance,5
E0002672,L0001699,Missed Payment,High,Resolved,2026-03-21,Collections,7
E0002673,L0001699,Payment Mismatch,Medium,Resolved,2026-04-27,Finance Ops,3
E0002674,L0001699,Missed Payment,High,Resolved,2026-06-22,Finance Ops,5
E0002675,L0001699,Payment Mismatch,Medium,Retest,2026-09-18,Finance Ops,2
E0002676,L0001700,Payment Mismatch,Medium,In Progress,2026-05-15,Collections,1
E0002677,L0001700,Payment Mismatch,Medium,Resolved,2026-07-14,Finance Ops,4
E0002678,L0001701,Payment Mismatch,High,In Progress,2025-09-27,Collections,1
E0002679,L0001701,Payment Mismatch,Low,Retest,2025-11-14,Collections,4
E0002680,L0001703,Missed Payment,Medium,Retest,2025-08-31,Finance Ops,5
E0002681,L0001703,Missed Payment,Medium,Retest,2025-10-07,Collections,1
E0002682,L0001703,Payment Mismatch,High,In Progress,2026-01-01,Collections,3
E0002683,L0001703,Missed Payment,High,Resolved,2026-02-01,Finance Ops,5
E0002684,L0001704,Payment Mismatch,Medium,Resolved,2026-08-21,Collections,6
E0002685,L0001705,Payment Mismatch,High,Retest,2025-09-05,Collections,1
E0002686,L0001706,KYC Failure,High,Manual Review,2026-03-28,Compliance,5
E0002687,L0001707,Payment Mismatch,Low,Retest,2025-06-26,Loan Ops,3
E0002688,L0001707,Missed Payment,Low,Open,2026-05-22,Collections,4
E0002689,L0001708,Payment Mismatch,High,In Progress,2026-05-08,Collections,5
E0002690,L0001709,Payment Mismatch,Low,In Progress,2025-02-12,Collections,5
E0002691,L0001709,Payment Mismatch,High,In Progress,2025-03-14,Finance Ops,1
E0002692,L0001709,Missed Payment,Medium,Open,2025-05-12,Loan Ops,1
E0002693,L0001710,Missed Payment,Low,Resolved,2026-02-02,Finance Ops,7
E0002694,L0001710,Payment Mismatch,High,Resolved,2026-09-03,Loan Ops,6
E0002695,L0001710,Payment Mismatch,High,Open,2026-12-02,Finance Ops,7
E0002696,L0001710,Payment Mismatch,High,Retest,2027-01-31,Collections,7
E0002697,L0001711,Payment Mismatch,High,Retest,2025-10-16,Finance Ops,4
E0002698,L0001711,Payment Mismatch,High,Resolved,2025-11-15,Finance Ops,2
E0002699,L0001711,Missed Payment,Medium,Open,2025-12-09,Finance Ops,4
E0002700,L0001712,Missed Payment,Medium,In Progress,2026-09-11,Collections,2
E0002701,L0001713,Payment Mismatch,Low,Open,2026-09-20,Collections,1
E0002702,L0001713,Payment Mismatch,High,In Progress,2026-10-19,Loan Ops,3
E0002703,L0001715,Missed Payment,Medium,In Progress,2026-04-24,Finance Ops,1
E0002704,L0001716,Missed Payment,Medium,In Progress,2026-06-10,Loan Ops,7
E0002705,L0001717,Payment Mismatch,Low,Open,2026-01-16,Collections,3
E0002706,L0001717,Missed Payment,Low,Retest,2026-06-12,Finance Ops,2
E0002707,L0001718,Missed Payment,Medium,Resolved,2026-05-15,Collections,1
E0002708,L0001719,Missed Payment,Medium,Open,2026-02-16,Collections,6
E0002709,L0001721,Payment Mismatch,High,Retest,2025-03-28,Finance Ops,4
E0002710,L0001722,Payment Mismatch,Low,Retest,2026-06-09,Loan Ops,2
E0002711,L0001723,Payment Mismatch,Low,In Progress,2026-07-11,Loan Ops,1
E0002712,L0001723,Payment Mismatch,Low,Retest,2026-09-06,Finance Ops,6
E0002713,L0001724,Missed Payment,Medium,Open,2025-07-26,Collections,2
E0002714,L0001724,Payment Mismatch,Low,In Progress,2026-07-01,Loan Ops,5
E0002715,L0001728,Missed Payment,Medium,Retest,2026-04-10,Loan Ops,6
E0002716,L0001728,Missed Payment,High,Resolved,2026-09-06,Finance Ops,4
E0002717,L0001728,Missed Payment,High,In Progress,2027-03-05,Loan Ops,4
E0002718,L0001729,Payment Mismatch,High,Open,2025-11-29,Collections,7
E0002719,L0001730,Missed Payment,Medium,In Progress,2026-08-24,Collections,1
E0002720,L0001731,Missed Payment,Low,Resolved,2026-02-05,Finance Ops,4
E0002721,L0001732,Payment Mismatch,Low,Resolved,2025-07-07,Collections,5
E0002722,L0001732,Payment Mismatch,Low,Retest,2025-11-04,Loan Ops,1
E0002723,L0001733,Payment Mismatch,High,Resolved,2026-06-18,Loan Ops,2
E0002724,L0001734,Payment Mismatch,Low,Open,2026-04-29,Collections,6
E0002725,L0001735,Payment Mismatch,Low,Resolved,2026-03-25,Finance Ops,7
E0002726,L0001735,Missed Payment,Medium,Resolved,2026-10-21,Loan Ops,6
E0002727,L0001736,Missed Payment,Medium,Open,2026-07-26,Loan Ops,6
E0002728,L0001736,Payment Mismatch,Low,Resolved,2026-11-24,Finance Ops,3
E0002729,L0001737,Payment Mismatch,Medium,Resolved,2026-01-29,Finance Ops,7
E0002730,L0001737,Payment Mismatch,Medium,In Progress,2026-08-17,Loan Ops,7
E0002731,L0001738,Missed Payment,High,Resolved,2025-03-28,Finance Ops,7
E0002732,L0001738,Missed Payment,Medium,Open,2025-08-19,Finance Ops,4
E0002733,L0001738,Payment Mismatch,Medium,In Progress,2026-03-18,Collections,3
E0002734,L0001739,Payment Mismatch,High,Open,2025-04-24,Finance Ops,4
E0002735,L0001740,Payment Mismatch,Low,Resolved,2026-04-18,Collections,3
E0002736,L0001740,Missed Payment,High,Open,2026-08-10,Collections,1
E0002737,L0001740,Missed Payment,Low,Retest,2027-01-10,Loan Ops,3
E0002738,L0001741,Missed Payment,High,In Progress,2026-03-12,Collections,1
E0002739,L0001743,Payment Mismatch,Low,Retest,2026-11-16,Loan Ops,3
E0002740,L0001745,Payment Mismatch,High,Open,2025-08-31,Finance Ops,3
E0002741,L0001745,Missed Payment,High,In Progress,2025-11-20,Finance Ops,4
E0002742,L0001746,Payment Mismatch,High,Retest,2026-06-01,Loan Ops,1
E0002743,L0001746,Payment Mismatch,Medium,Resolved,2026-07-02,Finance Ops,6
E0002744,L0001747,Payment Mismatch,High,Resolved,2025-11-30,Collections,4
E0002745,L0001747,Payment Mismatch,Medium,In Progress,2026-02-27,Loan Ops,3
E0002746,L0001748,Missed Payment,Low,Open,2025-05-16,Collections,6
E0002747,L0001749,Payment Mismatch,Low,Resolved,2025-08-22,Collections,4
E0002748,L0001749,Payment Mismatch,High,Retest,2026-02-19,Loan Ops,1
E0002749,L0001750,Missed Payment,Low,Retest,2025-03-29,Collections,5
E0002750,L0001751,Payment Mismatch,Low,Open,2026-05-26,Finance Ops,5
E0002751,L0001751,Payment Mismatch,High,Resolved,2027-05-19,Collections,3
E0002752,L0001751,Payment Mismatch,Low,In Progress,2027-08-18,Collections,5
E0002753,L0001752,Missed Payment,Medium,In Progress,2025-08-04,Collections,3
E0002754,L0001752,Missed Payment,Medium,In Progress,2026-01-31,Collections,3
E0002755,L0001754,Missed Payment,Medium,Open,2026-02-05,Collections,5
E0002756,L0001754,Payment Mismatch,Medium,Resolved,2026-04-29,Finance Ops,2
E0002757,L0001754,Missed Payment,High,In Progress,2026-07-28,Loan Ops,4
E0002758,L0001756,Missed Payment,Medium,Open,2026-06-21,Collections,1
E0002759,L0001756,Payment Mismatch,Medium,Resolved,2026-09-26,Loan Ops,1
E0002760,L0001757,KYC Failure,High,Open,2025-03-25,Compliance,3
E0002761,L0001758,Missed Payment,High,Open,2026-01-02,Collections,3
E0002762,L0001758,Payment Mismatch,High,Retest,2026-04-30,Loan Ops,1
E0002763,L0001758,Missed Payment,Low,Resolved,2026-08-29,Collections,6
E0002764,L0001759,Missed Payment,Medium,Open,2026-03-15,Loan Ops,2
E0002765,L0001762,Missed Payment,Medium,Retest,2026-05-20,Collections,5
E0002766,L0001763,Payment Mismatch,Medium,Open,2026-03-11,Collections,1
E0002767,L0001763,Missed Payment,Low,Resolved,2026-04-06,Collections,3
E0002768,L0001763,Payment Mismatch,High,Retest,2026-11-04,Collections,2
E0002769,L0001764,Payment Mismatch,High,Retest,2025-10-24,Collections,1
E0002770,L0001764,Missed Payment,High,Retest,2026-01-21,Finance Ops,6
E0002771,L0001765,Payment Mismatch,Medium,Retest,2026-01-24,Finance Ops,5
E0002772,L0001768,Missed Payment,High,Retest,2026-06-28,Finance Ops,5
E0002773,L0001769,KYC Failure,High,Open,2025-05-06,Compliance,4
E0002774,L0001770,Payment Mismatch,Low,Open,2026-02-26,Finance Ops,2
E0002775,L0001772,Payment Mismatch,High,In Progress,2025-06-06,Finance Ops,1
E0002776,L0001773,Payment Mismatch,High,In Progress,2025-08-30,Finance Ops,3
E0002777,L0001773,Payment Mismatch,High,Resolved,2025-10-07,Collections,1
E0002778,L0001773,Payment Mismatch,Medium,Resolved,2025-12-01,Collections,5
E0002779,L0001773,Payment Mismatch,Medium,Open,2025-12-27,Loan Ops,3
E0002780,L0001774,Payment Mismatch,High,Resolved,2025-04-03,Loan Ops,6
E0002781,L0001774,Missed Payment,Low,In Progress,2026-03-29,Finance Ops,1
E0002782,L0001775,Payment Mismatch,High,Open,2026-07-25,Finance Ops,6
E0002783,L0001775,Missed Payment,High,Retest,2026-08-20,Collections,7
E0002784,L0001775,Payment Mismatch,High,Open,2026-12-30,Loan Ops,5
E0002785,L0001775,Payment Mismatch,High,Resolved,2027-03-30,Loan Ops,5
E0002786,L0001776,Missed Payment,Low,Resolved,2025-12-24,Collections,5
E0002787,L0001776,KYC Failure,High,Resolved,2025-09-19,Compliance,2
E0002788,L0001777,Payment Mismatch,High,Open,2025-09-05,Collections,3
E0002789,L0001778,Payment Mismatch,Medium,Resolved,2025-07-02,Loan Ops,6
E0002790,L0001778,Payment Mismatch,Medium,Resolved,2026-01-16,Loan Ops,3
E0002791,L0001778,KYC Failure,High,Manual Review,2025-05-21,Compliance,2
E0002792,L0001780,Payment Mismatch,High,In Progress,2026-01-08,Collections,5
E0002793,L0001780,Payment Mismatch,Medium,In Progress,2026-05-19,Loan Ops,6
E0002794,L0001781,Missed Payment,Low,In Progress,2025-12-28,Collections,5
E0002795,L0001781,Missed Payment,Low,Retest,2026-02-05,Finance Ops,7
E0002796,L0001783,Missed Payment,Low,Retest,2025-12-29,Loan Ops,1
E0002797,L0001784,Missed Payment,High,Resolved,2026-05-08,Loan Ops,3
E0002798,L0001786,Payment Mismatch,Medium,In Progress,2025-11-06,Collections,3
E0002799,L0001787,Payment Mismatch,High,Retest,2026-09-19,Loan Ops,7
E0002800,L0001787,Missed Payment,Low,Open,2026-10-07,Loan Ops,2
E0002801,L0001787,Payment Mismatch,Medium,Resolved,2027-01-06,Finance Ops,2
E0002802,L0001788,Payment Mismatch,High,In Progress,2025-06-30,Loan Ops,6
E0002803,L0001788,Missed Payment,Medium,In Progress,2025-09-01,Loan Ops,4
E0002804,L0001790,Payment Mismatch,Low,Retest,2025-09-21,Loan Ops,1
E0002805,L0001791,Missed Payment,High,Retest,2026-02-01,Loan Ops,5
E0002806,L0001791,KYC Failure,High,Open,2025-10-24,Compliance,5
E0002807,L0001792,Payment Mismatch,Low,Retest,2025-05-22,Finance Ops,2
E0002808,L0001792,Missed Payment,High,Retest,2025-11-30,Collections,6
E0002809,L0001793,Payment Mismatch,Medium,Open,2026-07-18,Loan Ops,4
