LoanID,CustomerID,Product,Region,LoanAmount,TermMonths,InterestRate,ApplicationDate,ApprovalDate,ApprovalDays,LoanStatus,RiskBand,OutstandingBalance
L0000001,C000001,Debt Consolidation,South East,22000,12,7.9,2026-03-29,2026-04-03,5,Active,Low,20432.89
L0000002,C000004,Debt Consolidation,North West,15500,12,12.9,2026-01-26,2026-01-30,4,Approved,Low,9437.44
L0000003,C000005,Personal Loan,Scotland,26500,36,18.9,2025-09-19,2025-09-23,4,Active,Medium,18291.68
L0000004,C000006,Home Improvement,North West,26000,12,7.9,2026-02-26,2026-03-01,3,Approved,Low,21471.04
L0000005,C000008,Personal Loan,South West,25500,24,9.9,2025-03-02,2025-03-07,5,Active,Medium,22203.88
L0000006,C000010,Car Finance,Wales,5000,24,18.9,2025-02-12,2025-02-20,8,Closed,Low,0
L0000007,C000013,Personal Loan,North West,23000,12,15.9,2026-05-03,2026-05-08,5,Active,Low,5890.87
L0000008,C000016,Debt Consolidation,South West,11000,12,7.9,2025-04-29,2025-05-05,6,Active,Medium,8448.36
L0000009,C000017,Home Improvement,South East,6500,12,18.9,2025-10-18,2025-10-22,4,Closed,Medium,0
L0000010,C000018,Home Improvement,South West,20000,24,15.9,2025-06-17,2025-06-24,7,Closed,Low,0
L0000011,C000019,Personal Loan,North West,11500,60,9.9,2026-05-16,2026-05-20,4,Closed,Medium,0
L0000012,C000020,Personal Loan,South West,4000,60,18.9,2026-05-16,2026-05-20,4,Active,Low,3101.65
L0000013,C000021,Home Improvement,Wales,20500,36,12.9,2025-08-10,2025-08-16,6,Active,Low,7510.38
L0000014,C000022,Debt Consolidation,Wales,20000,60,18.9,2026-01-17,2026-01-24,7,Active,Low,8251.58
L0000015,C000023,Home Improvement,South East,7500,60,12.9,2025-05-07,2025-05-09,2,Active,Low,5485.34
L0000016,C000024,Home Improvement,Midlands,14000,60,12.9,2025-05-27,2025-05-30,3,Active,Low,10321.18
L0000017,C000025,Personal Loan,South East,15500,60,9.9,2025-01-11,2025-01-14,3,Defaulted,Low,7541.39
L0000018,C000026,Personal Loan,Midlands,5500,36,9.9,2026-01-18,2026-01-23,5,Closed,Low,0
L0000019,C000027,Debt Consolidation,North West,14500,36,7.9,2025-07-10,2025-07-16,6,Active,Low,7118.0
L0000020,C000030,Car Finance,Midlands,17000,36,7.9,2025-07-23,2025-07-29,6,Active,Medium,13835.46
L0000021,C000031,Debt Consolidation,Wales,21500,24,9.9,2026-05-30,2026-06-06,7,Approved,Low,5374.63
L0000022,C000032,Home Improvement,Scotland,7500,12,7.9,2025-02-18,2025-02-23,5,Active,Medium,2444.56
L0000023,C000033,Personal Loan,South West,9500,36,9.9,2026-01-16,2026-01-20,4,Active,Medium,1748.59
L0000024,C000034,Car Finance,Midlands,20000,24,18.9,2025-06-13,2025-06-18,5,Closed,Low,0
L0000025,C000035,Debt Consolidation,South West,29500,60,18.9,2025-09-21,2025-09-26,5,Active,High,18667.04
L0000026,C000036,Debt Consolidation,London,7000,24,15.9,2025-11-14,2025-11-21,7,Closed,Medium,0
L0000027,C000037,Home Improvement,North West,28000,24,12.9,2026-03-31,2026-04-04,4,Active,Medium,18782.77
L0000028,C000039,Personal Loan,South West,21500,36,7.9,2025-03-20,2025-03-26,6,Active,High,19206.74
L0000029,C000040,Personal Loan,Wales,28000,12,7.9,2026-05-05,2026-05-06,1,Active,Low,11707.76
L0000030,C000041,Car Finance,North West,2000,24,7.9,2026-01-06,2026-01-09,3,Active,Low,1889.64
L0000031,C000043,Personal Loan,Wales,17000,48,12.9,2025-11-03,2025-11-06,3,Active,High,4749.57
L0000032,C000044,Car Finance,North West,18500,48,9.9,2025-04-05,2025-04-11,6,Closed,Low,0
L0000033,C000045,Home Improvement,Midlands,26000,36,15.9,2026-01-01,2026-01-05,4,Active,Low,24915.7
L0000034,C000046,Home Improvement,Scotland,19500,12,15.9,2025-11-13,2025-11-18,5,Active,High,5671.88
L0000035,C000047,Personal Loan,Scotland,13500,12,15.9,2025-11-18,2025-11-22,4,Closed,Medium,0
L0000036,C000048,Car Finance,Midlands,21000,48,9.9,2025-12-17,2025-12-22,5,Closed,Low,0
L0000037,C000049,Car Finance,South West,4500,24,7.9,2025-06-30,2025-07-05,5,Closed,Low,0
L0000038,C000050,Debt Consolidation,North West,21000,48,9.9,2025-06-20,2025-06-26,6,Active,Medium,20087.51
L0000039,C000052,Car Finance,Wales,16500,48,12.9,2025-06-30,2025-07-06,6,Active,Low,6378.46
L0000040,C000053,Car Finance,South West,23000,36,15.9,2025-02-03,2025-02-10,7,Active,Low,13979.81
L0000041,C000054,Home Improvement,Scotland,24500,24,18.9,2025-04-12,2025-04-18,6,Active,Low,20702.27
L0000042,C000055,Debt Consolidation,Wales,16500,36,9.9,2025-05-14,2025-05-20,6,Active,Low,6541.35
L0000043,C000056,Personal Loan,Scotland,19000,12,18.9,2025-01-31,2025-02-04,4,Closed,Low,0
L0000044,C000058,Home Improvement,London,23500,36,15.9,2025-07-22,2025-07-27,5,Active,Medium,6756.06
L0000045,C000061,Personal Loan,South West,11000,60,9.9,2026-01-30,2026-02-03,4,Active,Low,6890.15
L0000046,C000062,Personal Loan,Midlands,17500,12,12.9,2026-04-11,2026-04-16,5,Delinquent,Low,3050.41
L0000047,C000063,Debt Consolidation,North West,26000,60,15.9,2025-06-01,2025-06-04,3,Active,Low,16370.75
L0000048,C000064,Car Finance,South East,5000,24,9.9,2026-06-01,2026-06-04,3,Delinquent,High,4796.52
L0000049,C000065,Car Finance,Wales,5500,60,7.9,2025-09-29,2025-10-03,4,Active,Low,3143.69
L0000050,C000066,Debt Consolidation,Midlands,5000,12,9.9,2026-03-20,2026-03-26,6,Delinquent,High,1228.03
L0000051,C000067,Home Improvement,Wales,25000,12,7.9,2025-10-22,2025-10-28,6,Approved,High,21440.7
L0000052,C000069,Personal Loan,South East,29500,24,15.9,2026-05-16,2026-05-24,8,Active,Medium,18314.53
L0000053,C000071,Home Improvement,London,10000,36,12.9,2025-06-29,2025-07-03,4,Defaulted,Low,3081.75
L0000054,C000072,Personal Loan,Wales,3000,24,12.9,2026-04-10,2026-04-16,6,Closed,Medium,0
L0000055,C000073,Debt Consolidation,London,27500,60,9.9,2025-11-27,2025-12-01,4,Active,Low,10996.75
L0000056,C000074,Car Finance,Scotland,16500,12,18.9,2026-02-25,2026-03-01,4,Active,Low,3686.03
L0000057,C000075,Debt Consolidation,South East,24000,24,18.9,2025-02-24,2025-03-03,7,Active,Low,21429.44
L0000058,C000077,Personal Loan,South East,29000,60,7.9,2026-03-26,2026-04-02,7,Active,Low,8798.33
L0000059,C000079,Car Finance,London,7000,36,18.9,2025-01-10,2025-01-16,6,Active,Low,4030.79
L0000060,C000080,Debt Consolidation,London,12000,24,9.9,2026-05-03,2026-05-06,3,Active,Medium,9052.51
L0000061,C000081,Personal Loan,South West,8500,12,9.9,2025-04-09,2025-04-15,6,Active,Low,3678.72
L0000062,C000083,Debt Consolidation,Wales,14000,36,7.9,2025-09-15,2025-09-19,4,Closed,Low,0
L0000063,C000086,Personal Loan,South West,2500,24,18.9,2025-02-26,2025-03-02,4,Closed,High,0
L0000064,C000089,Debt Consolidation,Wales,17000,12,7.9,2026-02-12,2026-02-16,4,Active,Low,9533.45
L0000065,C000090,Car Finance,Wales,11500,12,7.9,2026-01-29,2026-02-03,5,Active,Low,5396.61
L0000066,C000091,Debt Consolidation,Wales,7000,48,15.9,2025-09-24,2025-10-01,7,Closed,Low,0
L0000067,C000092,Debt Consolidation,Wales,2500,48,7.9,2026-04-19,2026-04-20,1,Active,Low,1222.87
L0000068,C000093,Home Improvement,South East,18000,12,9.9,2025-04-26,2025-05-02,6,Active,Medium,15087.32
L0000069,C000094,Personal Loan,North West,8500,48,18.9,2025-12-19,2025-12-26,7,Active,Medium,8013.79
L0000070,C000096,Home Improvement,North West,23500,60,9.9,2026-02-22,2026-02-27,5,Approved,Low,10187.36
L0000071,C000098,Home Improvement,South West,4000,24,18.9,2025-06-20,2025-06-27,7,Delinquent,Low,1023.14
L0000072,C000099,Home Improvement,London,12000,48,9.9,2026-01-24,2026-01-26,2,Active,Medium,11209.89
L0000073,C000100,Home Improvement,North West,15500,60,12.9,2025-08-04,2025-08-07,3,Active,Medium,4455.35
L0000074,C000101,Home Improvement,Wales,22000,60,7.9,2026-04-10,2026-04-14,4,Closed,High,0
L0000075,C000105,Personal Loan,Midlands,27000,48,18.9,2026-05-17,2026-05-21,4,Active,Medium,25629.01
L0000076,C000106,Car Finance,South East,10000,36,15.9,2025-11-27,2025-12-03,6,Active,Medium,5029.15
L0000077,C000107,Personal Loan,South East,13500,36,15.9,2025-06-15,2025-06-20,5,Delinquent,Low,11498.63
L0000078,C000110,Personal Loan,South West,25500,60,18.9,2025-01-16,2025-01-23,7,Delinquent,Low,19399.76
L0000079,C000115,Personal Loan,London,9000,60,7.9,2026-04-09,2026-04-13,4,Active,Low,6151.85
L0000080,C000116,Personal Loan,Scotland,12000,48,15.9,2025-08-30,2025-09-05,6,Active,High,10975.45
L0000081,C000119,Debt Consolidation,North West,17000,48,9.9,2025-09-15,2025-09-23,8,Closed,Medium,0
L0000082,C000120,Car Finance,Midlands,8000,36,12.9,2025-01-15,2025-01-18,3,Closed,Medium,0
L0000083,C000122,Personal Loan,North West,6000,60,15.9,2025-02-23,2025-02-26,3,Active,Medium,2099.05
L0000084,C000123,Debt Consolidation,South West,29000,48,12.9,2026-01-10,2026-01-16,6,Closed,Low,0
L0000085,C000124,Car Finance,North West,20000,12,15.9,2025-02-28,2025-03-07,7,Active,Low,15448.94
L0000086,C000126,Home Improvement,Scotland,12500,36,9.9,2025-01-18,2025-01-23,5,Delinquent,Low,7232.03
L0000087,C000129,Debt Consolidation,South East,16500,12,9.9,2026-01-19,2026-01-23,4,Delinquent,Low,12710.76
L0000088,C000131,Car Finance,North West,19000,60,9.9,2025-06-09,2025-06-16,7,Defaulted,Low,8320.95
L0000089,C000132,Car Finance,Midlands,26000,12,15.9,2025-07-10,2025-07-16,6,Active,Medium,19674.01
L0000090,C000133,Debt Consolidation,Scotland,11500,24,12.9,2025-04-03,2025-04-06,3,Active,Low,6121.31
L0000091,C000134,Debt Consolidation,Wales,23000,48,15.9,2026-04-29,2026-05-03,4,Active,High,9527.43
L0000092,C000135,Personal Loan,North West,7500,24,15.9,2026-03-08,2026-03-10,2,Closed,Low,0
L0000093,C000136,Home Improvement,Wales,19000,48,7.9,2026-03-11,2026-03-17,6,Delinquent,Low,5966.36
L0000094,C000137,Debt Consolidation,Scotland,23500,36,7.9,2025-12-12,2025-12-18,6,Active,Low,9244.64
L0000095,C000139,Personal Loan,North West,15500,48,7.9,2025-11-06,2025-11-12,6,Closed,Medium,0
L0000096,C000140,Car Finance,Midlands,9000,12,18.9,2025-11-29,2025-12-06,7,Active,Medium,5741.72
L0000097,C000141,Car Finance,Midlands,2500,24,18.9,2026-04-24,2026-04-27,3,Active,Medium,2441.34
L0000098,C000143,Debt Consolidation,South West,11000,48,9.9,2026-04-21,2026-04-25,4,Delinquent,Low,5302.5
L0000099,C000144,Car Finance,South East,7000,60,15.9,2025-09-13,2025-09-16,3,Active,Low,4257.45
L0000100,C000145,Home Improvement,London,15500,12,7.9,2026-03-27,2026-03-28,1,Active,Low,12075.9
L0000101,C000146,Home Improvement,Scotland,26000,24,9.9,2025-02-06,2025-02-11,5,Delinquent,Low,19303.87
L0000102,C000147,Car Finance,Midlands,22500,24,18.9,2026-05-12,2026-05-17,5,Active,Medium,20128.97
L0000103,C000149,Debt Consolidation,Midlands,19500,60,18.9,2025-10-05,2025-10-13,8,Active,Low,6885.34
L0000104,C000151,Car Finance,South West,26500,24,18.9,2026-03-30,2026-04-01,2,Closed,Low,0
L0000105,C000153,Home Improvement,Midlands,18000,48,15.9,2025-11-23,2025-11-28,5,Active,Medium,4112.85
L0000106,C000155,Personal Loan,Wales,13000,24,15.9,2026-02-23,2026-02-28,5,Closed,Low,0
L0000107,C000156,Debt Consolidation,South East,6000,12,12.9,2026-04-29,2026-05-06,7,Closed,Medium,0
L0000108,C000158,Debt Consolidation,South East,29000,36,15.9,2025-11-18,2025-11-23,5,Closed,Low,0
L0000109,C000159,Personal Loan,Midlands,18000,36,18.9,2025-02-02,2025-02-05,3,Approved,Low,11145.68
L0000110,C000160,Personal Loan,South West,8500,36,9.9,2025-06-01,2025-06-06,5,Active,Low,6774.11
L0000111,C000161,Personal Loan,South West,27500,60,12.9,2025-04-03,2025-04-06,3,Delinquent,Low,4290.61
L0000112,C000162,Debt Consolidation,London,24000,48,7.9,2025-05-24,2025-05-29,5,Active,Low,20857.59
L0000113,C000163,Debt Consolidation,Wales,26000,60,18.9,2026-01-22,2026-01-27,5,Active,Low,5888.03
L0000114,C000164,Car Finance,South East,10000,24,12.9,2025-08-20,2025-08-26,6,Active,Medium,7047.36
L0000115,C000165,Car Finance,South East,29000,36,9.9,2026-05-11,2026-05-14,3,Active,Medium,28244.26
L0000116,C000166,Home Improvement,South East,20000,60,18.9,2025-06-05,2025-06-08,3,Active,Medium,11954.99
L0000117,C000169,Debt Consolidation,North West,25000,36,7.9,2025-05-20,2025-05-27,7,Approved,Medium,22903.33
L0000118,C000171,Debt Consolidation,South East,5500,60,9.9,2026-02-16,2026-02-22,6,Active,Medium,3893.77
L0000119,C000172,Home Improvement,Wales,24500,48,12.9,2025-06-22,2025-06-27,5,Defaulted,Medium,8581.68
L0000120,C000174,Debt Consolidation,Scotland,24500,48,9.9,2025-04-14,2025-04-20,6,Approved,Low,15694.7
L0000121,C000175,Car Finance,South West,8500,60,9.9,2025-01-27,2025-02-05,9,Active,Low,6932.37
L0000122,C000177,Car Finance,Wales,5000,12,15.9,2025-11-10,2025-11-15,5,Active,High,3403.82
L0000123,C000178,Home Improvement,South East,14500,24,15.9,2025-12-29,2026-01-06,8,Closed,Medium,0
L0000124,C000180,Car Finance,Midlands,29000,60,18.9,2025-07-10,2025-07-17,7,Active,Medium,22325.3
L0000125,C000181,Debt Consolidation,Wales,20000,12,15.9,2025-10-03,2025-10-07,4,Active,Low,3367.11
L0000126,C000183,Debt Consolidation,Midlands,18500,48,9.9,2025-03-07,2025-03-11,4,Closed,Medium,0
L0000127,C000185,Personal Loan,South West,23500,36,7.9,2025-03-02,2025-03-09,7,Active,Low,9900.4
L0000128,C000186,Personal Loan,South West,2500,60,7.9,2026-04-01,2026-04-09,8,Delinquent,High,2049.95
L0000129,C000188,Home Improvement,North West,26000,60,9.9,2026-02-08,2026-02-13,5,Closed,Medium,0
L0000130,C000190,Personal Loan,London,11500,48,9.9,2025-02-18,2025-02-24,6,Active,Low,9587.66
L0000131,C000192,Debt Consolidation,Midlands,14000,24,12.9,2025-07-01,2025-07-07,6,Active,Medium,9324.89
L0000132,C000193,Debt Consolidation,Scotland,9500,48,18.9,2025-03-11,2025-03-15,4,Active,Low,4910.36
L0000133,C000194,Debt Consolidation,Midlands,21500,24,12.9,2025-01-18,2025-01-22,4,Active,Low,3330.31
L0000134,C000195,Home Improvement,London,25500,24,15.9,2026-04-06,2026-04-12,6,Approved,Low,24569.47
L0000135,C000196,Home Improvement,Wales,8500,24,18.9,2025-09-09,2025-09-15,6,Approved,Low,7627.0
L0000136,C000197,Debt Consolidation,South West,10500,60,9.9,2025-06-26,2025-07-04,8,Approved,Low,2888.2
L0000137,C000199,Debt Consolidation,South East,11000,36,7.9,2025-06-29,2025-07-04,5,Delinquent,Low,5440.65
L0000138,C000200,Debt Consolidation,South East,23500,48,9.9,2025-11-04,2025-11-08,4,Active,Low,22280.52
L0000139,C000201,Car Finance,North West,15000,36,9.9,2026-03-11,2026-03-18,7,Active,Low,5756.43
L0000140,C000202,Debt Consolidation,Scotland,14000,36,18.9,2025-03-23,2025-03-27,4,Active,Medium,10329.72
L0000141,C000203,Car Finance,North West,26000,24,9.9,2025-11-26,2025-11-28,2,Active,Low,14833.6
L0000142,C000204,Debt Consolidation,South West,12000,60,9.9,2026-05-16,2026-05-23,7,Active,Low,2225.29
L0000143,C000206,Car Finance,Midlands,4000,36,15.9,2025-04-19,2025-04-23,4,Active,Low,3268.03
L0000144,C000207,Debt Consolidation,Scotland,4000,12,15.9,2026-04-30,2026-05-04,4,Active,Low,1295.39
L0000145,C000210,Car Finance,South East,14000,24,12.9,2026-04-06,2026-04-11,5,Closed,Medium,0
L0000146,C000212,Car Finance,London,8500,24,12.9,2025-09-25,2025-09-28,3,Active,Low,1830.3
L0000147,C000213,Personal Loan,Scotland,12000,60,7.9,2025-07-02,2025-07-06,4,Closed,High,0
L0000148,C000214,Personal Loan,South East,18500,48,15.9,2025-03-05,2025-03-09,4,Closed,Low,0
L0000149,C000215,Personal Loan,South East,20500,36,18.9,2025-03-24,2025-03-30,6,Active,Low,18647.14
L0000150,C000216,Home Improvement,North West,14000,12,9.9,2025-02-12,2025-02-16,4,Active,Low,11778.64
L0000151,C000218,Personal Loan,London,2000,12,18.9,2025-04-20,2025-04-25,5,Active,Medium,803.72
L0000152,C000219,Personal Loan,North West,10000,48,9.9,2025-05-26,2025-05-31,5,Active,High,8806.41
L0000153,C000220,Home Improvement,South East,15000,24,7.9,2026-04-22,2026-04-26,4,Active,Low,11088.28
L0000154,C000222,Home Improvement,North West,20500,48,12.9,2025-06-28,2025-07-03,5,Active,Low,16130.84
L0000155,C000223,Home Improvement,Scotland,25500,24,12.9,2025-06-18,2025-06-21,3,Closed,Low,0
L0000156,C000224,Home Improvement,North West,15500,36,15.9,2025-05-02,2025-05-07,5,Active,Medium,6739.88
L0000157,C000225,Debt Consolidation,North West,11500,60,15.9,2025-11-27,2025-12-02,5,Active,Low,7389.28
L0000158,C000227,Debt Consolidation,Scotland,26500,48,7.9,2025-06-30,2025-07-07,7,Active,Low,11454.85
L0000159,C000228,Debt Consolidation,Wales,4500,36,12.9,2025-03-08,2025-03-11,3,Active,High,1126.98
L0000160,C000229,Personal Loan,Midlands,2000,36,7.9,2026-02-05,2026-02-10,5,Active,Medium,487.17
L0000161,C000230,Car Finance,South East,14500,48,18.9,2026-01-18,2026-01-23,5,Delinquent,Medium,9575.27
L0000162,C000231,Home Improvement,London,17000,36,7.9,2025-05-21,2025-05-25,4,Closed,Medium,0
L0000163,C000232,Home Improvement,South West,13500,24,15.9,2026-05-24,2026-05-28,4,Active,Low,3664.74
L0000164,C000233,Home Improvement,Midlands,9000,24,18.9,2025-09-04,2025-09-09,5,Approved,Medium,8281.05
L0000165,C000234,Car Finance,Wales,16000,24,9.9,2026-01-31,2026-02-05,5,Closed,Low,0
L0000166,C000235,Personal Loan,South West,2500,60,9.9,2026-04-26,2026-05-01,5,Approved,Low,1313.41
L0000167,C000237,Home Improvement,Scotland,4500,24,7.9,2025-08-23,2025-08-26,3,Active,Medium,2367.33
L0000168,C000238,Home Improvement,South East,19000,12,15.9,2025-07-03,2025-07-07,4,Active,Low,14255.0
L0000169,C000239,Car Finance,Scotland,24500,12,9.9,2025-06-29,2025-07-05,6,Active,Low,6438.61
L0000170,C000240,Debt Consolidation,South West,26000,12,9.9,2025-07-23,2025-07-30,7,Active,Medium,13609.71
L0000171,C000242,Car Finance,North West,3500,12,18.9,2025-10-04,2025-10-09,5,Active,Low,1495.39
L0000172,C000243,Home Improvement,North West,6500,24,7.9,2025-05-28,2025-06-04,7,Approved,Medium,3102.78
L0000173,C000244,Car Finance,South East,9000,48,9.9,2025-03-09,2025-03-16,7,Active,Medium,7413.32
L0000174,C000245,Home Improvement,Scotland,17500,48,7.9,2025-11-04,2025-11-08,4,Delinquent,Low,14269.31
L0000175,C000246,Home Improvement,South West,27000,24,7.9,2025-04-05,2025-04-11,6,Active,Low,19260.56
L0000176,C000247,Home Improvement,Wales,27500,48,12.9,2026-04-30,2026-05-05,5,Delinquent,Medium,10827.64
L0000177,C000248,Home Improvement,Midlands,13500,24,15.9,2025-02-04,2025-02-09,5,Active,High,6390.01
L0000178,C000249,Home Improvement,North West,15500,12,15.9,2025-07-21,2025-07-26,5,Delinquent,Low,9256.56
L0000179,C000250,Personal Loan,Wales,28000,24,18.9,2025-02-09,2025-02-14,5,Active,Medium,9354.65
L0000180,C000251,Home Improvement,South West,25500,36,9.9,2025-05-13,2025-05-19,6,Approved,Low,12620.66
L0000181,C000252,Debt Consolidation,South West,17000,60,12.9,2025-05-06,2025-05-11,5,Active,Low,8023.0
L0000182,C000253,Home Improvement,Scotland,3000,12,15.9,2025-07-23,2025-07-26,3,Active,Medium,492.63
L0000183,C000255,Home Improvement,Wales,3500,36,9.9,2025-04-20,2025-04-24,4,Defaulted,Low,1512.53
L0000184,C000256,Car Finance,Wales,26000,12,12.9,2026-02-18,2026-02-20,2,Delinquent,Low,5906.24
L0000185,C000257,Debt Consolidation,North West,22000,12,15.9,2025-04-17,2025-04-22,5,Active,High,21370.95
L0000186,C000258,Debt Consolidation,London,14500,60,9.9,2025-04-28,2025-05-05,7,Closed,Low,0
L0000187,C000259,Home Improvement,Wales,29500,36,12.9,2025-05-07,2025-05-13,6,Active,Medium,15281.94
L0000188,C000260,Personal Loan,Wales,26500,12,15.9,2026-03-13,2026-03-18,5,Closed,Low,0
L0000189,C000261,Personal Loan,South East,10500,60,12.9,2025-04-12,2025-04-17,5,Active,Low,3677.28
L0000190,C000262,Debt Consolidation,Wales,5000,48,15.9,2026-01-01,2026-01-06,5,Approved,High,2097.57
L0000191,C000263,Car Finance,London,19000,24,7.9,2025-10-11,2025-10-18,7,Defaulted,High,16845.37
L0000192,C000264,Debt Consolidation,Scotland,21500,24,7.9,2025-08-20,2025-08-24,4,Active,High,9767.73
L0000193,C000265,Debt Consolidation,South East,15500,24,18.9,2026-04-05,2026-04-11,6,Active,Low,14240.73
L0000194,C000266,Personal Loan,South West,19000,24,9.9,2025-07-04,2025-07-07,3,Active,Low,10867.72
L0000195,C000268,Personal Loan,Scotland,29000,36,7.9,2025-10-10,2025-10-15,5,Active,Low,25119.66
L0000196,C000269,Home Improvement,North West,2500,12,18.9,2026-04-24,2026-04-29,5,Active,High,2213.02
L0000197,C000270,Home Improvement,South West,15000,24,9.9,2025-02-24,2025-02-26,2,Active,Low,12042.21
L0000198,C000271,Personal Loan,London,14500,36,9.9,2025-03-07,2025-03-14,7,Active,Medium,3877.96
L0000199,C000273,Home Improvement,South West,5000,36,12.9,2025-08-08,2025-08-16,8,Closed,Low,0
L0000200,C000274,Debt Consolidation,South East,2500,24,7.9,2026-06-02,2026-06-09,7,Active,Low,2098.11
L0000201,C000276,Car Finance,North West,9500,60,7.9,2025-07-23,2025-07-27,4,Active,Low,6503.16
L0000202,C000277,Personal Loan,Midlands,6000,12,7.9,2025-12-21,2025-12-25,4,Active,Medium,4926.4
L0000203,C000278,Car Finance,South West,25500,12,12.9,2026-02-22,2026-02-25,3,Active,Low,23626.81
L0000204,C000280,Personal Loan,North West,11000,12,7.9,2025-09-28,2025-10-01,3,Active,High,8897.5
L0000205,C000281,Debt Consolidation,North West,18000,36,18.9,2025-02-18,2025-02-22,4,Active,Low,16668.33
L0000206,C000283,Personal Loan,South East,26500,48,15.9,2025-05-25,2025-05-30,5,Active,Low,12944.98
L0000207,C000292,Debt Consolidation,Scotland,24000,60,18.9,2025-05-26,2025-05-31,5,Closed,Medium,0
L0000208,C000293,Personal Loan,London,29000,60,12.9,2025-11-15,2025-11-20,5,Approved,Low,24921.11
L0000209,C000296,Personal Loan,North West,14000,60,7.9,2025-03-09,2025-03-13,4,Active,Medium,12068.06
L0000210,C000297,Car Finance,South West,13000,24,9.9,2025-11-18,2025-11-22,4,Active,High,3123.02
L0000211,C000298,Home Improvement,Scotland,11500,36,18.9,2025-10-31,2025-11-09,9,Closed,High,0
L0000212,C000300,Debt Consolidation,Wales,6500,48,15.9,2025-04-21,2025-04-27,6,Approved,Medium,5912.35
L0000213,C000301,Personal Loan,South West,29500,48,9.9,2026-02-17,2026-02-23,6,Closed,High,0
L0000214,C000303,Personal Loan,Scotland,5000,36,15.9,2026-04-04,2026-04-08,4,Active,Low,2919.78
L0000215,C000304,Debt Consolidation,South West,7000,24,7.9,2025-01-17,2025-01-24,7,Delinquent,Medium,4898.04
L0000216,C000305,Car Finance,London,4500,36,9.9,2026-03-28,2026-03-31,3,Active,Medium,2346.71
L0000217,C000306,Car Finance,Scotland,24000,36,7.9,2025-02-23,2025-02-26,3,Closed,High,0
L0000218,C000308,Home Improvement,South East,12500,48,9.9,2025-04-16,2025-04-18,2,Active,Medium,3810.99
L0000219,C000309,Home Improvement,Midlands,8000,60,12.9,2025-02-18,2025-02-22,4,Active,High,2595.63
L0000220,C000310,Personal Loan,South East,21500,36,9.9,2025-01-17,2025-01-21,4,Closed,Low,0
L0000221,C000311,Car Finance,Scotland,14500,24,9.9,2025-12-23,2025-12-30,7,Delinquent,Low,7182.56
L0000222,C000315,Debt Consolidation,South East,12000,36,15.9,2025-01-06,2025-01-10,4,Active,Low,8108.84
L0000223,C000316,Personal Loan,South West,15500,48,15.9,2025-08-16,2025-08-21,5,Active,Low,3994.06
L0000224,C000317,Personal Loan,South West,26500,48,15.9,2025-06-19,2025-06-23,4,Active,High,18605.13
L0000225,C000318,Debt Consolidation,London,5500,48,9.9,2026-03-27,2026-04-03,7,Active,Low,5051.25
L0000226,C000319,Debt Consolidation,Scotland,12000,36,9.9,2025-06-20,2025-06-26,6,Closed,Low,0
L0000227,C000320,Car Finance,South East,21500,12,9.9,2026-05-26,2026-06-02,7,Closed,Low,0
L0000228,C000323,Home Improvement,Wales,6500,12,7.9,2025-05-14,2025-05-18,4,Active,Low,3117.53
L0000229,C000326,Personal Loan,Wales,7500,24,18.9,2026-01-01,2026-01-05,4,Closed,Low,0
L0000230,C000327,Debt Consolidation,South East,3500,24,9.9,2026-02-12,2026-02-17,5,Active,Medium,868.02
L0000231,C000328,Personal Loan,North West,23000,24,15.9,2025-01-14,2025-01-18,4,Active,Low,6306.47
L0000232,C000329,Personal Loan,Midlands,13000,48,7.9,2026-01-11,2026-01-14,3,Closed,Medium,0
L0000233,C000330,Home Improvement,Midlands,15500,48,18.9,2025-03-29,2025-04-04,6,Active,Low,9156.92
L0000234,C000331,Debt Consolidation,London,13500,36,15.9,2025-12-23,2025-12-28,5,Closed,Low,0
L0000235,C000332,Personal Loan,London,5000,24,18.9,2026-04-04,2026-04-11,7,Defaulted,Low,2673.34
L0000236,C000333,Home Improvement,Midlands,2500,12,18.9,2025-07-21,2025-07-26,5,Active,High,1478.26
L0000237,C000334,Personal Loan,London,3500,36,15.9,2025-02-02,2025-02-06,4,Delinquent,Low,2718.55
L0000238,C000338,Car Finance,North West,22000,24,7.9,2026-05-20,2026-05-25,5,Active,Low,15810.94
L0000239,C000340,Personal Loan,Midlands,16500,12,18.9,2025-08-08,2025-08-10,2,Closed,Medium,0
L0000240,C000341,Car Finance,South West,18500,60,9.9,2025-12-31,2026-01-06,6,Active,High,17708.03
L0000241,C000342,Home Improvement,London,23000,12,12.9,2026-05-04,2026-05-10,6,Closed,Low,0
L0000242,C000343,Personal Loan,South West,18000,36,9.9,2026-04-09,2026-04-14,5,Active,Low,4985.06
L0000243,C000344,Home Improvement,Midlands,14500,36,7.9,2025-04-07,2025-04-13,6,Delinquent,High,8139.45
L0000244,C000345,Car Finance,London,19000,60,7.9,2025-02-12,2025-02-16,4,Closed,Low,0
L0000245,C000346,Home Improvement,Wales,11500,60,15.9,2026-03-27,2026-03-30,3,Closed,Low,0
L0000246,C000347,Personal Loan,North West,9500,48,7.9,2026-01-05,2026-01-09,4,Active,Medium,5166.28
L0000247,C000348,Personal Loan,South West,12000,48,12.9,2025-11-15,2025-11-18,3,Active,Medium,7489.25
L0000248,C000350,Home Improvement,London,3500,12,15.9,2025-10-24,2025-10-29,5,Approved,Medium,1189.96
L0000249,C000352,Debt Consolidation,Wales,5000,48,18.9,2025-01-16,2025-01-19,3,Closed,Medium,0
L0000250,C000353,Debt Consolidation,North West,28000,24,12.9,2025-12-25,2025-12-30,5,Defaulted,Low,11398.89
L0000251,C000356,Debt Consolidation,Scotland,26000,24,9.9,2026-02-12,2026-02-16,4,Approved,Low,14458.77
L0000252,C000357,Debt Consolidation,London,14000,60,9.9,2025-02-03,2025-02-06,3,Active,High,5199.81
L0000253,C000358,Home Improvement,Scotland,11000,60,7.9,2026-06-02,2026-06-08,6,Active,Medium,3972.61
L0000254,C000359,Home Improvement,London,19000,48,18.9,2025-05-31,2025-06-04,4,Active,Low,16635.08
L0000255,C000360,Personal Loan,Midlands,8500,60,9.9,2025-05-16,2025-05-20,4,Active,Medium,2339.94
L0000256,C000361,Car Finance,South West,18000,60,18.9,2025-01-31,2025-02-04,4,Delinquent,Low,13380.1
L0000257,C000363,Personal Loan,South East,8000,36,12.9,2025-05-22,2025-05-23,1,Active,High,1431.53
L0000258,C000364,Personal Loan,Midlands,7000,48,18.9,2026-02-19,2026-02-26,7,Active,Medium,4117.42
L0000259,C000365,Home Improvement,Midlands,14000,12,12.9,2025-07-11,2025-07-18,7,Active,Low,12959.17
L0000260,C000369,Home Improvement,London,10500,24,7.9,2026-01-11,2026-01-16,5,Closed,Low,0
L0000261,C000371,Home Improvement,South West,7500,60,9.9,2026-04-27,2026-05-04,7,Delinquent,Medium,1156.48
L0000262,C000372,Personal Loan,South East,16500,12,15.9,2025-02-03,2025-02-07,4,Approved,Low,2538.04
L0000263,C000373,Car Finance,South East,26500,12,7.9,2025-08-07,2025-08-12,5,Active,Low,8853.03
L0000264,C000374,Personal Loan,Wales,3500,48,15.9,2025-12-09,2025-12-14,5,Delinquent,Medium,1668.04
L0000265,C000376,Debt Consolidation,Wales,27500,36,15.9,2025-12-03,2025-12-08,5,Closed,Low,0
L0000266,C000378,Car Finance,London,11000,12,15.9,2026-03-25,2026-03-29,4,Active,Low,8079.2
L0000267,C000380,Home Improvement,South East,19000,36,12.9,2025-06-28,2025-07-03,5,Active,Low,5160.43
L0000268,C000381,Car Finance,London,29500,24,7.9,2026-01-19,2026-01-23,4,Active,Medium,15650.79
L0000269,C000382,Debt Consolidation,South East,7500,36,7.9,2026-02-05,2026-02-09,4,Approved,High,5242.78
L0000270,C000383,Personal Loan,North West,9500,12,9.9,2025-09-17,2025-09-22,5,Delinquent,Medium,2121.93
L0000271,C000385,Personal Loan,Wales,13000,60,9.9,2026-01-14,2026-01-20,6,Active,Low,9448.0
L0000272,C000386,Car Finance,South West,24500,12,12.9,2025-02-15,2025-02-21,6,Delinquent,Low,14553.78
L0000273,C000387,Home Improvement,Wales,6000,24,7.9,2025-08-23,2025-08-28,5,Active,Low,4161.07
L0000274,C000388,Debt Consolidation,Midlands,24000,12,9.9,2025-05-11,2025-05-17,6,Active,Low,4425.26
L0000275,C000389,Debt Consolidation,Midlands,17000,36,15.9,2025-03-17,2025-03-22,5,Delinquent,Medium,4233.77
L0000276,C000390,Car Finance,South West,26500,36,12.9,2025-10-21,2025-10-26,5,Approved,Medium,25207.04
L0000277,C000391,Home Improvement,Midlands,10000,24,9.9,2026-01-25,2026-01-27,2,Delinquent,Low,9362.05
L0000278,C000392,Car Finance,London,2500,36,12.9,2026-02-20,2026-02-24,4,Active,Medium,1990.1
L0000279,C000393,Home Improvement,Midlands,14000,12,15.9,2026-05-30,2026-06-04,5,Active,Low,5418.1
L0000280,C000394,Home Improvement,Wales,14000,12,12.9,2025-07-05,2025-07-11,6,Active,Low,9660.73
L0000281,C000395,Personal Loan,North West,3500,12,15.9,2026-05-26,2026-06-01,6,Closed,Low,0
L0000282,C000396,Debt Consolidation,North West,7500,36,15.9,2025-11-13,2025-11-22,9,Approved,Low,1871.47
L0000283,C000397,Debt Consolidation,Scotland,2000,36,12.9,2025-06-28,2025-07-04,6,Closed,Low,0
L0000284,C000399,Car Finance,London,24500,36,18.9,2026-03-22,2026-03-25,3,Closed,High,0
L0000285,C000400,Debt Consolidation,North West,7500,60,12.9,2026-01-22,2026-01-27,5,Delinquent,High,6311.15
L0000286,C000401,Home Improvement,Midlands,9000,60,12.9,2025-11-19,2025-11-26,7,Closed,Low,0
L0000287,C000402,Home Improvement,South East,20000,12,18.9,2025-01-18,2025-01-23,5,Active,Low,10484.26
L0000288,C000403,Car Finance,Midlands,27500,60,9.9,2025-03-23,2025-03-26,3,Active,Low,19530.74
L0000289,C000404,Home Improvement,North West,17500,48,12.9,2025-12-24,2025-12-31,7,Active,Medium,9596.1
L0000290,C000405,Home Improvement,South West,16000,12,7.9,2026-04-21,2026-04-26,5,Delinquent,Medium,4224.05
L0000291,C000406,Home Improvement,Scotland,23500,24,15.9,2026-02-28,2026-03-03,3,Closed,Low,0
L0000292,C000407,Home Improvement,Wales,25000,24,18.9,2026-05-04,2026-05-13,9,Approved,Low,5820.0
L0000293,C000409,Personal Loan,Scotland,27500,60,9.9,2026-04-29,2026-05-04,5,Active,High,11012.93
L0000294,C000410,Car Finance,London,8000,36,18.9,2026-02-06,2026-02-10,4,Active,Low,7599.91
L0000295,C000411,Home Improvement,Wales,27000,60,7.9,2026-02-10,2026-02-18,8,Defaulted,Medium,19978.03
L0000296,C000412,Personal Loan,Scotland,20000,12,9.9,2026-02-15,2026-02-20,5,Active,Medium,6813.38
L0000297,C000413,Personal Loan,Midlands,10500,24,7.9,2025-08-10,2025-08-16,6,Active,Low,2366.91
L0000298,C000414,Debt Consolidation,South West,28000,36,15.9,2025-11-25,2025-12-01,6,Active,Low,25712.32
L0000299,C000416,Home Improvement,South East,27500,24,18.9,2025-02-06,2025-02-11,5,Defaulted,Low,19975.71
L0000300,C000417,Home Improvement,North West,7500,48,12.9,2026-01-20,2026-01-26,6,Closed,Low,0
L0000301,C000419,Debt Consolidation,South East,15000,12,15.9,2025-01-18,2025-01-23,5,Closed,High,0
L0000302,C000420,Debt Consolidation,Wales,22500,60,12.9,2025-01-28,2025-02-02,5,Active,Low,16892.92
L0000303,C000421,Personal Loan,Midlands,19000,48,18.9,2026-03-22,2026-03-25,3,Delinquent,Medium,14891.59
L0000304,C000422,Debt Consolidation,Midlands,21500,24,15.9,2025-04-25,2025-04-30,5,Closed,Medium,0
L0000305,C000423,Personal Loan,South East,13000,24,9.9,2025-01-06,2025-01-10,4,Active,Medium,1991.53
L0000306,C000426,Debt Consolidation,North West,29500,60,18.9,2025-07-31,2025-08-05,5,Delinquent,Medium,9676.79
L0000307,C000427,Personal Loan,Wales,25000,24,12.9,2026-06-05,2026-06-11,6,Approved,Low,14713.37
L0000308,C000428,Debt Consolidation,Wales,21500,36,18.9,2025-06-24,2025-06-28,4,Closed,Medium,0
L0000309,C000429,Car Finance,Wales,17500,12,18.9,2026-02-10,2026-02-18,8,Active,Low,6327.57
L0000310,C000430,Personal Loan,Scotland,2000,36,9.9,2026-02-08,2026-02-13,5,Active,Medium,572.28
L0000311,C000431,Car Finance,London,19500,36,15.9,2025-04-19,2025-04-25,6,Active,Medium,15683.68
L0000312,C000434,Car Finance,Midlands,19500,36,18.9,2025-04-10,2025-04-15,5,Active,High,18766.04
L0000313,C000435,Home Improvement,South East,5500,60,7.9,2025-07-05,2025-07-09,4,Approved,Low,2831.67
L0000314,C000437,Debt Consolidation,Wales,26500,36,18.9,2026-03-12,2026-03-18,6,Approved,Low,17556.59
L0000315,C000438,Debt Consolidation,London,10000,48,15.9,2025-04-05,2025-04-09,4,Closed,Medium,0
L0000316,C000440,Car Finance,Midlands,8000,12,12.9,2026-05-02,2026-05-09,7,Closed,Medium,0
L0000317,C000441,Personal Loan,South West,13000,48,15.9,2025-04-20,2025-04-25,5,Active,High,9883.03
L0000318,C000442,Home Improvement,Scotland,11000,24,12.9,2025-10-25,2025-10-31,6,Active,Medium,7303.78
L0000319,C000443,Car Finance,South East,28000,24,12.9,2025-03-17,2025-03-21,4,Approved,Low,25086.11
L0000320,C000444,Home Improvement,Midlands,15500,60,9.9,2026-03-12,2026-03-17,5,Active,Low,3475.52
L0000321,C000445,Home Improvement,North West,28000,60,7.9,2025-12-02,2025-12-08,6,Active,Low,5617.56
L0000322,C000449,Car Finance,London,16000,24,7.9,2025-10-26,2025-10-29,3,Approved,Low,13295.06
L0000323,C000451,Personal Loan,North West,14000,36,12.9,2025-03-26,2025-04-02,7,Active,Low,12480.16
L0000324,C000452,Car Finance,London,20000,48,18.9,2025-01-23,2025-01-29,6,Closed,Low,0
L0000325,C000453,Debt Consolidation,Scotland,19000,48,9.9,2025-12-03,2025-12-08,5,Active,High,3185.47
L0000326,C000454,Debt Consolidation,South West,14500,24,12.9,2025-05-11,2025-05-15,4,Active,Low,13847.61
L0000327,C000455,Debt Consolidation,London,7500,36,7.9,2025-07-07,2025-07-15,8,Closed,Medium,0
L0000328,C000456,Car Finance,North West,26500,24,15.9,2025-12-10,2025-12-15,5,Delinquent,Low,19843.11
L0000329,C000457,Debt Consolidation,Wales,20000,12,18.9,2026-01-25,2026-01-29,4,Active,Medium,6081.59
L0000330,C000458,Car Finance,Scotland,6500,12,18.9,2025-03-26,2025-03-31,5,Active,High,5279.33
L0000331,C000459,Home Improvement,Scotland,25000,60,7.9,2025-11-04,2025-11-11,7,Active,Medium,20913.6
L0000332,C000460,Car Finance,London,2000,60,18.9,2025-03-02,2025-03-06,4,Active,Low,729.64
L0000333,C000461,Personal Loan,South West,12000,36,15.9,2026-02-25,2026-03-03,6,Active,High,11738.8
L0000334,C000463,Home Improvement,South East,25500,60,7.9,2026-04-16,2026-04-23,7,Active,Low,10178.77
L0000335,C000464,Home Improvement,Wales,24000,36,12.9,2026-01-14,2026-01-16,2,Delinquent,Low,6589.62
L0000336,C000465,Car Finance,Midlands,11000,60,12.9,2025-09-14,2025-09-19,5,Closed,Low,0
L0000337,C000466,Personal Loan,South West,6500,24,9.9,2026-06-04,2026-06-07,3,Closed,Medium,0
L0000338,C000467,Personal Loan,South West,4000,24,12.9,2026-03-05,2026-03-10,5,Active,Low,1552.39
L0000339,C000468,Car Finance,Scotland,4500,24,9.9,2025-01-31,2025-02-06,6,Closed,Low,0
L0000340,C000470,Debt Consolidation,London,12000,12,9.9,2025-06-17,2025-06-22,5,Closed,Low,0
L0000341,C000471,Home Improvement,South West,11500,24,9.9,2026-05-10,2026-05-15,5,Closed,Low,0
L0000342,C000472,Home Improvement,South East,9000,36,9.9,2026-03-16,2026-03-24,8,Active,Medium,5088.31
L0000343,C000473,Car Finance,Scotland,2000,24,15.9,2026-03-11,2026-03-17,6,Approved,Low,387.77
L0000344,C000474,Car Finance,South West,25500,12,18.9,2026-05-24,2026-05-31,7,Closed,Medium,0
L0000345,C000476,Car Finance,South East,5500,48,7.9,2026-04-25,2026-04-28,3,Active,Low,5280.2
L0000346,C000479,Car Finance,London,14500,60,7.9,2025-05-05,2025-05-11,6,Closed,Low,0
L0000347,C000480,Personal Loan,South West,28500,48,12.9,2025-04-29,2025-05-05,6,Active,Medium,9421.99
L0000348,C000482,Home Improvement,Scotland,13500,12,15.9,2025-04-14,2025-04-17,3,Active,Low,10581.71
L0000349,C000483,Personal Loan,London,6000,60,7.9,2025-04-24,2025-05-02,8,Active,Low,1567.25
L0000350,C000485,Home Improvement,Scotland,27000,36,15.9,2025-10-30,2025-11-02,3,Closed,Low,0
L0000351,C000486,Personal Loan,South West,17000,12,9.9,2025-08-24,2025-08-30,6,Defaulted,Low,13503.83
L0000352,C000487,Car Finance,Wales,13000,60,9.9,2025-05-22,2025-05-28,6,Active,Low,9740.76
L0000353,C000488,Car Finance,Midlands,9500,60,12.9,2025-01-29,2025-02-04,6,Active,Low,7335.43
L0000354,C000490,Personal Loan,North West,15500,60,7.9,2026-05-17,2026-05-23,6,Delinquent,Medium,7766.05
L0000355,C000491,Car Finance,Scotland,12500,12,7.9,2025-02-10,2025-02-15,5,Active,High,3779.23
L0000356,C000492,Home Improvement,South East,24500,48,15.9,2026-03-17,2026-03-23,6,Active,Medium,20432.32
L0000357,C000493,Personal Loan,South East,26000,48,7.9,2026-01-08,2026-01-14,6,Approved,High,16093.67
L0000358,C000494,Home Improvement,North West,5500,60,9.9,2025-03-02,2025-03-09,7,Defaulted,Low,2324.88
L0000359,C000495,Car Finance,South East,3500,12,9.9,2025-05-18,2025-05-23,5,Active,Low,1860.68
L0000360,C000496,Personal Loan,Scotland,6500,60,15.9,2025-11-23,2025-11-30,7,Active,Low,5815.93
L0000361,C000497,Debt Consolidation,Wales,9500,12,18.9,2025-11-03,2025-11-09,6,Approved,Low,3482.42
L0000362,C000498,Home Improvement,Scotland,15500,36,7.9,2025-10-24,2025-10-27,3,Delinquent,Low,10514.08
L0000363,C000501,Debt Consolidation,Midlands,16000,24,18.9,2025-11-04,2025-11-07,3,Active,Medium,10980.46
L0000364,C000502,Personal Loan,Wales,4500,12,18.9,2026-04-20,2026-04-26,6,Active,High,3270.18
L0000365,C000504,Car Finance,South East,24500,12,15.9,2025-10-17,2025-10-21,4,Closed,Low,0
L0000366,C000507,Personal Loan,North West,5000,60,18.9,2025-12-15,2025-12-23,8,Active,Low,4218.96
L0000367,C000508,Home Improvement,South East,20000,36,15.9,2026-02-03,2026-02-04,1,Active,Low,15827.0
L0000368,C000509,Car Finance,Scotland,28500,12,18.9,2025-01-17,2025-01-20,3,Closed,Low,0
L0000369,C000510,Debt Consolidation,London,15000,36,15.9,2025-12-26,2025-12-31,5,Closed,Medium,0
L0000370,C000511,Car Finance,Wales,2500,36,9.9,2026-01-30,2026-02-03,4,Active,Low,444.03
L0000371,C000513,Debt Consolidation,North West,21500,12,18.9,2025-03-25,2025-03-28,3,Active,Low,12190.0
L0000372,C000514,Car Finance,Midlands,24000,48,7.9,2025-05-01,2025-05-07,6,Active,Medium,18838.69
L0000373,C000516,Debt Consolidation,London,7000,48,18.9,2025-09-26,2025-10-01,5,Closed,Low,0
L0000374,C000518,Personal Loan,South West,16500,60,7.9,2025-03-19,2025-03-24,5,Active,Low,7766.26
L0000375,C000520,Personal Loan,North West,12500,12,9.9,2025-04-06,2025-04-13,7,Active,Medium,11595.5
L0000376,C000523,Personal Loan,Wales,22000,36,7.9,2026-04-24,2026-04-28,4,Active,Low,11023.66
L0000377,C000525,Debt Consolidation,South West,8000,36,12.9,2026-03-08,2026-03-13,5,Approved,High,5462.38
L0000378,C000526,Debt Consolidation,North West,9000,48,12.9,2025-06-09,2025-06-15,6,Active,Medium,5468.36
L0000379,C000527,Home Improvement,Midlands,29000,36,7.9,2025-05-17,2025-05-21,4,Closed,Low,0
L0000380,C000528,Car Finance,North West,15000,48,7.9,2026-01-29,2026-02-04,6,Delinquent,Low,4452.66
L0000381,C000529,Personal Loan,North West,27000,36,9.9,2025-03-10,2025-03-17,7,Closed,High,0
L0000382,C000530,Car Finance,Midlands,9000,36,9.9,2025-07-07,2025-07-09,2,Active,Low,8770.15
L0000383,C000531,Personal Loan,Wales,3500,24,15.9,2025-12-25,2026-01-01,7,Approved,Low,950.91
L0000384,C000532,Personal Loan,Scotland,29500,24,9.9,2026-03-02,2026-03-08,6,Active,Low,27024.78
L0000385,C000533,Personal Loan,London,18000,12,12.9,2025-12-29,2026-01-01,3,Closed,Medium,0
L0000386,C000534,Home Improvement,South East,14500,24,7.9,2026-01-27,2026-02-03,7,Active,Low,13191.1
L0000387,C000535,Personal Loan,Midlands,3000,60,9.9,2026-05-10,2026-05-17,7,Active,Medium,1796.72
L0000388,C000536,Car Finance,South West,23000,12,7.9,2025-07-10,2025-07-16,6,Approved,Low,4067.53
L0000389,C000538,Personal Loan,North West,22000,24,7.9,2025-05-21,2025-05-25,4,Active,Medium,18325.68
L0000390,C000539,Car Finance,North West,28000,60,15.9,2026-05-13,2026-05-18,5,Active,Medium,16213.61
L0000391,C000540,Personal Loan,London,10500,12,18.9,2026-03-16,2026-03-20,4,Closed,Low,0
L0000392,C000543,Car Finance,South West,3000,24,15.9,2026-03-17,2026-03-22,5,Active,Low,2776.77
L0000393,C000544,Personal Loan,Scotland,5500,48,18.9,2025-06-02,2025-06-06,4,Active,Low,1896.56
L0000394,C000545,Personal Loan,Wales,23500,12,7.9,2025-07-23,2025-07-28,5,Active,Medium,11778.74
L0000395,C000546,Personal Loan,North West,24000,48,18.9,2025-11-24,2025-12-01,7,Active,Low,18708.75
L0000396,C000547,Car Finance,South West,8500,24,9.9,2026-05-06,2026-05-12,6,Active,Low,3314.57
L0000397,C000548,Debt Consolidation,North West,2500,60,7.9,2025-07-06,2025-07-11,5,Active,Medium,848.0
L0000398,C000549,Car Finance,Wales,6000,48,7.9,2025-12-17,2025-12-27,10,Delinquent,Medium,2511.57
L0000399,C000550,Home Improvement,Scotland,14000,12,12.9,2025-09-01,2025-09-05,4,Active,Medium,3671.86
L0000400,C000551,Personal Loan,Midlands,22000,48,12.9,2026-01-01,2026-01-05,4,Delinquent,Medium,8462.55
L0000401,C000552,Personal Loan,North West,5000,24,18.9,2025-05-14,2025-05-16,2,Active,Low,3491.21
L0000402,C000553,Home Improvement,South East,20000,36,15.9,2025-09-19,2025-09-22,3,Active,Low,9497.49
L0000403,C000554,Home Improvement,London,10500,36,15.9,2026-02-21,2026-02-25,4,Active,Medium,8125.26
L0000404,C000555,Home Improvement,Midlands,13000,12,15.9,2025-02-28,2025-03-03,3,Active,Low,5457.79
L0000405,C000556,Personal Loan,Midlands,2500,60,9.9,2026-03-13,2026-03-19,6,Closed,Low,0
L0000406,C000557,Debt Consolidation,Wales,25000,12,18.9,2025-12-07,2025-12-09,2,Approved,Medium,4380.73
L0000407,C000558,Car Finance,South East,11500,36,7.9,2025-01-14,2025-01-17,3,Closed,Medium,0
L0000408,C000563,Personal Loan,South West,12500,60,12.9,2025-05-24,2025-05-29,5,Approved,Medium,6737.18
L0000409,C000566,Home Improvement,Scotland,8000,12,18.9,2025-06-12,2025-06-14,2,Closed,Low,0
L0000410,C000569,Home Improvement,London,6500,36,9.9,2026-05-28,2026-06-02,5,Delinquent,Low,5408.08
L0000411,C000570,Debt Consolidation,South West,13500,60,18.9,2025-11-06,2025-11-11,5,Active,High,7689.44
L0000412,C000572,Debt Consolidation,Scotland,29500,12,7.9,2025-02-07,2025-02-10,3,Active,Low,9798.14
L0000413,C000574,Personal Loan,London,12500,12,12.9,2025-12-04,2025-12-06,2,Active,Medium,7319.78
L0000414,C000575,Personal Loan,London,28000,60,18.9,2026-02-07,2026-02-13,6,Active,Low,17743.79
L0000415,C000579,Debt Consolidation,Scotland,6000,60,12.9,2025-08-12,2025-08-14,2,Active,Medium,5225.65
L0000416,C000580,Debt Consolidation,Wales,27500,48,7.9,2026-03-20,2026-03-25,5,Delinquent,Low,10970.01
L0000417,C000581,Personal Loan,Midlands,2000,24,9.9,2025-12-11,2025-12-18,7,Active,High,1371.58
L0000418,C000582,Car Finance,Wales,16500,12,18.9,2026-04-09,2026-04-15,6,Closed,High,0
L0000419,C000583,Personal Loan,Scotland,21500,12,12.9,2026-04-09,2026-04-15,6,Closed,Medium,0
L0000420,C000584,Home Improvement,South West,26000,24,15.9,2026-05-17,2026-05-23,6,Active,High,19762.68
L0000421,C000585,Personal Loan,South West,26000,24,9.9,2026-04-26,2026-05-04,8,Active,High,11966.42
L0000422,C000586,Car Finance,North West,18000,12,7.9,2026-01-18,2026-01-24,6,Active,High,17117.54
L0000423,C000587,Personal Loan,Wales,22000,60,12.9,2026-02-20,2026-02-24,4,Closed,High,0
L0000424,C000589,Debt Consolidation,Midlands,8500,60,9.9,2025-09-13,2025-09-18,5,Active,Low,3235.41
L0000425,C000590,Personal Loan,Scotland,8000,24,9.9,2025-04-14,2025-04-18,4,Delinquent,Medium,6489.47
L0000426,C000591,Debt Consolidation,Scotland,13000,48,7.9,2025-08-26,2025-09-01,6,Active,Medium,12710.64
L0000427,C000594,Car Finance,Midlands,24500,48,15.9,2025-07-27,2025-08-02,6,Active,Low,5338.33
L0000428,C000595,Personal Loan,South West,14500,60,9.9,2025-04-14,2025-04-18,4,Closed,High,0
L0000429,C000598,Personal Loan,South East,28500,36,12.9,2026-02-02,2026-02-07,5,Closed,Medium,0
L0000430,C000599,Debt Consolidation,South West,23500,12,15.9,2026-04-08,2026-04-12,4,Closed,Medium,0
L0000431,C000600,Car Finance,Scotland,26000,12,9.9,2025-02-04,2025-02-09,5,Active,Low,23702.71
L0000432,C000601,Personal Loan,South West,5000,48,7.9,2025-04-04,2025-04-10,6,Defaulted,Medium,3952.39
L0000433,C000602,Debt Consolidation,South East,11500,60,12.9,2025-12-04,2025-12-13,9,Active,Medium,2437.89
L0000434,C000603,Car Finance,South West,26500,60,9.9,2025-03-18,2025-03-19,1,Delinquent,Low,22651.68
L0000435,C000604,Car Finance,Wales,4000,24,7.9,2025-02-19,2025-02-25,6,Active,Medium,3806.5
L0000436,C000605,Home Improvement,Wales,3500,12,12.9,2025-08-15,2025-08-19,4,Active,Medium,1781.95
L0000437,C000606,Car Finance,Wales,5500,24,7.9,2025-10-09,2025-10-15,6,Approved,Medium,4756.13
L0000438,C000607,Personal Loan,Scotland,25000,60,12.9,2025-02-09,2025-02-14,5,Active,Low,8484.59
L0000439,C000609,Home Improvement,South East,5000,60,12.9,2025-11-04,2025-11-11,7,Active,Medium,1070.39
L0000440,C000611,Personal Loan,South East,23500,24,15.9,2025-01-26,2025-01-30,4,Active,Low,16547.21
L0000441,C000612,Personal Loan,Midlands,15000,12,9.9,2026-03-31,2026-04-03,3,Active,Low,3993.17
L0000442,C000613,Debt Consolidation,Midlands,26500,12,12.9,2025-01-05,2025-01-11,6,Active,Low,10745.37
L0000443,C000615,Car Finance,South West,9000,12,12.9,2026-02-01,2026-02-09,8,Approved,Medium,2723.14
L0000444,C000616,Personal Loan,London,14000,60,9.9,2026-02-20,2026-02-25,5,Active,Medium,6704.02
L0000445,C000617,Personal Loan,London,22500,24,9.9,2025-09-03,2025-09-07,4,Approved,Low,14649.15
L0000446,C000620,Car Finance,Scotland,11000,48,12.9,2026-01-21,2026-01-27,6,Closed,Medium,0
L0000447,C000621,Personal Loan,Midlands,28000,36,15.9,2025-03-30,2025-04-02,3,Active,Low,7822.64
L0000448,C000622,Home Improvement,Scotland,15000,24,15.9,2026-01-12,2026-01-16,4,Active,Low,12780.25
L0000449,C000623,Car Finance,London,24000,12,9.9,2025-09-07,2025-09-13,6,Approved,Low,11169.39
L0000450,C000624,Car Finance,North West,21500,48,15.9,2026-01-31,2026-02-06,6,Active,High,12349.31
L0000451,C000625,Home Improvement,Wales,11500,48,12.9,2025-04-23,2025-04-29,6,Closed,Medium,0
L0000452,C000626,Home Improvement,Midlands,25000,60,12.9,2025-02-20,2025-02-24,4,Active,Medium,6374.88
L0000453,C000627,Personal Loan,Wales,12500,36,15.9,2025-04-21,2025-04-27,6,Delinquent,Low,7486.77
L0000454,C000628,Personal Loan,South East,17000,36,15.9,2025-08-11,2025-08-17,6,Active,Low,5330.87
L0000455,C000630,Personal Loan,Midlands,20500,60,9.9,2025-12-31,2026-01-04,4,Active,Low,15315.88
L0000456,C000631,Car Finance,London,4000,36,18.9,2025-02-14,2025-02-18,4,Closed,Low,0
L0000457,C000632,Home Improvement,Scotland,17000,48,7.9,2026-05-02,2026-05-09,7,Active,Low,4359.91
L0000458,C000633,Car Finance,Midlands,6500,24,12.9,2025-10-13,2025-10-20,7,Approved,Low,2143.59
L0000459,C000634,Debt Consolidation,Wales,21500,36,9.9,2025-01-18,2025-01-24,6,Active,Low,20827.55
L0000460,C000635,Debt Consolidation,South East,12500,60,15.9,2026-04-25,2026-05-02,7,Closed,Low,0
L0000461,C000637,Car Finance,Scotland,19000,36,12.9,2026-02-07,2026-02-13,6,Active,Low,13412.91
L0000462,C000638,Debt Consolidation,South West,29000,60,7.9,2025-11-14,2025-11-17,3,Active,Low,12435.65
L0000463,C000639,Car Finance,Scotland,25500,36,9.9,2025-05-08,2025-05-12,4,Active,Medium,19348.4
L0000464,C000640,Personal Loan,North West,28000,36,9.9,2026-02-09,2026-02-12,3,Active,Medium,14978.7
L0000465,C000641,Car Finance,Scotland,20000,12,9.9,2025-07-12,2025-07-14,2,Active,Low,8825.25
L0000466,C000642,Car Finance,Scotland,12500,12,7.9,2025-06-03,2025-06-06,3,Approved,Medium,10544.49
L0000467,C000645,Debt Consolidation,South East,15000,48,12.9,2026-01-12,2026-01-18,6,Delinquent,Low,6755.49
L0000468,C000646,Debt Consolidation,Midlands,14500,36,18.9,2026-03-21,2026-03-26,5,Active,High,2527.61
L0000469,C000650,Home Improvement,London,16000,24,15.9,2026-04-24,2026-05-01,7,Approved,Medium,10831.95
L0000470,C000651,Home Improvement,North West,27500,12,7.9,2025-03-22,2025-03-25,3,Active,Low,17274.58
L0000471,C000652,Car Finance,Wales,19500,36,12.9,2025-07-17,2025-07-21,4,Active,High,18734.49
L0000472,C000653,Home Improvement,South West,15000,48,9.9,2025-04-21,2025-04-30,9,Active,Low,7046.63
L0000473,C000654,Car Finance,Scotland,9500,12,9.9,2026-03-18,2026-03-25,7,Delinquent,Low,7297.21
L0000474,C000655,Debt Consolidation,South East,3000,24,18.9,2026-01-11,2026-01-15,4,Active,Medium,716.6
L0000475,C000656,Personal Loan,North West,23000,60,15.9,2025-06-10,2025-06-13,3,Active,Low,11238.72
L0000476,C000658,Personal Loan,South West,20500,60,9.9,2025-04-11,2025-04-16,5,Active,Medium,16463.19
L0000477,C000661,Personal Loan,South West,3500,24,18.9,2025-12-21,2025-12-25,4,Closed,High,0
L0000478,C000662,Home Improvement,Scotland,10500,48,7.9,2025-09-08,2025-09-14,6,Active,Low,2966.64
L0000479,C000663,Car Finance,North West,4500,36,7.9,2025-05-13,2025-05-19,6,Delinquent,Low,1101.31
L0000480,C000664,Home Improvement,South West,15000,24,15.9,2026-05-28,2026-05-29,1,Active,Low,7239.86
L0000481,C000666,Home Improvement,South West,15000,12,12.9,2026-04-14,2026-04-20,6,Active,Medium,8616.42
L0000482,C000667,Car Finance,Scotland,23000,24,15.9,2025-04-27,2025-05-04,7,Delinquent,Medium,9746.47
L0000483,C000668,Car Finance,South East,17000,12,18.9,2025-10-15,2025-10-20,5,Active,Low,11749.77
L0000484,C000669,Personal Loan,South East,19500,60,18.9,2025-04-08,2025-04-14,6,Approved,Medium,9927.74
L0000485,C000670,Car Finance,North West,27000,24,7.9,2025-07-13,2025-07-16,3,Closed,High,0
L0000486,C000673,Personal Loan,London,4000,60,9.9,2025-10-06,2025-10-13,7,Active,Low,2689.44
L0000487,C000674,Personal Loan,London,24000,12,15.9,2025-06-30,2025-07-02,2,Active,Low,11937.26
L0000488,C000675,Car Finance,London,15000,24,9.9,2025-03-04,2025-03-09,5,Closed,Medium,0
L0000489,C000677,Car Finance,South West,16000,48,12.9,2025-11-12,2025-11-16,4,Active,Medium,11129.87
L0000490,C000678,Car Finance,Scotland,3000,24,9.9,2025-06-29,2025-06-30,1,Active,Low,1527.63
L0000491,C000679,Debt Consolidation,London,10500,48,9.9,2025-07-12,2025-07-17,5,Active,Medium,9874.05
L0000492,C000681,Debt Consolidation,South West,27500,60,15.9,2026-03-14,2026-03-20,6,Active,Low,11490.99
L0000493,C000682,Home Improvement,Midlands,6000,60,18.9,2025-10-08,2025-10-14,6,Active,Low,4583.07
L0000494,C000684,Car Finance,Wales,27500,60,12.9,2025-08-09,2025-08-14,5,Closed,Medium,0
L0000495,C000685,Debt Consolidation,Midlands,12000,12,12.9,2025-10-12,2025-10-17,5,Closed,Low,0
L0000496,C000686,Car Finance,London,26000,48,18.9,2025-09-08,2025-09-11,3,Closed,Low,0
L0000497,C000687,Home Improvement,Scotland,4500,60,9.9,2025-12-08,2025-12-14,6,Delinquent,Low,1225.65
L0000498,C000688,Car Finance,North West,23500,24,9.9,2025-03-15,2025-03-20,5,Active,Medium,16781.14
L0000499,C000689,Car Finance,North West,15000,60,15.9,2026-04-22,2026-04-27,5,Active,Low,7494.57
L0000500,C000693,Home Improvement,Wales,25000,60,9.9,2026-01-01,2026-01-07,6,Active,Medium,18738.79
L0000501,C000694,Car Finance,South East,17000,48,15.9,2025-11-10,2025-11-17,7,Closed,High,0
L0000502,C000695,Car Finance,Scotland,29000,12,12.9,2025-10-20,2025-10-24,4,Active,Medium,20727.45
L0000503,C000697,Home Improvement,London,10000,48,18.9,2025-04-03,2025-04-07,4,Active,Low,8369.19
L0000504,C000698,Personal Loan,South West,8500,12,9.9,2025-04-08,2025-04-14,6,Delinquent,Low,4841.18
L0000505,C000702,Debt Consolidation,Midlands,13000,60,9.9,2026-04-17,2026-04-22,5,Closed,Medium,0
L0000506,C000704,Personal Loan,South West,16000,60,7.9,2026-04-06,2026-04-12,6,Approved,Medium,14268.38
L0000507,C000705,Car Finance,South East,21500,12,7.9,2025-03-26,2025-03-30,4,Closed,Low,0
L0000508,C000707,Car Finance,South West,22000,48,12.9,2025-03-27,2025-04-01,5,Delinquent,High,6413.32
L0000509,C000708,Debt Consolidation,South East,17500,24,9.9,2025-12-27,2025-12-30,3,Closed,Low,0
L0000510,C000712,Personal Loan,South West,24000,60,12.9,2026-02-13,2026-02-17,4,Active,Medium,8722.94
L0000511,C000713,Personal Loan,Scotland,15000,24,9.9,2025-02-23,2025-02-28,5,Active,Low,12202.09
L0000512,C000715,Car Finance,South West,17500,12,18.9,2026-02-08,2026-02-13,5,Active,Low,14458.41
L0000513,C000717,Home Improvement,Midlands,2500,60,15.9,2026-05-30,2026-06-03,4,Active,Low,1898.19
L0000514,C000718,Personal Loan,Scotland,10500,60,15.9,2026-05-16,2026-05-24,8,Delinquent,Low,10002.13
L0000515,C000719,Personal Loan,Midlands,16000,60,18.9,2026-02-17,2026-02-19,2,Active,Medium,9912.82
L0000516,C000721,Home Improvement,Wales,19500,12,7.9,2025-11-04,2025-11-11,7,Closed,Medium,0
L0000517,C000722,Debt Consolidation,Wales,24500,60,12.9,2025-06-06,2025-06-09,3,Delinquent,Low,20004.4
L0000518,C000723,Home Improvement,Scotland,6500,60,12.9,2025-03-12,2025-03-18,6,Active,Low,4233.66
L0000519,C000725,Personal Loan,Scotland,11500,12,12.9,2025-09-04,2025-09-09,5,Active,Low,8062.79
L0000520,C000727,Home Improvement,South West,5000,48,18.9,2025-11-13,2025-11-20,7,Active,Low,2690.51
L0000521,C000728,Debt Consolidation,North West,22000,12,12.9,2026-04-01,2026-04-06,5,Approved,High,21088.77
L0000522,C000729,Car Finance,London,26000,12,15.9,2025-02-10,2025-02-13,3,Closed,Low,0
L0000523,C000731,Car Finance,Wales,20500,24,18.9,2026-01-09,2026-01-14,5,Active,Medium,14591.7
L0000524,C000732,Home Improvement,Scotland,29000,36,9.9,2026-04-25,2026-04-26,1,Active,Medium,27832.23
L0000525,C000733,Car Finance,South East,24500,12,9.9,2025-09-28,2025-10-05,7,Active,Low,22769.04
L0000526,C000734,Personal Loan,Midlands,10500,36,7.9,2025-11-21,2025-11-24,3,Active,Medium,8523.41
L0000527,C000735,Debt Consolidation,North West,19000,36,15.9,2025-04-13,2025-04-19,6,Approved,Medium,3290.0
L0000528,C000736,Debt Consolidation,Scotland,23000,48,15.9,2026-03-08,2026-03-12,4,Active,Low,18253.91
L0000529,C000738,Debt Consolidation,South East,16500,36,7.9,2026-03-16,2026-03-20,4,Active,Medium,10818.35
L0000530,C000741,Car Finance,South West,14500,12,9.9,2025-06-25,2025-06-30,5,Active,Low,9051.64
L0000531,C000742,Car Finance,North West,8000,12,18.9,2025-09-08,2025-09-12,4,Approved,Low,4959.98
L0000532,C000743,Car Finance,Midlands,19500,36,7.9,2026-01-30,2026-02-06,7,Closed,Low,0
L0000533,C000744,Home Improvement,Midlands,14000,12,12.9,2025-12-19,2025-12-24,5,Active,Low,11600.84
L0000534,C000745,Car Finance,London,14000,60,18.9,2026-03-21,2026-03-25,4,Active,Low,2886.43
L0000535,C000746,Personal Loan,Midlands,11000,24,9.9,2025-06-21,2025-06-26,5,Closed,Low,0
L0000536,C000747,Car Finance,Midlands,4500,24,18.9,2025-11-09,2025-11-16,7,Active,Low,3347.03
L0000537,C000748,Car Finance,Midlands,25000,60,9.9,2025-08-23,2025-08-28,5,Active,Low,4459.29
L0000538,C000749,Debt Consolidation,Wales,11500,12,15.9,2025-11-14,2025-11-20,6,Active,Low,8981.51
L0000539,C000750,Home Improvement,Scotland,6500,24,7.9,2025-01-22,2025-01-30,8,Active,Low,6084.69
L0000540,C000751,Car Finance,Scotland,28000,12,9.9,2025-06-24,2025-07-01,7,Closed,Medium,0
L0000541,C000752,Personal Loan,South East,18000,12,18.9,2025-12-17,2025-12-22,5,Active,Low,11148.51
L0000542,C000755,Car Finance,South East,11000,60,9.9,2025-03-27,2025-04-01,5,Defaulted,Low,4701.67
L0000543,C000757,Car Finance,Wales,10500,60,7.9,2025-08-20,2025-08-24,4,Active,Low,9950.19
L0000544,C000758,Personal Loan,South East,9000,48,18.9,2025-02-03,2025-02-07,4,Active,Medium,6712.21
L0000545,C000760,Personal Loan,North West,21500,48,15.9,2025-11-27,2025-12-03,6,Active,Medium,20765.53
L0000546,C000761,Car Finance,Midlands,24500,12,15.9,2025-02-08,2025-02-12,4,Active,Medium,11942.79
L0000547,C000762,Debt Consolidation,North West,25000,12,15.9,2025-05-28,2025-05-31,3,Closed,Low,0
L0000548,C000764,Debt Consolidation,London,9500,24,7.9,2025-12-15,2025-12-20,5,Active,High,4761.15
L0000549,C000765,Home Improvement,South West,14500,36,7.9,2025-12-16,2025-12-23,7,Active,Low,12475.17
L0000550,C000766,Home Improvement,South East,12000,12,12.9,2025-03-16,2025-03-22,6,Active,Low,7846.85
L0000551,C000767,Home Improvement,South East,4500,60,12.9,2025-12-27,2026-01-04,8,Active,Low,3019.5
L0000552,C000768,Debt Consolidation,Scotland,5000,36,12.9,2026-01-16,2026-01-19,3,Defaulted,Low,2458.37
L0000553,C000771,Debt Consolidation,North West,9500,12,18.9,2025-11-07,2025-11-14,7,Active,Low,1553.19
L0000554,C000772,Debt Consolidation,Midlands,23500,24,7.9,2026-05-08,2026-05-14,6,Closed,Medium,0
L0000555,C000773,Personal Loan,North West,9000,36,9.9,2025-10-26,2025-10-29,3,Active,Low,5023.14
L0000556,C000774,Personal Loan,Scotland,4500,36,18.9,2026-01-04,2026-01-07,3,Active,Medium,3760.36
L0000557,C000775,Car Finance,Midlands,10000,60,18.9,2025-06-02,2025-06-07,5,Active,Low,3448.06
L0000558,C000776,Personal Loan,Wales,16500,12,18.9,2025-09-28,2025-10-02,4,Active,Low,13853.07
L0000559,C000778,Home Improvement,North West,7000,36,7.9,2025-08-26,2025-08-29,3,Active,Low,3667.03
L0000560,C000780,Home Improvement,Wales,24500,24,15.9,2025-04-20,2025-04-26,6,Closed,Low,0
L0000561,C000781,Car Finance,Wales,17500,48,9.9,2025-12-23,2025-12-30,7,Active,Low,11979.2
L0000562,C000783,Debt Consolidation,Midlands,10000,60,7.9,2026-06-05,2026-06-11,6,Active,Low,4863.89
L0000563,C000785,Personal Loan,South East,5500,12,15.9,2025-04-16,2025-04-23,7,Active,Medium,5356.68
L0000564,C000787,Personal Loan,Wales,28000,24,9.9,2025-01-28,2025-02-03,6,Active,Low,24568.33
L0000565,C000788,Car Finance,North West,24000,12,9.9,2025-09-25,2025-09-30,5,Active,Medium,21874.83
L0000566,C000789,Home Improvement,North West,2000,12,12.9,2026-04-04,2026-04-10,6,Approved,Low,898.63
L0000567,C000790,Personal Loan,South West,15000,12,18.9,2025-03-17,2025-03-20,3,Closed,Low,0
L0000568,C000793,Debt Consolidation,Scotland,17000,24,9.9,2026-02-19,2026-02-24,5,Approved,Medium,3588.16
L0000569,C000794,Car Finance,South West,18000,24,12.9,2026-03-10,2026-03-17,7,Active,Low,9192.11
L0000570,C000795,Personal Loan,Midlands,26500,60,15.9,2026-03-16,2026-03-20,4,Active,Medium,5611.11
L0000571,C000796,Home Improvement,South West,7000,36,18.9,2025-02-23,2025-03-01,6,Closed,Low,0
L0000572,C000797,Debt Consolidation,Scotland,16500,24,15.9,2026-05-17,2026-05-22,5,Defaulted,Low,10714.52
L0000573,C000798,Home Improvement,Scotland,13000,48,15.9,2025-06-01,2025-06-06,5,Active,Low,9829.76
L0000574,C000799,Car Finance,South West,17000,24,7.9,2025-01-03,2025-01-07,4,Active,Low,14472.3
L0000575,C000800,Debt Consolidation,Scotland,6500,60,9.9,2025-02-09,2025-02-17,8,Approved,Medium,5707.25
L0000576,C000801,Personal Loan,South West,19500,12,7.9,2025-12-06,2025-12-11,5,Active,Medium,10852.44
L0000577,C000802,Debt Consolidation,South East,5000,24,7.9,2026-03-02,2026-03-06,4,Active,Medium,3647.24
L0000578,C000803,Debt Consolidation,South West,28500,24,15.9,2026-03-22,2026-03-28,6,Active,Medium,13781.14
L0000579,C000804,Home Improvement,North West,2500,36,12.9,2025-08-17,2025-08-18,1,Active,Medium,1049.66
L0000580,C000805,Car Finance,Wales,8000,48,18.9,2025-07-30,2025-08-05,6,Approved,Medium,1603.63
L0000581,C000806,Home Improvement,London,3500,24,9.9,2026-02-08,2026-02-11,3,Active,High,3088.71
L0000582,C000807,Debt Consolidation,London,16000,48,18.9,2025-02-14,2025-02-19,5,Delinquent,Medium,12277.89
L0000583,C000809,Debt Consolidation,South East,23000,60,7.9,2026-03-03,2026-03-06,3,Defaulted,Low,22367.86
L0000584,C000810,Car Finance,South East,11000,12,9.9,2025-11-26,2025-12-02,6,Delinquent,High,6960.4
L0000585,C000811,Car Finance,South West,3000,60,9.9,2025-12-04,2025-12-09,5,Active,Low,2906.87
L0000586,C000812,Car Finance,South East,28500,48,12.9,2025-01-15,2025-01-19,4,Active,Low,6720.17
L0000587,C000813,Debt Consolidation,Scotland,10000,48,7.9,2025-03-05,2025-03-11,6,Closed,Low,0
L0000588,C000814,Car Finance,Scotland,25500,60,9.9,2025-03-16,2025-03-21,5,Active,Low,20401.36
L0000589,C000815,Debt Consolidation,London,17500,60,18.9,2025-11-28,2025-12-05,7,Delinquent,Low,3527.58
L0000590,C000816,Car Finance,Scotland,7500,36,15.9,2025-12-17,2025-12-20,3,Active,Medium,5450.61
L0000591,C000817,Debt Consolidation,South West,14500,12,15.9,2025-05-31,2025-06-05,5,Active,Low,12593.54
L0000592,C000818,Personal Loan,Scotland,23500,36,7.9,2026-01-18,2026-01-25,7,Closed,High,0
L0000593,C000819,Personal Loan,Midlands,22500,36,15.9,2025-06-05,2025-06-10,5,Defaulted,Low,4028.4
L0000594,C000820,Home Improvement,London,12000,60,15.9,2026-03-09,2026-03-14,5,Closed,Medium,0
L0000595,C000822,Car Finance,Scotland,29500,48,15.9,2025-08-24,2025-08-29,5,Active,Medium,13712.66
L0000596,C000824,Personal Loan,South East,25500,60,7.9,2026-03-28,2026-03-31,3,Active,Low,5741.05
L0000597,C000825,Home Improvement,Scotland,27000,60,7.9,2026-05-11,2026-05-16,5,Active,High,14593.47
L0000598,C000826,Car Finance,London,29500,48,18.9,2026-04-02,2026-04-06,4,Delinquent,Medium,18863.32
L0000599,C000827,Car Finance,Scotland,28500,36,18.9,2025-06-06,2025-06-11,5,Approved,Medium,21277.43
L0000600,C000828,Car Finance,South West,9500,24,7.9,2025-11-03,2025-11-09,6,Active,Low,8996.35
L0000601,C000830,Personal Loan,Scotland,14000,24,12.9,2026-02-15,2026-02-18,3,Active,Medium,4020.17
L0000602,C000831,Car Finance,London,28000,60,18.9,2025-06-21,2025-06-27,6,Active,Medium,6318.81
L0000603,C000832,Car Finance,North West,25500,48,7.9,2026-04-19,2026-04-24,5,Active,Low,13324.61
L0000604,C000833,Home Improvement,Scotland,3000,24,12.9,2025-09-18,2025-09-22,4,Active,Medium,2711.52
L0000605,C000836,Car Finance,South West,13000,60,15.9,2025-12-05,2025-12-11,6,Active,Low,11565.7
L0000606,C000837,Personal Loan,Midlands,19500,60,7.9,2026-03-11,2026-03-15,4,Active,Low,3543.12
L0000607,C000838,Home Improvement,Wales,13000,48,12.9,2025-10-30,2025-11-02,3,Active,Low,2224.26
L0000608,C000840,Home Improvement,London,4500,36,12.9,2025-07-09,2025-07-13,4,Active,Low,1868.97
L0000609,C000841,Debt Consolidation,North West,27000,24,12.9,2025-04-04,2025-04-10,6,Closed,High,0
L0000610,C000845,Debt Consolidation,South East,24500,36,15.9,2026-05-30,2026-06-03,4,Active,Low,15892.81
L0000611,C000846,Personal Loan,North West,7000,60,18.9,2025-02-05,2025-02-10,5,Active,Low,4410.48
L0000612,C000847,Car Finance,Scotland,16000,24,9.9,2025-04-07,2025-04-12,5,Closed,Low,0
L0000613,C000848,Home Improvement,Midlands,27000,24,7.9,2025-07-30,2025-08-04,5,Active,Low,17326.44
L0000614,C000849,Car Finance,London,21000,60,12.9,2025-12-20,2025-12-21,1,Active,Low,10073.42
L0000615,C000850,Car Finance,Scotland,8000,24,9.9,2026-03-07,2026-03-12,5,Active,Medium,3441.96
L0000616,C000851,Car Finance,South East,16000,36,18.9,2025-09-19,2025-09-25,6,Active,Low,14333.22
L0000617,C000852,Home Improvement,North West,18000,12,7.9,2025-01-05,2025-01-10,5,Closed,Low,0
L0000618,C000853,Car Finance,South West,14000,36,12.9,2025-10-04,2025-10-08,4,Active,Medium,7919.02
L0000619,C000857,Debt Consolidation,South West,10500,24,7.9,2026-04-28,2026-05-01,3,Closed,Low,0
L0000620,C000862,Car Finance,South East,19500,36,9.9,2025-09-15,2025-09-18,3,Closed,Low,0
L0000621,C000863,Personal Loan,North West,18000,12,7.9,2025-06-22,2025-06-30,8,Closed,High,0
L0000622,C000865,Car Finance,North West,24500,12,7.9,2026-05-14,2026-05-22,8,Active,Low,3934.46
L0000623,C000866,Debt Consolidation,London,24500,36,15.9,2026-04-29,2026-05-03,4,Active,Low,4656.73
L0000624,C000867,Personal Loan,London,11000,60,15.9,2026-05-10,2026-05-13,3,Active,Low,5929.74
L0000625,C000869,Debt Consolidation,South West,23000,48,15.9,2026-02-23,2026-02-28,5,Active,Medium,13936.4
L0000626,C000870,Debt Consolidation,South West,2000,60,7.9,2026-04-29,2026-05-03,4,Active,Medium,1109.11
L0000627,C000871,Debt Consolidation,Scotland,6000,48,15.9,2026-03-29,2026-04-01,3,Active,Low,3400.68
L0000628,C000874,Debt Consolidation,London,15500,60,12.9,2025-03-30,2025-04-05,6,Active,Low,5821.23
L0000629,C000875,Debt Consolidation,Wales,8500,36,9.9,2025-08-25,2025-09-01,7,Closed,Low,0
L0000630,C000876,Debt Consolidation,Wales,2000,60,18.9,2025-02-24,2025-03-04,8,Active,High,716.63
L0000631,C000877,Personal Loan,South West,26000,12,15.9,2026-01-16,2026-01-23,7,Active,Medium,23184.87
L0000632,C000878,Debt Consolidation,Midlands,10000,24,18.9,2025-07-29,2025-08-02,4,Defaulted,Low,6775.97
L0000633,C000879,Personal Loan,Scotland,9500,24,18.9,2026-03-15,2026-03-18,3,Active,High,3247.31
L0000634,C000880,Car Finance,Wales,8000,12,15.9,2026-01-12,2026-01-16,4,Active,Low,2642.21
L0000635,C000882,Personal Loan,South East,23000,48,18.9,2025-07-22,2025-07-26,4,Delinquent,Medium,12696.12
L0000636,C000883,Car Finance,London,15500,60,12.9,2026-03-05,2026-03-11,6,Active,Low,12524.05
L0000637,C000884,Car Finance,South East,10000,24,12.9,2025-06-19,2025-06-24,5,Active,Medium,6437.38
L0000638,C000885,Car Finance,Wales,24000,36,12.9,2026-02-19,2026-02-23,4,Active,Low,17746.4
L0000639,C000886,Car Finance,South West,5000,12,7.9,2025-01-12,2025-01-17,5,Active,Medium,1142.91
L0000640,C000887,Home Improvement,South East,4000,48,7.9,2026-05-20,2026-05-26,6,Active,Low,2626.26
L0000641,C000888,Personal Loan,London,14000,60,12.9,2025-03-02,2025-03-08,6,Active,Medium,4052.37
L0000642,C000889,Debt Consolidation,Midlands,20500,60,15.9,2026-01-01,2026-01-05,4,Approved,Low,4088.54
L0000643,C000890,Car Finance,South West,5000,36,7.9,2026-05-27,2026-06-02,6,Active,Low,3090.28
L0000644,C000891,Home Improvement,South West,16500,48,15.9,2025-10-22,2025-10-25,3,Approved,Low,5148.96
L0000645,C000892,Home Improvement,South West,13500,48,9.9,2026-02-10,2026-02-16,6,Closed,Low,0
L0000646,C000893,Car Finance,South East,25500,60,18.9,2025-11-25,2025-11-28,3,Active,Low,22419.94
L0000647,C000894,Home Improvement,Midlands,20500,36,12.9,2025-05-31,2025-06-06,6,Active,Medium,18537.78
L0000648,C000895,Car Finance,South West,27500,24,12.9,2026-03-22,2026-03-26,4,Active,Low,14434.11
L0000649,C000896,Debt Consolidation,Wales,8000,36,7.9,2025-11-26,2025-12-03,7,Active,Low,4875.5
L0000650,C000897,Debt Consolidation,South East,3500,48,12.9,2025-05-13,2025-05-19,6,Active,Medium,2607.25
L0000651,C000898,Home Improvement,London,13000,24,18.9,2025-10-21,2025-10-26,5,Delinquent,Low,9587.46
L0000652,C000899,Car Finance,South East,25500,60,12.9,2026-01-09,2026-01-12,3,Closed,Low,0
L0000653,C000902,Personal Loan,South East,19500,48,12.9,2026-02-10,2026-02-12,2,Active,Low,10354.6
L0000654,C000904,Personal Loan,London,24500,24,18.9,2025-09-25,2025-10-01,6,Active,Low,22104.82
L0000655,C000906,Home Improvement,Scotland,18500,36,18.9,2025-12-15,2025-12-21,6,Active,Low,17845.12
L0000656,C000907,Home Improvement,South East,20500,36,12.9,2025-12-13,2025-12-16,3,Closed,Low,0
L0000657,C000908,Home Improvement,London,20500,36,9.9,2025-03-16,2025-03-22,6,Active,Low,6123.34
L0000658,C000909,Home Improvement,Midlands,11500,60,18.9,2025-01-19,2025-01-20,1,Delinquent,Medium,11090.94
L0000659,C000911,Personal Loan,Scotland,23500,48,18.9,2026-01-06,2026-01-12,6,Active,Low,5837.22
L0000660,C000913,Car Finance,South West,24000,24,15.9,2025-08-06,2025-08-13,7,Active,High,4617.12
L0000661,C000914,Home Improvement,South West,12000,24,18.9,2026-02-12,2026-02-17,5,Active,Low,4585.39
L0000662,C000915,Home Improvement,South East,11500,60,7.9,2026-01-24,2026-02-01,8,Closed,Low,0
L0000663,C000916,Debt Consolidation,London,17500,24,18.9,2025-05-20,2025-05-24,4,Active,Low,13991.68
L0000664,C000918,Car Finance,South East,11500,60,12.9,2026-02-06,2026-02-10,4,Approved,Medium,6266.29
L0000665,C000919,Car Finance,South West,23500,12,9.9,2025-11-01,2025-11-07,6,Active,Low,3700.19
L0000666,C000920,Debt Consolidation,Wales,24000,12,12.9,2025-10-19,2025-10-23,4,Closed,Medium,0
L0000667,C000921,Home Improvement,South West,9500,12,15.9,2025-09-20,2025-09-23,3,Closed,Medium,0
L0000668,C000923,Personal Loan,Scotland,2000,24,7.9,2025-09-29,2025-10-04,5,Active,High,1633.39
L0000669,C000926,Home Improvement,London,3500,36,12.9,2025-09-01,2025-09-03,2,Active,Low,1813.27
L0000670,C000927,Personal Loan,London,20500,12,9.9,2025-12-13,2025-12-17,4,Active,Low,12861.82
L0000671,C000928,Home Improvement,North West,3000,24,12.9,2025-10-25,2025-11-03,9,Active,Low,1313.21
L0000672,C000929,Car Finance,Scotland,21000,36,18.9,2026-01-08,2026-01-14,6,Closed,Medium,0
L0000673,C000932,Personal Loan,London,14500,36,9.9,2026-05-10,2026-05-16,6,Closed,Medium,0
L0000674,C000935,Car Finance,Wales,15000,12,12.9,2026-05-30,2026-05-31,1,Active,Medium,3355.49
L0000675,C000936,Debt Consolidation,Scotland,13500,24,9.9,2025-04-21,2025-04-27,6,Active,Medium,9711.32
L0000676,C000937,Car Finance,Wales,7500,36,9.9,2025-04-05,2025-04-10,5,Closed,Low,0
L0000677,C000938,Home Improvement,South West,10000,48,18.9,2025-11-10,2025-11-15,5,Approved,Low,3569.37
L0000678,C000940,Debt Consolidation,London,28500,24,18.9,2025-07-06,2025-07-14,8,Closed,Medium,0
L0000679,C000941,Home Improvement,South East,22500,36,15.9,2026-02-13,2026-02-16,3,Active,Medium,9674.53
L0000680,C000942,Debt Consolidation,South West,3500,60,7.9,2025-11-24,2025-11-29,5,Approved,High,3175.64
L0000681,C000943,Debt Consolidation,South East,13000,60,18.9,2025-07-04,2025-07-05,1,Closed,Low,0
L0000682,C000944,Car Finance,Scotland,28000,48,7.9,2025-07-25,2025-08-01,7,Active,Medium,9759.17
L0000683,C000945,Home Improvement,South East,13000,36,18.9,2026-02-28,2026-03-08,8,Active,Low,5529.66
L0000684,C000947,Home Improvement,Midlands,26000,24,7.9,2025-08-24,2025-08-29,5,Approved,Medium,9783.64
L0000685,C000948,Debt Consolidation,Midlands,5000,12,18.9,2025-11-20,2025-11-25,5,Closed,Medium,0
L0000686,C000950,Car Finance,Wales,16000,12,9.9,2026-04-07,2026-04-13,6,Active,Low,2542.41
L0000687,C000951,Car Finance,Wales,4500,48,18.9,2026-04-27,2026-05-01,4,Active,Low,2075.53
L0000688,C000953,Car Finance,Midlands,17500,60,9.9,2025-03-17,2025-03-23,6,Defaulted,Low,6801.26
L0000689,C000954,Car Finance,London,17000,60,12.9,2025-01-13,2025-01-16,3,Closed,Medium,0
L0000690,C000957,Home Improvement,South West,15500,12,18.9,2025-08-14,2025-08-20,6,Approved,Low,13187.14
L0000691,C000958,Home Improvement,Scotland,11500,48,7.9,2026-02-15,2026-02-22,7,Approved,High,5450.83
L0000692,C000960,Home Improvement,South East,10000,60,15.9,2026-05-24,2026-05-29,5,Delinquent,Medium,5642.75
L0000693,C000961,Car Finance,North West,8500,36,9.9,2025-07-13,2025-07-17,4,Active,Low,5203.3
L0000694,C000962,Personal Loan,London,26500,60,15.9,2025-10-11,2025-10-15,4,Active,Low,6476.63
L0000695,C000963,Personal Loan,Scotland,23000,36,9.9,2025-05-09,2025-05-13,4,Active,Low,4761.67
L0000696,C000965,Car Finance,Midlands,8000,24,18.9,2025-09-20,2025-09-26,6,Active,Medium,7109.02
L0000697,C000966,Home Improvement,Midlands,2500,36,9.9,2025-03-11,2025-03-18,7,Approved,Low,1666.14
L0000698,C000967,Car Finance,London,6500,24,18.9,2025-06-23,2025-06-26,3,Active,High,5488.1
L0000699,C000969,Personal Loan,South West,2000,24,9.9,2025-07-01,2025-07-06,5,Active,Low,935.73
L0000700,C000971,Car Finance,Wales,16000,60,7.9,2025-04-30,2025-05-06,6,Approved,Medium,9688.12
L0000701,C000972,Car Finance,Wales,6500,12,18.9,2025-02-13,2025-02-20,7,Closed,Low,0
L0000702,C000973,Personal Loan,South East,19500,12,7.9,2025-04-27,2025-05-01,4,Active,Low,11298.83
L0000703,C000974,Car Finance,Wales,17000,36,7.9,2026-02-09,2026-02-16,7,Delinquent,Low,9418.68
L0000704,C000976,Car Finance,Midlands,27500,24,12.9,2026-04-19,2026-04-23,4,Active,Medium,12030.56
L0000705,C000977,Personal Loan,London,26500,48,18.9,2025-06-20,2025-06-24,4,Active,Low,10005.97
L0000706,C000979,Home Improvement,South East,9500,60,7.9,2025-03-14,2025-03-17,3,Closed,Low,0
L0000707,C000980,Car Finance,South East,12500,12,9.9,2025-11-13,2025-11-21,8,Active,High,9721.71
L0000708,C000982,Debt Consolidation,South East,27000,48,7.9,2026-05-30,2026-06-03,4,Defaulted,High,23849.68
L0000709,C000983,Personal Loan,Wales,18000,12,9.9,2025-04-08,2025-04-13,5,Delinquent,Low,12822.0
L0000710,C000984,Personal Loan,Midlands,11000,60,18.9,2025-03-07,2025-03-11,4,Active,Low,3563.87
L0000711,C000985,Personal Loan,North West,21000,36,15.9,2025-08-26,2025-08-31,5,Active,Low,11675.38
L0000712,C000986,Car Finance,Wales,15000,60,7.9,2026-05-29,2026-05-30,1,Approved,High,12562.33
L0000713,C000987,Personal Loan,Midlands,29000,48,15.9,2025-11-18,2025-11-27,9,Closed,Medium,0
L0000714,C000988,Personal Loan,North West,10500,12,18.9,2025-01-10,2025-01-15,5,Active,Low,10178.16
L0000715,C000990,Home Improvement,South West,26500,12,9.9,2026-04-23,2026-04-28,5,Closed,Medium,0
L0000716,C000993,Personal Loan,Scotland,14500,60,9.9,2025-09-25,2025-10-01,6,Active,Medium,5575.01
L0000717,C000994,Car Finance,Scotland,21000,12,15.9,2026-01-12,2026-01-18,6,Active,Low,7870.25
L0000718,C000995,Debt Consolidation,South West,27000,12,12.9,2025-02-24,2025-03-01,5,Closed,Low,0
L0000719,C000997,Car Finance,Scotland,23000,60,18.9,2025-11-17,2025-11-22,5,Closed,Medium,0
L0000720,C000998,Debt Consolidation,South East,20500,24,12.9,2026-01-15,2026-01-19,4,Active,High,19222.34
L0000721,C000999,Car Finance,Wales,6000,36,9.9,2025-10-29,2025-11-02,4,Active,High,2160.5
L0000722,C001000,Debt Consolidation,North West,6500,36,15.9,2025-08-16,2025-08-23,7,Active,Low,3117.56
L0000723,C001001,Home Improvement,Wales,20000,48,12.9,2025-09-28,2025-10-01,3,Approved,Low,14806.82
L0000724,C001002,Home Improvement,Wales,3000,36,15.9,2025-10-11,2025-10-18,7,Active,Medium,697.25
L0000725,C001003,Debt Consolidation,Wales,20500,36,9.9,2025-12-13,2025-12-19,6,Defaulted,Medium,10601.64
L0000726,C001004,Debt Consolidation,North West,13000,24,7.9,2025-01-27,2025-01-28,1,Active,Low,2656.67
L0000727,C001005,Debt Consolidation,North West,6500,24,7.9,2026-04-29,2026-05-02,3,Active,Low,6066.62
L0000728,C001008,Personal Loan,South West,13000,12,15.9,2026-04-21,2026-04-25,4,Active,Medium,4083.19
L0000729,C001009,Personal Loan,London,6000,48,9.9,2026-02-07,2026-02-08,1,Active,Low,2334.4
L0000730,C001010,Debt Consolidation,North West,3500,48,15.9,2025-03-30,2025-04-04,5,Active,Low,3367.07
L0000731,C001013,Debt Consolidation,London,16000,60,7.9,2025-09-10,2025-09-15,5,Active,Medium,7565.63
L0000732,C001014,Personal Loan,South East,7500,36,15.9,2025-11-09,2025-11-14,5,Active,Low,4737.58
L0000733,C001015,Car Finance,South East,11000,24,15.9,2025-11-13,2025-11-17,4,Closed,Medium,0
L0000734,C001016,Car Finance,North West,13500,24,7.9,2026-06-03,2026-06-08,5,Active,Low,3964.82
L0000735,C001018,Personal Loan,South East,14000,12,12.9,2026-01-24,2026-01-28,4,Closed,High,0
L0000736,C001019,Car Finance,Wales,11000,60,18.9,2025-03-05,2025-03-12,7,Active,Low,6481.78
L0000737,C001021,Debt Consolidation,Wales,9500,24,7.9,2025-02-08,2025-02-13,5,Active,Low,9308.62
L0000738,C001022,Debt Consolidation,Midlands,23000,36,7.9,2026-03-24,2026-03-29,5,Active,Low,9692.83
L0000739,C001024,Personal Loan,Wales,4500,12,9.9,2025-02-19,2025-02-22,3,Closed,Low,0
L0000740,C001025,Debt Consolidation,North West,12500,48,15.9,2026-02-05,2026-02-07,2,Active,Medium,8116.87
L0000741,C001027,Home Improvement,Scotland,7000,12,9.9,2025-10-08,2025-10-14,6,Active,Low,1336.26
L0000742,C001028,Car Finance,Scotland,4000,48,9.9,2026-02-12,2026-02-16,4,Active,Medium,3744.09
L0000743,C001031,Home Improvement,London,20000,12,15.9,2025-09-13,2025-09-19,6,Closed,Medium,0
L0000744,C001032,Personal Loan,Midlands,20000,36,12.9,2025-09-06,2025-09-13,7,Active,High,18752.32
L0000745,C001034,Car Finance,South East,9500,36,9.9,2026-05-28,2026-06-01,4,Approved,Low,8692.93
L0000746,C001035,Home Improvement,Scotland,27500,48,9.9,2025-10-08,2025-10-13,5,Active,Medium,22842.54
L0000747,C001036,Personal Loan,Wales,24500,60,12.9,2026-01-03,2026-01-09,6,Closed,Low,0
L0000748,C001037,Debt Consolidation,South East,28500,24,15.9,2026-01-13,2026-01-17,4,Approved,Low,15739.94
L0000749,C001038,Debt Consolidation,Wales,21500,24,12.9,2025-01-17,2025-01-21,4,Delinquent,Medium,14041.05
L0000750,C001039,Car Finance,Scotland,19000,24,12.9,2026-04-25,2026-04-29,4,Closed,High,0
L0000751,C001040,Debt Consolidation,Scotland,7000,60,15.9,2026-03-14,2026-03-19,5,Active,Low,2274.25
L0000752,C001042,Home Improvement,Wales,10500,36,18.9,2025-06-23,2025-06-26,3,Delinquent,Medium,9326.94
L0000753,C001044,Personal Loan,North West,17500,48,18.9,2025-07-28,2025-08-03,6,Delinquent,Low,3947.63
L0000754,C001045,Debt Consolidation,North West,8000,24,15.9,2025-03-16,2025-03-21,5,Approved,Medium,5707.82
L0000755,C001046,Personal Loan,South East,2000,12,7.9,2025-01-15,2025-01-19,4,Closed,Low,0
L0000756,C001049,Debt Consolidation,South East,23000,60,7.9,2025-09-01,2025-09-04,3,Closed,Low,0
L0000757,C001050,Car Finance,Midlands,5000,12,15.9,2025-01-28,2025-02-01,4,Closed,Medium,0
L0000758,C001051,Home Improvement,North West,21500,60,12.9,2025-02-11,2025-02-16,5,Active,Low,6949.53
L0000759,C001052,Car Finance,South East,24500,12,7.9,2025-12-02,2025-12-06,4,Active,Low,8603.69
L0000760,C001053,Personal Loan,Midlands,29000,48,18.9,2025-07-20,2025-07-25,5,Active,Medium,13108.51
L0000761,C001054,Car Finance,North West,10500,60,12.9,2026-02-07,2026-02-15,8,Active,Low,9872.8
L0000762,C001056,Debt Consolidation,London,26000,12,9.9,2026-04-23,2026-04-27,4,Delinquent,Low,15879.46
L0000763,C001057,Car Finance,South West,7000,36,7.9,2025-01-17,2025-01-24,7,Active,Low,4919.33
L0000764,C001058,Home Improvement,North West,14500,24,9.9,2026-04-10,2026-04-14,4,Active,Low,13888.78
L0000765,C001059,Home Improvement,South West,11000,36,12.9,2025-02-02,2025-02-05,3,Active,Low,3506.91
L0000766,C001060,Home Improvement,North West,14000,24,18.9,2025-11-04,2025-11-11,7,Active,Low,2966.79
L0000767,C001061,Car Finance,South East,28000,12,12.9,2025-02-18,2025-02-23,5,Active,Low,6854.75
L0000768,C001062,Home Improvement,South West,10000,60,18.9,2025-03-23,2025-03-28,5,Active,High,1804.5
L0000769,C001063,Car Finance,London,24000,60,18.9,2026-05-17,2026-05-22,5,Active,Low,13118.98
L0000770,C001064,Car Finance,South East,18500,36,18.9,2025-05-17,2025-05-23,6,Approved,Low,9309.09
L0000771,C001066,Debt Consolidation,Midlands,29000,36,12.9,2025-05-14,2025-05-18,4,Active,Medium,12092.12
L0000772,C001067,Car Finance,London,21500,36,18.9,2025-06-29,2025-07-04,5,Closed,Medium,0
L0000773,C001068,Home Improvement,Wales,15000,60,12.9,2025-05-27,2025-05-31,4,Closed,Medium,0
L0000774,C001070,Personal Loan,South West,3500,60,12.9,2025-08-25,2025-08-30,5,Active,Low,2062.15
L0000775,C001071,Debt Consolidation,Scotland,8000,36,7.9,2025-09-14,2025-09-19,5,Active,Medium,5012.68
L0000776,C001072,Car Finance,London,12000,12,12.9,2025-04-19,2025-04-24,5,Active,Low,6152.32
L0000777,C001074,Personal Loan,North West,16500,48,7.9,2025-07-31,2025-08-06,6,Active,Low,10578.89
L0000778,C001078,Personal Loan,North West,12500,36,15.9,2026-01-10,2026-01-17,7,Delinquent,Low,7084.35
L0000779,C001079,Debt Consolidation,Midlands,24500,12,15.9,2026-05-11,2026-05-16,5,Active,High,5827.38
L0000780,C001080,Car Finance,Scotland,13500,48,15.9,2025-11-29,2025-12-06,7,Active,Low,6670.4
L0000781,C001081,Car Finance,Scotland,22500,48,18.9,2025-05-29,2025-05-31,2,Active,High,14201.53
L0000782,C001083,Home Improvement,London,7500,24,7.9,2025-06-03,2025-06-09,6,Active,Low,3721.94
L0000783,C001084,Debt Consolidation,South West,11500,48,9.9,2026-04-01,2026-04-06,5,Closed,Medium,0
L0000784,C001086,Debt Consolidation,South West,22000,48,15.9,2025-08-03,2025-08-06,3,Active,High,10463.09
L0000785,C001087,Home Improvement,London,23000,60,12.9,2025-06-27,2025-07-02,5,Active,Low,7625.13
L0000786,C001090,Personal Loan,South West,18000,48,18.9,2026-02-17,2026-02-22,5,Active,High,4579.48
L0000787,C001091,Debt Consolidation,Midlands,14500,12,15.9,2025-09-09,2025-09-15,6,Closed,Low,0
L0000788,C001092,Home Improvement,Scotland,19000,60,15.9,2025-09-01,2025-09-05,4,Active,Low,3109.51
L0000789,C001093,Personal Loan,Wales,3000,60,15.9,2026-02-24,2026-02-25,1,Active,Medium,2115.66
L0000790,C001097,Car Finance,Wales,17000,12,12.9,2026-05-16,2026-05-20,4,Active,Low,5389.31
L0000791,C001098,Car Finance,Wales,2000,12,12.9,2025-11-10,2025-11-13,3,Approved,Medium,1575.82
L0000792,C001099,Personal Loan,London,22500,24,12.9,2025-09-17,2025-09-24,7,Approved,Low,4992.0
L0000793,C001100,Debt Consolidation,South West,11000,36,9.9,2026-04-18,2026-04-24,6,Active,Low,3120.66
L0000794,C001101,Debt Consolidation,North West,26000,12,9.9,2025-05-19,2025-05-24,5,Active,Low,15351.77
L0000795,C001102,Car Finance,Wales,14000,36,12.9,2025-06-29,2025-07-04,5,Active,High,5374.56
L0000796,C001103,Car Finance,Scotland,26000,12,7.9,2025-04-17,2025-04-20,3,Active,Low,14179.06
L0000797,C001104,Personal Loan,South East,12000,12,9.9,2026-03-21,2026-03-26,5,Delinquent,Low,4276.3
L0000798,C001105,Debt Consolidation,Scotland,25000,48,18.9,2025-12-12,2025-12-15,3,Delinquent,Low,12100.39
L0000799,C001106,Home Improvement,North West,22000,48,7.9,2025-08-09,2025-08-14,5,Approved,Low,11874.6
L0000800,C001110,Personal Loan,Scotland,3500,24,12.9,2025-01-04,2025-01-11,7,Active,Low,1114.79
L0000801,C001111,Home Improvement,London,3500,60,18.9,2026-01-31,2026-02-05,5,Active,Low,2106.41
L0000802,C001112,Car Finance,Midlands,3500,12,15.9,2025-04-08,2025-04-13,5,Active,Low,1778.6
L0000803,C001114,Personal Loan,London,22000,12,15.9,2025-01-19,2025-01-24,5,Active,High,19898.6
L0000804,C001115,Personal Loan,North West,13000,36,12.9,2025-07-19,2025-07-26,7,Closed,Low,0
L0000805,C001117,Debt Consolidation,South East,13000,36,7.9,2025-11-21,2025-11-28,7,Closed,High,0
L0000806,C001119,Personal Loan,South West,29000,48,15.9,2025-04-24,2025-05-02,8,Active,Medium,27750.6
L0000807,C001120,Personal Loan,Scotland,28000,24,9.9,2026-02-11,2026-02-14,3,Active,Medium,21831.78
L0000808,C001121,Personal Loan,South East,8500,48,15.9,2025-05-09,2025-05-13,4,Active,Low,5608.81
L0000809,C001122,Debt Consolidation,Wales,25000,12,12.9,2026-01-23,2026-01-30,7,Active,Low,3888.61
L0000810,C001123,Personal Loan,Scotland,15000,60,12.9,2026-03-17,2026-03-20,3,Delinquent,Low,4952.0
L0000811,C001124,Car Finance,Midlands,9500,36,7.9,2026-04-25,2026-05-01,6,Closed,Low,0
L0000812,C001126,Personal Loan,South East,17000,24,15.9,2025-12-18,2025-12-24,6,Active,Low,15566.66
L0000813,C001127,Home Improvement,South East,19500,24,18.9,2025-03-10,2025-03-15,5,Active,High,17682.42
L0000814,C001128,Debt Consolidation,Scotland,25500,36,9.9,2025-12-05,2025-12-09,4,Active,Medium,19542.99
L0000815,C001129,Home Improvement,London,10000,12,9.9,2025-01-21,2025-01-24,3,Active,Low,2503.62
L0000816,C001130,Debt Consolidation,Midlands,16500,48,9.9,2026-02-21,2026-03-01,8,Delinquent,Medium,14090.91
L0000817,C001131,Personal Loan,London,22500,12,9.9,2025-06-11,2025-06-16,5,Closed,Low,0
L0000818,C001134,Personal Loan,London,9000,24,18.9,2025-12-09,2025-12-14,5,Closed,Medium,0
L0000819,C001135,Car Finance,South West,2000,36,9.9,2026-05-25,2026-05-29,4,Active,Medium,1776.54
L0000820,C001136,Car Finance,North West,4000,36,7.9,2025-12-21,2025-12-25,4,Active,High,2906.69
L0000821,C001138,Personal Loan,Midlands,5000,36,18.9,2025-01-03,2025-01-08,5,Closed,Medium,0
L0000822,C001139,Debt Consolidation,North West,19500,12,7.9,2025-02-04,2025-02-08,4,Active,Low,8448.52
L0000823,C001140,Home Improvement,Scotland,3500,48,12.9,2025-06-12,2025-06-15,3,Closed,Medium,0
L0000824,C001141,Personal Loan,Scotland,23500,36,15.9,2026-03-04,2026-03-07,3,Closed,Low,0
L0000825,C001142,Debt Consolidation,South East,18500,24,12.9,2025-02-07,2025-02-12,5,Active,Medium,13144.68
L0000826,C001143,Personal Loan,Scotland,12500,48,18.9,2025-12-19,2025-12-27,8,Closed,Low,0
L0000827,C001144,Personal Loan,North West,15500,48,12.9,2026-03-11,2026-03-14,3,Active,Medium,11490.42
L0000828,C001146,Debt Consolidation,South West,17000,48,18.9,2026-04-03,2026-04-08,5,Closed,Medium,0
L0000829,C001147,Debt Consolidation,London,18500,36,15.9,2025-10-16,2025-10-22,6,Active,Medium,11718.3
L0000830,C001149,Personal Loan,South West,22500,48,18.9,2026-04-01,2026-04-06,5,Approved,Low,13082.59
L0000831,C001150,Personal Loan,Scotland,2500,12,18.9,2025-05-19,2025-05-24,5,Closed,Low,0
L0000832,C001151,Debt Consolidation,London,18000,48,9.9,2025-12-28,2026-01-01,4,Active,Low,9927.54
L0000833,C001154,Car Finance,South West,19000,48,12.9,2025-12-09,2025-12-16,7,Active,Low,12300.42
L0000834,C001155,Car Finance,Midlands,24500,24,12.9,2026-01-16,2026-01-22,6,Active,High,18471.7
L0000835,C001157,Personal Loan,Wales,4000,60,12.9,2025-11-23,2025-11-24,1,Active,Low,804.73
L0000836,C001158,Car Finance,Scotland,17000,12,9.9,2025-02-07,2025-02-15,8,Closed,High,0
L0000837,C001159,Car Finance,Scotland,9500,48,18.9,2025-03-07,2025-03-13,6,Active,Medium,2084.12
L0000838,C001160,Debt Consolidation,South West,23000,12,15.9,2026-05-18,2026-05-22,4,Active,Medium,18106.9
L0000839,C001165,Home Improvement,Scotland,19000,48,12.9,2025-02-20,2025-02-24,4,Delinquent,Low,14680.15
L0000840,C001166,Personal Loan,North West,27500,36,12.9,2026-05-19,2026-05-25,6,Active,Low,17552.31
L0000841,C001168,Car Finance,North West,18000,12,18.9,2025-06-24,2025-06-30,6,Active,Low,7035.14
L0000842,C001169,Debt Consolidation,South West,10500,36,18.9,2025-03-19,2025-03-23,4,Active,Low,10085.26
L0000843,C001170,Debt Consolidation,North West,18000,60,12.9,2025-11-03,2025-11-11,8,Active,Low,4391.68
L0000844,C001171,Car Finance,Midlands,10500,60,15.9,2026-06-04,2026-06-07,3,Active,Medium,9439.98
L0000845,C001173,Car Finance,South West,8000,60,9.9,2025-05-18,2025-05-23,5,Active,High,3432.6
L0000846,C001175,Car Finance,Wales,29500,48,15.9,2025-09-11,2025-09-19,8,Active,Low,20520.13
L0000847,C001176,Home Improvement,Midlands,16000,60,9.9,2025-01-18,2025-01-22,4,Active,Low,4361.67
L0000848,C001179,Car Finance,Midlands,19500,12,18.9,2025-11-20,2025-11-23,3,Closed,High,0
L0000849,C001182,Debt Consolidation,South West,16000,24,7.9,2026-03-02,2026-03-07,5,Active,Low,9741.06
L0000850,C001184,Home Improvement,North West,17000,24,12.9,2026-03-29,2026-04-01,3,Defaulted,High,3101.69
L0000851,C001185,Home Improvement,Scotland,15500,12,9.9,2026-01-27,2026-02-01,5,Active,Medium,2904.42
L0000852,C001188,Car Finance,Scotland,8500,60,9.9,2026-02-08,2026-02-13,5,Active,Medium,2263.44
L0000853,C001189,Personal Loan,South West,3500,60,18.9,2026-03-25,2026-03-28,3,Active,Low,3291.75
L0000854,C001190,Car Finance,South East,16000,48,18.9,2025-05-11,2025-05-16,5,Active,Low,4687.02
L0000855,C001191,Car Finance,Wales,28500,24,15.9,2025-04-28,2025-05-02,4,Active,Medium,7469.3
L0000856,C001192,Home Improvement,Midlands,15500,12,9.9,2025-06-24,2025-06-28,4,Active,High,4318.08
L0000857,C001193,Personal Loan,South West,6000,36,9.9,2025-10-07,2025-10-13,6,Active,Medium,3442.56
L0000858,C001194,Debt Consolidation,North West,17500,60,7.9,2025-08-05,2025-08-09,4,Closed,Low,0
L0000859,C001196,Debt Consolidation,South West,26000,36,18.9,2026-04-14,2026-04-17,3,Active,Medium,20891.34
L0000860,C001197,Home Improvement,South West,29500,60,9.9,2025-05-03,2025-05-04,1,Active,Low,27809.06
L0000861,C001198,Home Improvement,Midlands,6000,60,18.9,2026-02-09,2026-02-16,7,Approved,Low,1816.0
L0000862,C001199,Debt Consolidation,Midlands,7500,24,18.9,2025-08-01,2025-08-07,6,Active,Medium,7126.34
L0000863,C001200,Car Finance,Scotland,13500,36,7.9,2025-12-25,2025-12-29,4,Active,Low,6068.55
L0000864,C001201,Personal Loan,South West,5500,12,7.9,2025-01-19,2025-01-27,8,Active,Medium,1238.75
L0000865,C001202,Debt Consolidation,Scotland,14500,24,9.9,2026-01-31,2026-02-05,5,Active,Low,4465.28
L0000866,C001203,Car Finance,North West,9500,12,9.9,2025-04-23,2025-04-28,5,Closed,High,0
L0000867,C001204,Personal Loan,London,24000,36,9.9,2026-05-21,2026-05-25,4,Active,Low,11588.8
L0000868,C001205,Debt Consolidation,South West,11500,48,15.9,2026-01-09,2026-01-14,5,Active,Low,5959.82
L0000869,C001206,Home Improvement,South West,9500,36,15.9,2025-01-31,2025-02-04,4,Closed,Medium,0
L0000870,C001208,Home Improvement,South East,6500,12,15.9,2025-11-23,2025-11-27,4,Active,Low,2727.04
L0000871,C001211,Home Improvement,London,3500,12,18.9,2026-01-20,2026-01-26,6,Defaulted,Low,834.32
L0000872,C001214,Personal Loan,London,27500,36,7.9,2026-05-11,2026-05-14,3,Active,Low,22274.59
L0000873,C001215,Personal Loan,South West,25000,36,7.9,2025-12-02,2025-12-05,3,Active,Low,14760.73
L0000874,C001216,Debt Consolidation,North West,16500,60,12.9,2025-05-01,2025-05-05,4,Approved,Medium,13136.65
L0000875,C001217,Home Improvement,South East,10500,24,15.9,2025-07-14,2025-07-18,4,Active,Medium,7244.61
L0000876,C001218,Car Finance,Scotland,17500,24,15.9,2025-07-06,2025-07-09,3,Approved,Low,4788.67
L0000877,C001220,Home Improvement,Midlands,24500,48,7.9,2025-11-26,2025-12-03,7,Closed,High,0
L0000878,C001221,Debt Consolidation,North West,18500,12,18.9,2025-02-25,2025-03-01,4,Defaulted,Medium,9629.06
L0000879,C001222,Home Improvement,London,16000,48,7.9,2025-02-01,2025-02-09,8,Delinquent,Low,11032.16
L0000880,C001223,Car Finance,North West,14000,48,15.9,2025-01-17,2025-01-22,5,Closed,Medium,0
L0000881,C001224,Home Improvement,London,27500,12,15.9,2025-05-28,2025-06-02,5,Defaulted,Low,7023.29
L0000882,C001227,Personal Loan,South West,12000,36,7.9,2025-08-28,2025-09-03,6,Delinquent,High,7460.97
L0000883,C001228,Debt Consolidation,Midlands,24000,36,15.9,2026-01-14,2026-01-15,1,Active,High,4566.18
L0000884,C001230,Home Improvement,North West,3000,12,12.9,2025-10-28,2025-11-02,5,Closed,Low,0
L0000885,C001231,Personal Loan,London,13500,60,12.9,2025-05-01,2025-05-05,4,Active,Low,6946.15
L0000886,C001232,Home Improvement,Scotland,13500,36,15.9,2025-06-16,2025-06-20,4,Active,Medium,12340.66
L0000887,C001233,Home Improvement,Midlands,26500,60,15.9,2025-06-10,2025-06-15,5,Active,Medium,24110.29
L0000888,C001234,Car Finance,Scotland,5500,48,9.9,2026-04-11,2026-04-14,3,Closed,Low,0
L0000889,C001235,Car Finance,South West,22000,36,15.9,2025-01-27,2025-02-01,5,Delinquent,Medium,12154.94
L0000890,C001236,Home Improvement,South East,25500,60,12.9,2025-10-01,2025-10-05,4,Active,Low,18841.96
L0000891,C001237,Debt Consolidation,London,19500,48,7.9,2026-06-04,2026-06-11,7,Defaulted,Low,14827.14
L0000892,C001238,Car Finance,Midlands,23500,60,12.9,2026-04-24,2026-04-28,4,Active,Low,5595.86
L0000893,C001239,Debt Consolidation,London,13000,48,18.9,2025-03-17,2025-03-21,4,Approved,High,4196.04
L0000894,C001240,Personal Loan,Scotland,20000,24,12.9,2026-03-19,2026-03-24,5,Approved,Low,12166.53
L0000895,C001241,Debt Consolidation,North West,7000,60,18.9,2025-10-21,2025-10-26,5,Closed,Medium,0
L0000896,C001242,Home Improvement,Scotland,25000,60,18.9,2025-09-04,2025-09-10,6,Active,Medium,21607.75
L0000897,C001244,Home Improvement,South East,29500,60,15.9,2026-01-22,2026-01-26,4,Active,Low,16326.59
L0000898,C001245,Debt Consolidation,Midlands,9500,24,15.9,2025-10-14,2025-10-22,8,Active,Low,4755.1
L0000899,C001246,Debt Consolidation,North West,4500,48,12.9,2025-07-15,2025-07-20,5,Active,High,700.44
L0000900,C001247,Home Improvement,London,3500,24,12.9,2026-02-17,2026-02-22,5,Closed,Low,0
L0000901,C001248,Car Finance,South East,26000,12,15.9,2025-09-25,2025-09-29,4,Closed,Medium,0
L0000902,C001250,Home Improvement,Wales,10000,36,12.9,2025-02-17,2025-02-21,4,Active,Medium,9020.94
L0000903,C001251,Car Finance,Scotland,9000,48,12.9,2025-09-29,2025-10-03,4,Delinquent,Medium,4274.01
L0000904,C001252,Car Finance,South East,13500,36,15.9,2025-10-18,2025-10-22,4,Active,Low,12344.55
L0000905,C001254,Personal Loan,London,27000,12,18.9,2025-10-15,2025-10-20,5,Closed,Low,0
L0000906,C001256,Car Finance,North West,29000,48,9.9,2025-03-13,2025-03-17,4,Closed,High,0
L0000907,C001257,Home Improvement,Scotland,26000,12,7.9,2025-05-01,2025-05-05,4,Active,High,15019.62
L0000908,C001258,Car Finance,Midlands,25500,60,9.9,2025-11-19,2025-11-23,4,Active,High,4137.32
L0000909,C001259,Personal Loan,South East,12000,36,7.9,2025-03-16,2025-03-22,6,Active,Medium,2715.04
L0000910,C001261,Personal Loan,South West,23500,36,9.9,2025-06-04,2025-06-10,6,Closed,Medium,0
L0000911,C001262,Home Improvement,Midlands,20000,24,15.9,2025-03-13,2025-03-17,4,Active,Medium,6445.53
L0000912,C001263,Personal Loan,South East,21500,24,15.9,2025-01-28,2025-02-03,6,Active,Low,3657.76
L0000913,C001266,Debt Consolidation,North West,29000,12,18.9,2025-07-14,2025-07-18,4,Closed,Low,0
L0000914,C001267,Debt Consolidation,North West,29000,60,18.9,2026-02-13,2026-02-18,5,Active,High,16056.29
L0000915,C001268,Debt Consolidation,South East,21000,48,7.9,2026-04-13,2026-04-18,5,Active,Low,7758.56
L0000916,C001270,Home Improvement,Wales,12000,60,18.9,2025-02-27,2025-03-04,5,Active,Low,4016.8
L0000917,C001272,Personal Loan,South West,9500,48,9.9,2025-04-11,2025-04-16,5,Active,Medium,8054.17
L0000918,C001274,Debt Consolidation,South West,18000,36,15.9,2026-05-13,2026-05-17,4,Active,High,7422.47
L0000919,C001276,Debt Consolidation,North West,16000,24,18.9,2025-06-17,2025-06-20,3,Active,Medium,10582.45
L0000920,C001277,Debt Consolidation,Scotland,8000,48,7.9,2025-11-16,2025-11-22,6,Closed,Low,0
L0000921,C001279,Home Improvement,South West,21000,12,15.9,2025-02-18,2025-02-21,3,Approved,Medium,8534.23
L0000922,C001281,Car Finance,Wales,7500,24,12.9,2025-11-19,2025-11-26,7,Approved,High,5398.58
L0000923,C001282,Car Finance,Midlands,13000,12,7.9,2025-05-31,2025-06-04,4,Defaulted,Low,11749.0
L0000924,C001284,Debt Consolidation,South West,23500,36,12.9,2025-03-13,2025-03-18,5,Active,High,18401.47
L0000925,C001285,Personal Loan,London,6500,60,9.9,2026-05-08,2026-05-12,4,Active,Medium,3187.34
L0000926,C001286,Debt Consolidation,South East,22000,36,9.9,2026-01-24,2026-01-28,4,Active,Low,11036.23
L0000927,C001290,Personal Loan,North West,8500,12,9.9,2026-04-29,2026-05-03,4,Active,Medium,2562.45
L0000928,C001293,Car Finance,North West,12500,48,9.9,2026-03-14,2026-03-19,5,Active,High,8166.07
L0000929,C001294,Debt Consolidation,London,18000,36,15.9,2025-08-18,2025-08-26,8,Active,Low,8672.57
L0000930,C001295,Personal Loan,London,6500,12,7.9,2025-02-21,2025-02-25,4,Closed,Medium,0
L0000931,C001297,Personal Loan,North West,7500,48,18.9,2025-07-11,2025-07-15,4,Active,Low,5774.21
L0000932,C001298,Personal Loan,South East,20000,24,15.9,2025-01-07,2025-01-10,3,Active,Medium,17007.02
L0000933,C001300,Home Improvement,Wales,27500,48,15.9,2026-02-22,2026-02-26,4,Delinquent,Low,5371.07
L0000934,C001304,Car Finance,South East,8000,24,18.9,2026-04-14,2026-04-16,2,Approved,Low,7668.37
L0000935,C001307,Personal Loan,South West,9000,12,12.9,2026-04-19,2026-04-25,6,Active,Medium,8453.52
L0000936,C001308,Home Improvement,South West,23500,24,7.9,2026-03-18,2026-03-26,8,Approved,High,11569.03
L0000937,C001310,Debt Consolidation,Midlands,19000,60,12.9,2026-05-17,2026-05-21,4,Active,High,6886.57
L0000938,C001311,Home Improvement,Scotland,22500,24,15.9,2025-05-02,2025-05-05,3,Active,Medium,4419.62
L0000939,C001312,Car Finance,Midlands,12500,12,18.9,2025-03-08,2025-03-13,5,Delinquent,High,7682.14
L0000940,C001314,Home Improvement,Wales,12500,60,12.9,2025-01-31,2025-02-03,3,Active,Medium,12238.89
L0000941,C001315,Car Finance,North West,7500,36,7.9,2025-08-05,2025-08-10,5,Active,Low,2571.72
L0000942,C001316,Home Improvement,South East,5500,12,12.9,2025-01-05,2025-01-10,5,Approved,Low,3003.82
L0000943,C001317,Home Improvement,Scotland,6500,36,9.9,2025-08-14,2025-08-19,5,Closed,Low,0
L0000944,C001319,Debt Consolidation,South West,7500,36,12.9,2026-01-24,2026-01-30,6,Active,Low,4713.96
L0000945,C001322,Debt Consolidation,South East,2000,60,7.9,2026-04-29,2026-05-05,6,Closed,High,0
L0000946,C001323,Personal Loan,South West,20500,60,15.9,2025-05-15,2025-05-18,3,Active,Medium,10690.37
L0000947,C001324,Home Improvement,London,27000,12,7.9,2026-05-23,2026-05-28,5,Approved,Medium,12489.69
L0000948,C001326,Personal Loan,Midlands,21000,24,9.9,2025-10-17,2025-10-24,7,Closed,Low,0
L0000949,C001327,Personal Loan,South West,18000,36,9.9,2026-01-20,2026-01-26,6,Closed,Low,0
L0000950,C001329,Personal Loan,Midlands,18500,60,18.9,2025-11-19,2025-11-24,5,Active,Low,10960.17
L0000951,C001330,Debt Consolidation,Midlands,26000,36,7.9,2025-07-05,2025-07-10,5,Active,Low,15622.66
L0000952,C001332,Personal Loan,London,13500,12,18.9,2025-10-17,2025-10-25,8,Delinquent,Low,6886.91
L0000953,C001333,Personal Loan,North West,8000,12,18.9,2026-03-30,2026-04-05,6,Active,Medium,4372.32
L0000954,C001334,Home Improvement,Wales,15500,60,9.9,2025-11-14,2025-11-16,2,Approved,Low,7359.44
L0000955,C001335,Personal Loan,South East,6000,24,9.9,2025-01-22,2025-01-28,6,Active,Low,2921.72
L0000956,C001336,Debt Consolidation,South West,14000,36,7.9,2026-05-15,2026-05-20,5,Active,Low,10496.41
L0000957,C001337,Personal Loan,South East,16000,12,9.9,2025-11-01,2025-11-07,6,Active,Low,8933.55
L0000958,C001338,Home Improvement,South West,16000,60,7.9,2025-09-11,2025-09-14,3,Active,Medium,9763.33
L0000959,C001339,Car Finance,North West,11000,48,12.9,2026-01-27,2026-01-31,4,Defaulted,Low,4021.18
L0000960,C001341,Car Finance,North West,6500,12,9.9,2025-12-08,2025-12-10,2,Active,Medium,2794.99
L0000961,C001342,Personal Loan,South East,27000,48,18.9,2026-04-21,2026-04-27,6,Active,Medium,20509.13
L0000962,C001343,Home Improvement,South East,24500,48,9.9,2025-06-18,2025-06-25,7,Active,Low,22947.91
L0000963,C001344,Personal Loan,North West,15500,24,15.9,2025-09-01,2025-09-06,5,Active,Low,3191.88
L0000964,C001345,Home Improvement,South West,25000,36,12.9,2025-08-23,2025-08-30,7,Active,Medium,23083.61
L0000965,C001347,Car Finance,London,15500,12,15.9,2025-06-24,2025-06-30,6,Active,Low,5123.52
L0000966,C001348,Car Finance,Wales,19500,12,9.9,2026-02-21,2026-02-28,7,Closed,Medium,0
L0000967,C001349,Debt Consolidation,South West,2000,24,18.9,2026-02-18,2026-02-21,3,Active,Low,986.64
L0000968,C001350,Home Improvement,Wales,15500,60,12.9,2025-10-08,2025-10-13,5,Active,Low,5478.04
L0000969,C001351,Car Finance,London,18000,36,15.9,2025-11-11,2025-11-17,6,Active,Low,13197.38
L0000970,C001352,Debt Consolidation,South East,15000,12,18.9,2026-01-16,2026-01-24,8,Active,Medium,6516.04
L0000971,C001353,Home Improvement,South West,17500,12,9.9,2026-02-04,2026-02-10,6,Active,Low,14092.24
L0000972,C001354,Personal Loan,Wales,21500,60,15.9,2025-04-15,2025-04-21,6,Delinquent,Medium,18689.94
L0000973,C001355,Car Finance,North West,5500,12,18.9,2025-10-18,2025-10-21,3,Closed,High,0
L0000974,C001356,Debt Consolidation,Wales,15000,12,12.9,2025-07-04,2025-07-10,6,Active,Low,12370.24
L0000975,C001360,Home Improvement,Scotland,7000,60,9.9,2025-06-18,2025-06-24,6,Closed,Medium,0
L0000976,C001361,Debt Consolidation,Wales,14000,48,18.9,2026-05-10,2026-05-13,3,Active,Low,10738.1
L0000977,C001362,Car Finance,Midlands,28500,60,15.9,2026-01-22,2026-01-26,4,Active,Medium,13426.69
L0000978,C001363,Car Finance,South East,4000,12,18.9,2026-02-26,2026-03-04,6,Active,Low,3346.35
L0000979,C001364,Car Finance,Scotland,12000,48,15.9,2025-06-27,2025-07-04,7,Defaulted,Medium,8688.47
L0000980,C001365,Car Finance,London,2000,24,9.9,2025-09-05,2025-09-07,2,Closed,Low,0
L0000981,C001367,Debt Consolidation,North West,10500,24,12.9,2025-11-01,2025-11-08,7,Active,Low,2524.39
L0000982,C001369,Car Finance,South West,18000,36,9.9,2025-12-01,2025-12-05,4,Active,Medium,17282.34
L0000983,C001370,Car Finance,Midlands,9000,60,12.9,2025-03-05,2025-03-10,5,Approved,Low,3294.51
L0000984,C001371,Home Improvement,London,29000,12,9.9,2025-12-08,2025-12-11,3,Closed,Low,0
L0000985,C001372,Car Finance,Wales,4000,24,7.9,2025-12-26,2025-12-31,5,Approved,Medium,960.72
L0000986,C001374,Personal Loan,North West,3500,48,18.9,2025-12-30,2026-01-04,5,Active,Low,3082.9
L0000987,C001375,Personal Loan,Scotland,28500,24,18.9,2025-08-13,2025-08-18,5,Active,Medium,4972.45
L0000988,C001376,Car Finance,North West,28500,48,12.9,2025-01-19,2025-01-26,7,Active,Low,7997.47
L0000989,C001377,Home Improvement,North West,17500,24,18.9,2026-05-07,2026-05-12,5,Approved,High,14603.68
L0000990,C001381,Debt Consolidation,Scotland,4000,48,7.9,2025-01-06,2025-01-12,6,Approved,Low,1192.53
L0000991,C001383,Personal Loan,North West,4000,36,7.9,2025-06-18,2025-06-22,4,Active,Medium,2272.56
L0000992,C001384,Debt Consolidation,South West,16500,36,15.9,2026-01-15,2026-01-20,5,Approved,Medium,13507.09
L0000993,C001385,Debt Consolidation,Midlands,19000,12,12.9,2025-02-14,2025-02-18,4,Active,Low,3241.17
L0000994,C001386,Debt Consolidation,Scotland,4500,48,9.9,2025-06-17,2025-06-23,6,Defaulted,Low,3234.06
L0000995,C001387,Home Improvement,South West,10500,48,12.9,2026-03-20,2026-03-26,6,Active,Medium,5302.68
L0000996,C001388,Debt Consolidation,North West,4500,48,15.9,2026-01-18,2026-01-24,6,Active,Low,4313.5
L0000997,C001389,Personal Loan,Wales,12000,48,15.9,2025-03-31,2025-04-08,8,Delinquent,Low,11464.99
L0000998,C001390,Home Improvement,South East,6000,48,18.9,2025-07-25,2025-07-31,6,Active,Low,3502.01
L0000999,C001392,Car Finance,Midlands,26000,12,15.9,2025-12-06,2025-12-10,4,Active,Low,6151.06
L0001000,C001393,Debt Consolidation,London,3000,48,18.9,2026-03-23,2026-03-28,5,Closed,Low,0
L0001001,C001395,Personal Loan,Scotland,6000,48,15.9,2025-04-12,2025-04-20,8,Defaulted,Low,5454.35
L0001002,C001396,Debt Consolidation,London,6000,60,7.9,2026-04-09,2026-04-15,6,Delinquent,Low,3639.68
L0001003,C001398,Debt Consolidation,Scotland,24000,24,7.9,2025-01-08,2025-01-17,9,Active,High,14479.4
L0001004,C001399,Home Improvement,London,14000,48,9.9,2026-04-24,2026-04-29,5,Active,Low,2902.88
L0001005,C001401,Debt Consolidation,Wales,22500,36,18.9,2026-05-15,2026-05-19,4,Active,Low,17778.06
L0001006,C001402,Home Improvement,Wales,21500,12,12.9,2026-06-05,2026-06-12,7,Active,Medium,19680.55
L0001007,C001403,Home Improvement,South East,27500,12,7.9,2026-04-13,2026-04-16,3,Closed,Low,0
L0001008,C001405,Home Improvement,South West,14500,48,9.9,2025-02-10,2025-02-14,4,Active,Low,11575.56
L0001009,C001406,Debt Consolidation,London,18000,12,12.9,2025-03-24,2025-03-30,6,Approved,Low,5609.65
L0001010,C001408,Car Finance,Wales,23000,48,12.9,2025-06-21,2025-06-25,4,Closed,Low,0
L0001011,C001409,Home Improvement,Scotland,11000,36,15.9,2026-06-05,2026-06-13,8,Closed,High,0
L0001012,C001410,Debt Consolidation,Wales,24000,48,12.9,2026-03-29,2026-04-03,5,Delinquent,Low,11150.05
L0001013,C001412,Home Improvement,North West,18500,12,18.9,2025-11-20,2025-11-25,5,Approved,Low,5271.17
L0001014,C001413,Home Improvement,South West,5000,60,9.9,2025-08-03,2025-08-09,6,Active,Medium,1202.82
L0001015,C001414,Debt Consolidation,London,6500,24,7.9,2025-02-26,2025-03-01,3,Delinquent,Low,3805.56
L0001016,C001415,Home Improvement,London,13500,12,12.9,2026-06-04,2026-06-09,5,Closed,High,0
L0001017,C001418,Debt Consolidation,Wales,13500,36,15.9,2025-12-09,2025-12-14,5,Active,Low,8261.07
L0001018,C001419,Personal Loan,Scotland,18500,60,18.9,2025-11-27,2025-12-03,6,Approved,Medium,12687.05
L0001019,C001420,Debt Consolidation,South West,28500,24,18.9,2025-02-20,2025-02-24,4,Active,Low,17374.49
L0001020,C001422,Car Finance,Scotland,21000,36,15.9,2025-06-15,2025-06-20,5,Active,Medium,20535.06
L0001021,C001423,Car Finance,North West,11000,36,18.9,2025-05-30,2025-06-03,4,Closed,Low,0
L0001022,C001424,Personal Loan,South West,26500,60,12.9,2025-01-29,2025-02-01,3,Delinquent,Low,23274.45
L0001023,C001425,Debt Consolidation,South East,29500,36,7.9,2025-08-21,2025-08-25,4,Closed,Low,0
L0001024,C001426,Car Finance,North West,18000,24,12.9,2025-03-02,2025-03-10,8,Closed,Low,0
L0001025,C001427,Car Finance,North West,7000,60,7.9,2025-12-25,2025-12-30,5,Active,Low,6101.44
L0001026,C001428,Home Improvement,North West,27000,12,7.9,2025-04-16,2025-04-22,6,Delinquent,Medium,12007.49
L0001027,C001429,Home Improvement,South West,17000,12,9.9,2025-11-06,2025-11-12,6,Active,Medium,14436.12
L0001028,C001430,Home Improvement,Wales,19000,24,7.9,2026-02-26,2026-03-06,8,Approved,Medium,6646.95
L0001029,C001431,Home Improvement,Midlands,25000,12,7.9,2025-02-10,2025-02-16,6,Closed,Low,0
L0001030,C001432,Home Improvement,South West,2500,48,12.9,2025-08-01,2025-08-07,6,Active,Low,552.62
L0001031,C001433,Car Finance,London,19000,48,7.9,2025-08-24,2025-08-30,6,Active,Medium,5596.6
L0001032,C001434,Debt Consolidation,Wales,23500,60,9.9,2026-03-15,2026-03-21,6,Active,Medium,19374.11
L0001033,C001435,Car Finance,South East,6500,48,15.9,2025-02-15,2025-02-20,5,Active,Low,4348.77
L0001034,C001436,Personal Loan,London,16500,60,7.9,2026-04-12,2026-04-18,6,Active,Low,9468.77
L0001035,C001438,Home Improvement,North West,20500,48,7.9,2026-03-05,2026-03-13,8,Active,Low,3103.0
L0001036,C001443,Debt Consolidation,Wales,20500,60,12.9,2025-03-21,2025-03-25,4,Closed,Low,0
L0001037,C001445,Debt Consolidation,North West,21500,60,9.9,2025-11-14,2025-11-17,3,Approved,Low,5615.02
L0001038,C001448,Car Finance,North West,11000,24,18.9,2026-05-21,2026-05-27,6,Delinquent,Medium,1659.49
L0001039,C001449,Car Finance,Scotland,27500,12,18.9,2025-05-27,2025-06-02,6,Delinquent,Medium,4344.78
L0001040,C001450,Personal Loan,Wales,10500,12,9.9,2025-12-15,2025-12-21,6,Closed,High,0
L0001041,C001451,Personal Loan,South West,23000,48,9.9,2025-08-18,2025-08-21,3,Active,Low,13225.81
L0001042,C001453,Debt Consolidation,South West,11000,48,7.9,2025-07-27,2025-08-02,6,Active,High,2666.73
L0001043,C001454,Home Improvement,Midlands,6000,36,15.9,2025-11-14,2025-11-18,4,Active,Low,2147.7
L0001044,C001455,Debt Consolidation,North West,27000,36,9.9,2026-02-19,2026-02-25,6,Active,Medium,23452.3
L0001045,C001456,Home Improvement,Scotland,9500,36,12.9,2025-08-20,2025-08-27,7,Active,Low,4161.59
L0001046,C001457,Car Finance,Midlands,4000,36,9.9,2026-02-03,2026-02-09,6,Defaulted,Low,1532.39
L0001047,C001459,Car Finance,London,26000,48,7.9,2025-03-03,2025-03-08,5,Active,Low,18352.1
L0001048,C001460,Debt Consolidation,Wales,21000,48,9.9,2025-12-04,2025-12-12,8,Active,High,14058.93
L0001049,C001461,Debt Consolidation,Wales,2000,24,12.9,2025-09-22,2025-09-23,1,Closed,Low,0
L0001050,C001464,Home Improvement,North West,3500,36,9.9,2026-04-02,2026-04-05,3,Active,Low,3153.15
L0001051,C001465,Car Finance,London,14500,24,12.9,2026-04-08,2026-04-14,6,Active,Low,11865.77
L0001052,C001466,Car Finance,Scotland,11500,48,18.9,2025-06-23,2025-06-28,5,Closed,Medium,0
L0001053,C001468,Home Improvement,Scotland,3000,48,7.9,2026-03-27,2026-03-31,4,Approved,Medium,1596.03
L0001054,C001469,Home Improvement,London,29000,24,7.9,2025-07-10,2025-07-16,6,Active,Medium,6377.78
L0001055,C001471,Debt Consolidation,Midlands,9000,12,15.9,2025-02-13,2025-02-20,7,Approved,Low,4111.59
L0001056,C001472,Personal Loan,Scotland,6500,60,18.9,2025-10-29,2025-11-03,5,Closed,Medium,0
L0001057,C001473,Personal Loan,Midlands,8500,60,9.9,2025-01-19,2025-01-24,5,Active,Medium,2014.75
L0001058,C001475,Debt Consolidation,North West,15000,12,12.9,2025-09-04,2025-09-07,3,Active,Medium,4562.77
L0001059,C001476,Home Improvement,Scotland,17500,48,12.9,2025-03-09,2025-03-16,7,Active,Low,16834.37
L0001060,C001477,Car Finance,North West,22000,24,12.9,2026-01-08,2026-01-12,4,Delinquent,High,7090.3
L0001061,C001478,Personal Loan,South West,11500,60,18.9,2025-06-26,2025-07-01,5,Delinquent,Low,9973.34
L0001062,C001479,Personal Loan,London,24000,48,15.9,2025-03-17,2025-03-20,3,Active,Low,16039.45
L0001063,C001481,Home Improvement,North West,2500,24,15.9,2026-05-05,2026-05-07,2,Active,Low,2381.86
L0001064,C001482,Home Improvement,Wales,3000,12,7.9,2026-05-22,2026-05-27,5,Delinquent,Medium,1208.01
L0001065,C001484,Car Finance,North West,10500,12,9.9,2025-10-06,2025-10-10,4,Closed,Medium,0
L0001066,C001486,Car Finance,London,25500,36,9.9,2026-02-20,2026-02-23,3,Delinquent,Low,21039.95
L0001067,C001487,Personal Loan,South West,14500,24,9.9,2025-10-16,2025-10-21,5,Active,Medium,5951.37
L0001068,C001488,Debt Consolidation,North West,26500,60,15.9,2025-09-28,2025-10-03,5,Delinquent,Low,16435.71
L0001069,C001489,Personal Loan,South West,11000,24,15.9,2025-03-27,2025-03-31,4,Closed,Medium,0
L0001070,C001490,Home Improvement,London,17500,36,7.9,2025-10-17,2025-10-20,3,Approved,Medium,11848.34
L0001071,C001491,Personal Loan,South East,5500,36,15.9,2025-04-23,2025-04-26,3,Active,Low,4995.15
L0001072,C001492,Personal Loan,South East,18500,36,12.9,2026-05-25,2026-05-29,4,Active,Low,5172.66
L0001073,C001493,Home Improvement,London,28000,48,15.9,2025-10-30,2025-11-04,5,Defaulted,Medium,12912.62
L0001074,C001495,Home Improvement,South East,22000,24,18.9,2025-04-22,2025-04-29,7,Approved,Low,10273.45
L0001075,C001496,Personal Loan,North West,18000,24,9.9,2025-06-08,2025-06-14,6,Active,Low,8950.73
L0001076,C001498,Personal Loan,London,27000,24,7.9,2025-07-19,2025-07-24,5,Active,Medium,13517.66
L0001077,C001499,Personal Loan,North West,3000,60,18.9,2025-06-24,2025-06-28,4,Active,Medium,2809.63
L0001078,C001500,Personal Loan,South West,8500,60,18.9,2026-04-07,2026-04-13,6,Active,Low,1724.69
L0001079,C001502,Personal Loan,London,6000,48,18.9,2025-11-15,2025-11-20,5,Active,Low,1558.73
L0001080,C001503,Home Improvement,Wales,26500,36,15.9,2025-10-02,2025-10-09,7,Active,Medium,23161.78
L0001081,C001504,Debt Consolidation,South West,14500,60,12.9,2025-03-21,2025-03-28,7,Active,Medium,13295.98
L0001082,C001506,Debt Consolidation,Wales,14500,12,12.9,2025-08-12,2025-08-16,4,Closed,High,0
L0001083,C001507,Debt Consolidation,North West,10000,24,7.9,2025-03-31,2025-04-05,5,Active,Low,5640.22
L0001084,C001508,Debt Consolidation,London,25000,24,15.9,2025-09-10,2025-09-17,7,Closed,Medium,0
L0001085,C001509,Home Improvement,South West,26500,36,12.9,2025-10-03,2025-10-08,5,Active,Low,6968.21
L0001086,C001510,Car Finance,London,12500,12,15.9,2026-02-09,2026-02-13,4,Active,Low,3674.96
L0001087,C001511,Car Finance,Scotland,14500,36,12.9,2025-09-27,2025-10-04,7,Delinquent,Medium,9158.89
L0001088,C001512,Home Improvement,South West,25500,36,9.9,2025-01-05,2025-01-08,3,Delinquent,Low,24436.22
L0001089,C001513,Home Improvement,Wales,8500,12,15.9,2026-03-31,2026-04-05,5,Active,Medium,5087.87
L0001090,C001514,Car Finance,South East,12000,36,7.9,2025-06-20,2025-06-25,5,Active,High,7223.32
L0001091,C001515,Debt Consolidation,Scotland,12500,12,9.9,2026-03-05,2026-03-10,5,Active,Low,6173.09
L0001092,C001517,Car Finance,South East,6000,48,12.9,2025-03-22,2025-03-29,7,Active,Low,3915.27
L0001093,C001519,Car Finance,Scotland,7000,60,9.9,2026-03-17,2026-03-24,7,Active,Low,6214.33
L0001094,C001520,Personal Loan,Wales,21500,36,15.9,2025-03-05,2025-03-11,6,Active,Medium,7116.43
L0001095,C001521,Home Improvement,Scotland,13000,24,18.9,2025-12-07,2025-12-12,5,Active,Medium,7372.54
L0001096,C001522,Debt Consolidation,Wales,20500,48,15.9,2025-02-03,2025-02-09,6,Closed,High,0
L0001097,C001523,Personal Loan,South East,20000,60,15.9,2026-03-29,2026-04-02,4,Active,Medium,9560.83
L0001098,C001524,Personal Loan,Scotland,7500,60,12.9,2025-01-05,2025-01-12,7,Active,Low,3016.47
L0001099,C001525,Home Improvement,Scotland,8500,12,7.9,2025-04-02,2025-04-06,4,Approved,Low,5941.75
L0001100,C001527,Car Finance,Scotland,9000,12,18.9,2025-06-18,2025-06-23,5,Delinquent,Low,8755.77
L0001101,C001528,Personal Loan,London,23000,24,9.9,2025-01-18,2025-01-22,4,Approved,Low,7754.38
L0001102,C001529,Home Improvement,North West,16000,48,12.9,2025-07-08,2025-07-13,5,Closed,Low,0
L0001103,C001530,Home Improvement,South East,19500,36,15.9,2025-11-12,2025-11-17,5,Active,Medium,4621.97
L0001104,C001532,Home Improvement,South East,2500,24,9.9,2025-03-18,2025-03-23,5,Active,Medium,594.59
L0001105,C001534,Debt Consolidation,Midlands,5500,24,15.9,2025-06-28,2025-07-03,5,Closed,Low,0
L0001106,C001536,Home Improvement,South West,11500,48,15.9,2026-03-15,2026-03-21,6,Active,Low,10302.65
L0001107,C001538,Debt Consolidation,Wales,29500,36,7.9,2025-10-14,2025-10-21,7,Active,Low,25812.79
L0001108,C001539,Home Improvement,South East,24500,24,18.9,2026-06-04,2026-06-10,6,Active,Medium,5753.45
L0001109,C001541,Home Improvement,North West,25000,60,12.9,2025-09-04,2025-09-09,5,Closed,Medium,0
L0001110,C001542,Car Finance,Wales,11000,60,15.9,2025-03-23,2025-03-30,7,Active,Low,9416.07
L0001111,C001544,Home Improvement,North West,20000,12,15.9,2025-10-05,2025-10-09,4,Active,High,8159.82
L0001112,C001545,Home Improvement,North West,14000,60,12.9,2025-07-29,2025-08-03,5,Defaulted,Low,8932.18
L0001113,C001546,Home Improvement,London,19500,36,15.9,2025-07-19,2025-07-24,5,Active,Low,12510.68
L0001114,C001547,Personal Loan,South West,26000,60,7.9,2026-05-12,2026-05-19,7,Closed,Low,0
L0001115,C001549,Car Finance,Midlands,5500,60,15.9,2025-11-22,2025-11-24,2,Active,Medium,4845.43
L0001116,C001550,Home Improvement,London,17500,24,9.9,2025-04-04,2025-04-09,5,Active,Low,10186.07
L0001117,C001551,Debt Consolidation,North West,4500,12,15.9,2025-06-29,2025-07-04,5,Active,Medium,837.68
L0001118,C001553,Personal Loan,Scotland,5500,24,12.9,2025-05-11,2025-05-16,5,Active,Low,1303.74
L0001119,C001555,Car Finance,Wales,27500,36,12.9,2025-03-11,2025-03-16,5,Delinquent,Medium,10926.64
L0001120,C001556,Debt Consolidation,London,12000,12,9.9,2025-06-18,2025-06-24,6,Closed,Medium,0
L0001121,C001557,Home Improvement,South West,15000,24,9.9,2025-07-03,2025-07-10,7,Active,Medium,13193.8
L0001122,C001559,Debt Consolidation,Midlands,10500,12,18.9,2025-01-13,2025-01-17,4,Approved,Medium,3189.4
L0001123,C001562,Debt Consolidation,Scotland,3500,24,12.9,2025-03-21,2025-03-27,6,Active,Low,1892.56
L0001124,C001563,Car Finance,London,9000,12,15.9,2025-05-10,2025-05-13,3,Active,Low,4098.15
L0001125,C001564,Personal Loan,North West,8000,48,9.9,2026-02-21,2026-02-26,5,Active,High,6139.74
L0001126,C001565,Car Finance,Wales,20000,24,12.9,2025-06-06,2025-06-12,6,Active,Low,8588.66
L0001127,C001566,Personal Loan,North West,26000,36,9.9,2025-12-31,2026-01-05,5,Closed,Low,0
L0001128,C001567,Personal Loan,Scotland,9500,60,18.9,2025-12-18,2025-12-22,4,Active,Low,2180.92
L0001129,C001568,Personal Loan,London,6000,36,12.9,2025-09-24,2025-10-01,7,Approved,Low,4541.46
L0001130,C001569,Personal Loan,South West,16000,60,18.9,2026-02-18,2026-02-22,4,Active,Low,3827.87
L0001131,C001570,Home Improvement,London,7000,60,12.9,2026-05-09,2026-05-14,5,Active,Low,4132.71
L0001132,C001571,Personal Loan,Scotland,17500,36,15.9,2025-06-23,2025-06-28,5,Delinquent,Low,3251.53
L0001133,C001573,Personal Loan,South East,3500,12,7.9,2026-05-27,2026-06-02,6,Active,Low,1016.74
L0001134,C001574,Personal Loan,Scotland,15500,60,18.9,2026-04-20,2026-04-25,5,Delinquent,Medium,2835.3
L0001135,C001576,Home Improvement,South West,28000,36,12.9,2025-06-09,2025-06-16,7,Approved,Low,11795.75
L0001136,C001578,Debt Consolidation,South West,11000,24,12.9,2025-06-24,2025-06-27,3,Approved,Medium,5474.83
L0001137,C001579,Car Finance,Wales,4500,24,18.9,2026-02-15,2026-02-20,5,Active,Low,2354.3
L0001138,C001581,Car Finance,London,22000,12,12.9,2025-03-13,2025-03-17,4,Closed,Medium,0
L0001139,C001582,Home Improvement,North West,27500,48,15.9,2025-06-27,2025-07-01,4,Closed,Medium,0
L0001140,C001583,Debt Consolidation,North West,11500,60,9.9,2026-01-13,2026-01-19,6,Approved,Low,9754.98
L0001141,C001584,Personal Loan,South West,8500,12,12.9,2025-06-07,2025-06-12,5,Active,Low,3802.03
L0001142,C001585,Home Improvement,South West,28000,60,9.9,2026-03-26,2026-04-01,6,Active,Medium,5695.59
L0001143,C001586,Car Finance,North West,23500,48,12.9,2025-01-15,2025-01-19,4,Active,Medium,15784.07
L0001144,C001587,Home Improvement,North West,24500,24,18.9,2025-11-04,2025-11-10,6,Closed,Low,0
L0001145,C001588,Car Finance,London,2000,12,12.9,2025-01-22,2025-01-25,3,Active,Medium,1039.57
L0001146,C001589,Home Improvement,Wales,23000,24,7.9,2026-05-15,2026-05-18,3,Active,Low,6468.48
L0001147,C001590,Personal Loan,Wales,20500,36,12.9,2026-03-16,2026-03-21,5,Active,Medium,10861.23
L0001148,C001591,Home Improvement,South West,3500,60,15.9,2025-05-21,2025-05-28,7,Closed,Low,0
L0001149,C001592,Home Improvement,Scotland,14500,12,9.9,2025-02-12,2025-02-17,5,Active,Low,11077.33
L0001150,C001593,Home Improvement,South West,28000,48,15.9,2025-12-12,2025-12-15,3,Active,Low,7014.5
L0001151,C001594,Personal Loan,Wales,29500,24,9.9,2025-12-21,2025-12-23,2,Active,Low,20303.75
L0001152,C001595,Debt Consolidation,South West,19500,12,18.9,2025-08-14,2025-08-22,8,Active,Low,4484.0
L0001153,C001597,Home Improvement,Scotland,8000,12,9.9,2026-05-16,2026-05-23,7,Closed,Low,0
L0001154,C001598,Debt Consolidation,Scotland,26000,48,12.9,2026-03-24,2026-03-30,6,Active,High,16764.67
L0001155,C001600,Home Improvement,Wales,16000,36,15.9,2026-06-02,2026-06-06,4,Active,High,6444.65
L0001156,C001601,Car Finance,Wales,10000,12,7.9,2025-09-12,2025-09-19,7,Active,High,8364.18
L0001157,C001603,Debt Consolidation,South East,2000,24,12.9,2025-02-26,2025-03-05,7,Active,Medium,1092.41
L0001158,C001604,Home Improvement,London,20500,24,9.9,2026-01-20,2026-01-25,5,Approved,Medium,4715.82
L0001159,C001605,Car Finance,South West,3500,36,12.9,2026-05-05,2026-05-11,6,Active,Low,727.94
L0001160,C001607,Car Finance,Wales,29500,24,12.9,2025-01-31,2025-02-09,9,Active,Low,5208.82
L0001161,C001608,Home Improvement,Scotland,9500,12,9.9,2026-03-08,2026-03-14,6,Approved,Medium,6051.77
L0001162,C001609,Car Finance,Midlands,29000,60,7.9,2025-07-19,2025-07-26,7,Active,Low,4375.06
L0001163,C001610,Home Improvement,South East,18000,12,15.9,2026-05-24,2026-06-02,9,Active,Low,15152.41
L0001164,C001611,Home Improvement,South West,13500,48,18.9,2026-01-11,2026-01-16,5,Active,Low,5696.65
L0001165,C001613,Home Improvement,North West,4000,24,9.9,2025-09-22,2025-09-26,4,Active,Low,3026.66
L0001166,C001614,Debt Consolidation,Scotland,23000,24,18.9,2025-09-08,2025-09-14,6,Closed,Low,0
L0001167,C001615,Home Improvement,South East,27500,60,18.9,2026-05-18,2026-05-23,5,Active,Low,7162.31
L0001168,C001617,Personal Loan,Midlands,24000,60,15.9,2025-08-23,2025-08-30,7,Active,Low,23187.26
L0001169,C001618,Home Improvement,London,21000,60,12.9,2025-07-28,2025-08-01,4,Active,Medium,3751.69
L0001170,C001619,Debt Consolidation,Scotland,13000,60,15.9,2025-08-17,2025-08-22,5,Active,Low,10974.15
L0001171,C001620,Car Finance,London,9500,60,15.9,2026-01-02,2026-01-05,3,Active,Low,5491.47
L0001172,C001621,Personal Loan,London,8000,60,18.9,2025-03-27,2025-03-30,3,Active,Medium,7241.98
L0001173,C001622,Car Finance,South West,21000,36,7.9,2026-03-22,2026-03-29,7,Closed,Medium,0
L0001174,C001623,Car Finance,North West,4000,60,12.9,2025-05-28,2025-06-02,5,Active,Low,3469.7
L0001175,C001624,Home Improvement,London,21000,24,18.9,2025-01-16,2025-01-24,8,Active,Medium,11151.34
L0001176,C001627,Debt Consolidation,North West,15500,36,15.9,2026-04-14,2026-04-18,4,Active,Low,12952.52
L0001177,C001628,Home Improvement,Wales,27500,12,18.9,2026-02-01,2026-02-07,6,Active,Low,15471.08
L0001178,C001629,Car Finance,London,22000,24,12.9,2025-09-28,2025-10-04,6,Active,Medium,20910.12
L0001179,C001631,Home Improvement,Midlands,16500,60,7.9,2025-12-08,2025-12-12,4,Active,Low,10955.26
L0001180,C001632,Car Finance,London,23000,36,9.9,2025-11-18,2025-11-23,5,Closed,Low,0
L0001181,C001633,Debt Consolidation,North West,23000,36,9.9,2025-03-03,2025-03-09,6,Active,Low,4924.37
L0001182,C001634,Debt Consolidation,South West,29500,48,9.9,2025-01-29,2025-02-05,7,Approved,Medium,18496.68
L0001183,C001636,Personal Loan,North West,13500,24,18.9,2025-04-17,2025-04-23,6,Active,Low,2772.07
L0001184,C001637,Personal Loan,Midlands,22500,12,12.9,2026-05-09,2026-05-14,5,Delinquent,Low,9194.66
L0001185,C001638,Home Improvement,Scotland,22500,12,18.9,2025-07-20,2025-07-23,3,Active,Low,16885.66
L0001186,C001639,Debt Consolidation,South East,7500,48,15.9,2025-01-30,2025-02-03,4,Active,Low,6153.37
L0001187,C001640,Debt Consolidation,South East,10000,60,9.9,2026-01-10,2026-01-18,8,Closed,High,0
L0001188,C001641,Home Improvement,Midlands,24500,12,9.9,2025-11-14,2025-11-20,6,Closed,Medium,0
L0001189,C001643,Home Improvement,South West,20000,36,12.9,2025-11-23,2025-11-29,6,Active,Low,4059.02
L0001190,C001646,Home Improvement,London,22500,36,9.9,2025-08-04,2025-08-07,3,Active,Low,17140.22
L0001191,C001647,Personal Loan,North West,2500,60,7.9,2025-04-18,2025-04-23,5,Closed,Low,0
L0001192,C001648,Personal Loan,North West,26500,12,7.9,2025-02-03,2025-02-07,4,Approved,Low,8551.15
L0001193,C001649,Car Finance,London,12500,24,15.9,2025-12-15,2025-12-24,9,Closed,High,0
L0001194,C001650,Personal Loan,North West,8500,12,7.9,2025-10-03,2025-10-07,4,Active,Low,1693.88
L0001195,C001651,Home Improvement,North West,23500,12,9.9,2025-07-29,2025-08-01,3,Active,Medium,14213.85
L0001196,C001652,Debt Consolidation,South East,23500,36,15.9,2025-09-05,2025-09-10,5,Approved,Low,22450.23
L0001197,C001654,Personal Loan,Midlands,21000,48,7.9,2025-08-05,2025-08-10,5,Active,Low,11055.37
L0001198,C001655,Car Finance,South East,28500,36,18.9,2025-04-14,2025-04-18,4,Active,Medium,12355.0
L0001199,C001656,Personal Loan,North West,17500,24,7.9,2025-03-30,2025-04-03,4,Active,High,2732.4
L0001200,C001657,Personal Loan,Wales,22500,36,18.9,2025-07-31,2025-08-04,4,Active,Medium,10019.25
L0001201,C001658,Home Improvement,Scotland,24500,36,18.9,2025-08-05,2025-08-11,6,Active,Low,14854.8
L0001202,C001659,Debt Consolidation,North West,12500,12,7.9,2026-04-09,2026-04-13,4,Active,Low,7036.03
L0001203,C001660,Home Improvement,South East,7000,48,9.9,2025-11-01,2025-11-06,5,Closed,Medium,0
L0001204,C001664,Car Finance,London,27500,12,15.9,2025-05-19,2025-05-23,4,Active,Medium,19333.04
L0001205,C001665,Home Improvement,Midlands,28500,24,18.9,2025-07-08,2025-07-12,4,Active,Medium,22694.6
L0001206,C001666,Personal Loan,South West,11000,48,7.9,2025-08-16,2025-08-21,5,Active,Medium,2903.72
L0001207,C001668,Debt Consolidation,Wales,21000,24,15.9,2026-04-14,2026-04-17,3,Defaulted,Low,7435.41
L0001208,C001669,Home Improvement,North West,14000,60,7.9,2025-01-24,2025-01-28,4,Active,Low,11506.25
L0001209,C001670,Personal Loan,Midlands,20500,12,12.9,2025-08-12,2025-08-19,7,Active,Medium,14998.27
L0001210,C001673,Debt Consolidation,Wales,4000,12,9.9,2025-10-29,2025-11-02,4,Active,Medium,1181.71
L0001211,C001675,Personal Loan,London,18500,36,7.9,2025-12-13,2025-12-19,6,Active,Low,15468.07
L0001212,C001676,Debt Consolidation,Scotland,14500,48,15.9,2025-03-25,2025-03-28,3,Active,Medium,7626.73
L0001213,C001677,Car Finance,London,28500,36,9.9,2025-04-05,2025-04-13,8,Active,High,16871.87
L0001214,C001678,Car Finance,Wales,8500,12,15.9,2025-02-14,2025-02-19,5,Closed,Medium,0
L0001215,C001679,Car Finance,North West,29000,36,15.9,2025-05-26,2025-05-31,5,Closed,High,0
L0001216,C001680,Home Improvement,North West,9500,48,9.9,2026-01-20,2026-01-24,4,Active,Medium,7628.0
L0001217,C001681,Car Finance,Midlands,26000,36,18.9,2025-07-16,2025-07-19,3,Closed,Medium,0
L0001218,C001682,Debt Consolidation,North West,26000,12,12.9,2025-07-15,2025-07-21,6,Active,Low,7375.49
L0001219,C001685,Debt Consolidation,North West,5000,36,7.9,2025-01-17,2025-01-23,6,Closed,Low,0
L0001220,C001686,Home Improvement,North West,23500,24,15.9,2025-11-03,2025-11-07,4,Approved,Medium,20194.14
L0001221,C001687,Personal Loan,South East,16000,60,18.9,2026-01-30,2026-02-03,4,Active,High,14619.5
L0001222,C001688,Personal Loan,Midlands,11000,24,9.9,2026-05-28,2026-05-30,2,Closed,High,0
L0001223,C001690,Personal Loan,Scotland,24000,48,9.9,2026-05-10,2026-05-19,9,Closed,Low,0
L0001224,C001691,Personal Loan,Wales,22500,48,15.9,2025-08-21,2025-08-28,7,Closed,Medium,0
L0001225,C001692,Personal Loan,North West,10500,12,12.9,2025-07-10,2025-07-14,4,Approved,Medium,9309.64
L0001226,C001693,Debt Consolidation,Midlands,23000,60,15.9,2025-07-07,2025-07-12,5,Defaulted,Low,9677.87
L0001227,C001697,Car Finance,South East,29500,60,15.9,2026-05-14,2026-05-22,8,Approved,Medium,15151.74
L0001228,C001699,Debt Consolidation,South East,6000,12,12.9,2025-03-29,2025-04-02,4,Delinquent,Low,4447.22
L0001229,C001700,Home Improvement,South West,28500,48,7.9,2026-03-24,2026-03-29,5,Active,Low,17679.64
L0001230,C001702,Debt Consolidation,North West,13500,48,15.9,2025-12-07,2025-12-11,4,Active,Low,3702.16
L0001231,C001703,Debt Consolidation,Scotland,18500,36,15.9,2025-01-11,2025-01-14,3,Active,High,11644.49
L0001232,C001704,Debt Consolidation,South West,4500,24,18.9,2025-09-06,2025-09-09,3,Closed,Low,0
L0001233,C001705,Car Finance,Wales,8500,48,18.9,2025-03-22,2025-03-27,5,Closed,Low,0
L0001234,C001707,Debt Consolidation,Wales,11000,48,18.9,2025-09-05,2025-09-11,6,Closed,Medium,0
L0001235,C001708,Debt Consolidation,Scotland,25500,36,12.9,2026-03-09,2026-03-12,3,Active,Low,9569.93
L0001236,C001709,Home Improvement,London,28500,36,12.9,2025-07-10,2025-07-14,4,Delinquent,Low,11382.01
L0001237,C001710,Car Finance,London,18000,48,9.9,2025-12-20,2025-12-23,3,Closed,Medium,0
L0001238,C001712,Home Improvement,South East,17500,24,15.9,2025-02-01,2025-02-08,7,Defaulted,Medium,10891.29
L0001239,C001713,Home Improvement,Midlands,13000,24,9.9,2025-02-26,2025-03-03,5,Approved,Medium,6087.76
L0001240,C001714,Home Improvement,London,15000,36,7.9,2026-02-06,2026-02-10,4,Closed,Low,0
L0001241,C001715,Home Improvement,Midlands,14000,48,15.9,2026-03-02,2026-03-07,5,Closed,High,0
L0001242,C001716,Car Finance,London,5500,48,15.9,2025-10-10,2025-10-11,1,Active,High,3285.54
L0001243,C001717,Home Improvement,South West,18000,24,18.9,2025-04-23,2025-04-29,6,Active,High,6802.76
L0001244,C001718,Car Finance,Wales,7000,48,12.9,2025-08-20,2025-08-26,6,Defaulted,Medium,1316.88
L0001245,C001719,Debt Consolidation,Wales,14000,48,7.9,2026-01-04,2026-01-11,7,Active,Low,12134.36
L0001246,C001720,Car Finance,Midlands,23000,48,12.9,2025-05-03,2025-05-09,6,Approved,Low,7610.59
L0001247,C001722,Home Improvement,Scotland,10000,36,18.9,2025-09-09,2025-09-16,7,Active,Low,8495.35
L0001248,C001724,Personal Loan,Midlands,3500,24,7.9,2025-09-02,2025-09-09,7,Active,Medium,1266.55
L0001249,C001727,Home Improvement,London,11500,48,7.9,2026-03-30,2026-04-06,7,Approved,Low,6643.95
L0001250,C001729,Personal Loan,London,6000,48,15.9,2025-03-14,2025-03-18,4,Active,High,2817.47
L0001251,C001730,Home Improvement,South East,24000,12,9.9,2025-10-17,2025-10-20,3,Active,Low,12540.04
L0001252,C001732,Car Finance,South East,3500,60,18.9,2025-08-12,2025-08-18,6,Active,High,2890.27
L0001253,C001733,Personal Loan,London,28500,60,15.9,2025-11-20,2025-11-25,5,Active,Low,27218.51
L0001254,C001734,Personal Loan,Wales,17000,12,18.9,2025-02-16,2025-02-22,6,Closed,High,0
L0001255,C001735,Home Improvement,Wales,14000,24,9.9,2025-07-21,2025-07-23,2,Active,Medium,2321.67
L0001256,C001737,Home Improvement,London,11500,36,9.9,2025-03-08,2025-03-13,5,Active,Low,6951.43
L0001257,C001739,Debt Consolidation,North West,22500,12,12.9,2025-06-12,2025-06-19,7,Defaulted,Low,7840.85
L0001258,C001740,Debt Consolidation,London,20000,12,9.9,2025-10-28,2025-11-03,6,Active,Low,3043.16
L0001259,C001741,Debt Consolidation,South East,2000,48,18.9,2026-03-24,2026-03-29,5,Active,Low,693.66
L0001260,C001743,Personal Loan,North West,26500,36,7.9,2025-01-23,2025-01-27,4,Active,Low,9835.76
L0001261,C001744,Debt Consolidation,Midlands,14500,60,7.9,2025-08-08,2025-08-14,6,Active,Medium,13414.06
L0001262,C001746,Home Improvement,South West,22000,24,12.9,2025-09-10,2025-09-16,6,Active,Low,15401.96
L0001263,C001748,Personal Loan,Wales,7500,60,9.9,2025-12-23,2025-12-31,8,Active,Low,6478.88
L0001264,C001749,Debt Consolidation,Midlands,7000,36,7.9,2025-01-12,2025-01-17,5,Active,Low,2034.07
L0001265,C001752,Debt Consolidation,London,23500,12,18.9,2025-06-15,2025-06-18,3,Active,Low,6261.35
L0001266,C001753,Debt Consolidation,Scotland,28500,60,15.9,2025-10-30,2025-11-07,8,Active,Medium,20760.01
L0001267,C001754,Home Improvement,Midlands,4000,36,12.9,2026-05-18,2026-05-28,10,Closed,Low,0
L0001268,C001755,Debt Consolidation,London,9000,36,9.9,2025-02-18,2025-02-22,4,Active,Low,8093.44
L0001269,C001756,Home Improvement,Midlands,29000,12,7.9,2025-05-30,2025-06-05,6,Closed,Low,0
L0001270,C001757,Personal Loan,London,8500,48,12.9,2025-04-01,2025-04-04,3,Active,Low,6213.11
L0001271,C001760,Car Finance,London,4500,60,18.9,2025-11-18,2025-11-22,4,Approved,High,2544.69
L0001272,C001761,Debt Consolidation,London,14000,48,12.9,2025-06-22,2025-06-26,4,Active,Low,10322.49
L0001273,C001762,Debt Consolidation,Scotland,10000,60,9.9,2025-12-07,2025-12-12,5,Active,Low,7882.38
L0001274,C001764,Home Improvement,South East,25500,48,15.9,2025-06-19,2025-06-26,7,Active,Low,21842.51
L0001275,C001765,Home Improvement,Midlands,29000,12,12.9,2025-01-19,2025-01-27,8,Delinquent,Low,11655.75
L0001276,C001766,Debt Consolidation,London,27000,60,7.9,2025-12-22,2025-12-27,5,Active,Low,10267.75
L0001277,C001767,Car Finance,London,29000,60,9.9,2025-07-31,2025-08-03,3,Active,Medium,28357.11
L0001278,C001769,Personal Loan,Wales,10500,48,15.9,2025-02-14,2025-02-22,8,Closed,Low,0
L0001279,C001772,Car Finance,South West,20000,24,7.9,2025-10-22,2025-10-25,3,Closed,Medium,0
L0001280,C001775,Home Improvement,London,10000,12,9.9,2026-05-17,2026-05-24,7,Delinquent,Medium,2333.57
L0001281,C001776,Home Improvement,South East,3000,24,12.9,2025-05-20,2025-05-27,7,Active,Low,754.13
L0001282,C001778,Personal Loan,North West,6000,60,9.9,2025-11-21,2025-11-26,5,Active,Low,5075.41
L0001283,C001782,Home Improvement,South West,4000,12,18.9,2025-02-11,2025-02-16,5,Closed,Low,0
L0001284,C001783,Personal Loan,South East,27000,24,9.9,2025-12-15,2025-12-20,5,Active,Low,15069.36
L0001285,C001784,Car Finance,Midlands,10500,48,12.9,2025-10-24,2025-10-27,3,Closed,Medium,0
L0001286,C001786,Debt Consolidation,South East,27000,36,15.9,2026-02-17,2026-02-21,4,Active,Low,8791.1
L0001287,C001787,Home Improvement,North West,18000,24,12.9,2025-03-27,2025-04-02,6,Active,High,7775.5
L0001288,C001788,Home Improvement,North West,28500,12,12.9,2026-06-02,2026-06-07,5,Active,Medium,13962.54
L0001289,C001791,Debt Consolidation,Midlands,2500,60,9.9,2025-08-28,2025-09-01,4,Closed,Medium,0
L0001290,C001792,Debt Consolidation,London,20500,12,7.9,2025-12-25,2025-12-29,4,Active,Low,9272.61
L0001291,C001793,Home Improvement,South West,27500,36,15.9,2025-09-24,2025-09-30,6,Active,Low,26509.2
L0001292,C001794,Personal Loan,London,14000,60,18.9,2026-02-21,2026-03-01,8,Active,Medium,2461.87
L0001293,C001797,Home Improvement,Scotland,21000,48,15.9,2025-08-21,2025-08-26,5,Active,Low,12001.26
L0001294,C001798,Personal Loan,Midlands,21500,60,9.9,2026-02-15,2026-02-18,3,Active,Medium,19910.33
L0001295,C001800,Debt Consolidation,South East,17000,60,7.9,2025-11-14,2025-11-18,4,Approved,Low,13374.7
L0001296,C001801,Personal Loan,South East,24000,12,12.9,2025-07-27,2025-08-04,8,Active,Medium,8975.61
L0001297,C001802,Home Improvement,London,25500,48,7.9,2025-01-26,2025-01-29,3,Approved,Low,13319.93
L0001298,C001804,Debt Consolidation,Midlands,2500,60,15.9,2026-03-25,2026-03-29,4,Delinquent,Low,806.78
L0001299,C001805,Car Finance,South East,21500,36,7.9,2025-10-10,2025-10-14,4,Active,Medium,13922.48
L0001300,C001806,Debt Consolidation,North West,15500,36,12.9,2025-10-02,2025-10-05,3,Active,Low,4244.91
L0001301,C001807,Home Improvement,Wales,23000,24,9.9,2025-06-20,2025-06-24,4,Active,Low,11562.73
L0001302,C001811,Car Finance,Wales,23000,36,18.9,2025-06-29,2025-07-03,4,Closed,Medium,0
L0001303,C001812,Home Improvement,Midlands,18000,36,18.9,2026-01-08,2026-01-09,1,Delinquent,Low,9689.04
L0001304,C001815,Personal Loan,North West,10000,24,15.9,2025-06-13,2025-06-17,4,Active,Low,8721.63
L0001305,C001816,Car Finance,Midlands,29500,36,15.9,2026-04-16,2026-04-21,5,Delinquent,High,21943.35
L0001306,C001817,Personal Loan,Scotland,26500,24,18.9,2025-02-26,2025-03-04,6,Delinquent,Low,8162.28
L0001307,C001818,Personal Loan,Midlands,27500,60,18.9,2025-08-29,2025-08-31,2,Active,Low,13701.22
L0001308,C001819,Home Improvement,Wales,25500,12,18.9,2026-06-01,2026-06-08,7,Active,Medium,14474.41
L0001309,C001820,Car Finance,London,14000,24,18.9,2026-01-31,2026-02-06,6,Closed,Low,0
L0001310,C001822,Car Finance,Scotland,4500,12,7.9,2025-03-07,2025-03-13,6,Active,Low,2693.5
L0001311,C001823,Car Finance,South West,25000,36,12.9,2025-12-25,2026-01-02,8,Active,Low,18461.93
L0001312,C001825,Debt Consolidation,Wales,13500,48,15.9,2025-04-25,2025-04-28,3,Active,High,12782.51
L0001313,C001827,Home Improvement,Scotland,25000,12,9.9,2025-01-29,2025-02-01,3,Active,Medium,8845.56
L0001314,C001828,Personal Loan,Midlands,24500,60,15.9,2025-04-15,2025-04-22,7,Active,Medium,14993.73
L0001315,C001829,Personal Loan,Midlands,17000,36,7.9,2025-12-14,2025-12-20,6,Approved,Low,11892.08
L0001316,C001830,Car Finance,North West,15000,24,18.9,2025-03-24,2025-03-30,6,Active,Medium,4503.68
L0001317,C001833,Home Improvement,Midlands,4000,36,18.9,2025-11-04,2025-11-09,5,Active,High,2967.56
L0001318,C001834,Car Finance,South West,17500,36,18.9,2025-04-18,2025-04-24,6,Active,Low,4956.26
L0001319,C001836,Car Finance,South East,18000,36,12.9,2026-04-09,2026-04-13,4,Active,Medium,3048.82
L0001320,C001837,Car Finance,Scotland,22500,36,15.9,2025-03-28,2025-04-03,6,Active,Low,19953.66
L0001321,C001838,Debt Consolidation,Wales,24500,48,7.9,2025-10-12,2025-10-15,3,Approved,Medium,21205.4
L0001322,C001841,Car Finance,South West,16500,60,7.9,2025-04-03,2025-04-09,6,Active,Low,13378.36
L0001323,C001843,Debt Consolidation,Scotland,8000,36,9.9,2026-01-06,2026-01-07,1,Defaulted,Low,7682.01
L0001324,C001844,Personal Loan,North West,7500,12,15.9,2026-01-22,2026-01-28,6,Active,High,6352.16
L0001325,C001845,Home Improvement,Wales,23500,24,9.9,2026-04-10,2026-04-13,3,Active,Medium,17096.32
L0001326,C001847,Home Improvement,South West,20000,48,7.9,2025-10-06,2025-10-11,5,Active,Low,19112.96
L0001327,C001848,Home Improvement,London,5000,12,7.9,2025-05-25,2025-05-29,4,Approved,Low,1348.72
L0001328,C001850,Car Finance,North West,21000,24,18.9,2025-08-08,2025-08-15,7,Active,Low,16293.26
L0001329,C001851,Home Improvement,Midlands,9500,24,12.9,2026-04-19,2026-04-23,4,Active,Low,3128.1
L0001330,C001854,Car Finance,Scotland,24000,12,7.9,2026-02-23,2026-03-02,7,Closed,Low,0
L0001331,C001855,Personal Loan,Scotland,11500,60,12.9,2026-03-28,2026-04-03,6,Closed,Low,0
L0001332,C001856,Debt Consolidation,Midlands,5500,24,12.9,2025-08-14,2025-08-20,6,Active,Medium,3186.64
L0001333,C001857,Home Improvement,South East,16500,36,7.9,2025-01-22,2025-01-27,5,Delinquent,Medium,15453.38
L0001334,C001858,Debt Consolidation,South West,15000,60,7.9,2026-05-09,2026-05-14,5,Active,Low,6404.55
L0001335,C001861,Debt Consolidation,Wales,26000,48,7.9,2026-01-31,2026-02-04,4,Active,Low,11448.94
L0001336,C001862,Debt Consolidation,London,4500,36,12.9,2025-07-14,2025-07-17,3,Delinquent,Low,3490.03
L0001337,C001863,Debt Consolidation,South West,16000,48,12.9,2026-02-20,2026-02-25,5,Closed,Medium,0
L0001338,C001864,Debt Consolidation,Scotland,18500,48,18.9,2025-11-15,2025-11-19,4,Approved,Low,5321.91
L0001339,C001866,Debt Consolidation,North West,23500,48,12.9,2026-05-21,2026-05-27,6,Active,Low,22618.09
L0001340,C001867,Home Improvement,Midlands,21500,12,18.9,2025-11-08,2025-11-14,6,Active,Low,18429.19
L0001341,C001868,Car Finance,South West,10000,12,15.9,2025-12-14,2025-12-18,4,Closed,Medium,0
L0001342,C001869,Debt Consolidation,North West,29000,36,7.9,2026-03-09,2026-03-14,5,Active,Low,8077.54
L0001343,C001871,Car Finance,Scotland,24000,60,15.9,2026-02-05,2026-02-09,4,Closed,High,0
L0001344,C001872,Home Improvement,Midlands,18000,48,7.9,2025-03-26,2025-03-31,5,Closed,Medium,0
L0001345,C001874,Car Finance,London,3000,12,12.9,2025-04-30,2025-05-04,4,Active,Low,540.89
L0001346,C001875,Home Improvement,Wales,10500,24,18.9,2026-02-01,2026-02-04,3,Active,Low,6529.39
L0001347,C001878,Home Improvement,South East,24500,36,15.9,2025-03-01,2025-03-08,7,Active,Low,13791.58
L0001348,C001879,Debt Consolidation,Scotland,9000,48,7.9,2025-02-12,2025-02-19,7,Closed,Low,0
L0001349,C001880,Debt Consolidation,South East,8500,60,9.9,2025-04-27,2025-05-03,6,Delinquent,High,7349.61
L0001350,C001884,Debt Consolidation,South West,21000,12,7.9,2025-12-22,2025-12-24,2,Active,Low,13427.7
L0001351,C001885,Car Finance,Wales,9000,60,9.9,2025-03-24,2025-03-28,4,Defaulted,Low,6942.38
L0001352,C001886,Debt Consolidation,Scotland,24000,60,18.9,2026-02-12,2026-02-17,5,Active,Low,19511.06
L0001353,C001888,Debt Consolidation,South East,17000,48,7.9,2025-09-27,2025-10-03,6,Active,Medium,3701.29
L0001354,C001889,Car Finance,Midlands,19500,48,15.9,2025-03-09,2025-03-16,7,Closed,Low,0
L0001355,C001890,Car Finance,North West,27000,60,18.9,2025-06-05,2025-06-10,5,Approved,High,25152.13
L0001356,C001892,Personal Loan,Midlands,26000,36,15.9,2025-02-20,2025-02-25,5,Active,Low,23099.9
L0001357,C001896,Home Improvement,South West,18000,48,7.9,2025-06-21,2025-06-26,5,Active,Medium,15238.01
L0001358,C001898,Debt Consolidation,Midlands,26500,24,15.9,2025-09-15,2025-09-21,6,Delinquent,Medium,8676.24
L0001359,C001900,Home Improvement,Midlands,4000,60,9.9,2025-11-30,2025-12-04,4,Approved,Low,2043.43
L0001360,C001903,Debt Consolidation,South West,11500,60,18.9,2025-09-05,2025-09-07,2,Active,High,2634.94
L0001361,C001904,Personal Loan,Wales,29500,24,9.9,2025-09-25,2025-09-29,4,Delinquent,Medium,21749.92
L0001362,C001905,Personal Loan,South East,21500,24,7.9,2025-07-23,2025-07-30,7,Active,Low,18139.52
L0001363,C001906,Car Finance,South East,5500,36,7.9,2025-03-13,2025-03-16,3,Active,Low,1592.91
L0001364,C001907,Car Finance,South West,27000,24,15.9,2025-08-20,2025-08-25,5,Active,Low,9053.26
L0001365,C001913,Personal Loan,Scotland,17000,24,15.9,2025-06-30,2025-07-03,3,Delinquent,Low,10822.57
L0001366,C001915,Personal Loan,South West,22000,60,7.9,2025-10-25,2025-10-28,3,Delinquent,Low,18907.54
L0001367,C001916,Car Finance,South West,20500,12,18.9,2025-04-19,2025-04-24,5,Closed,Medium,0
L0001368,C001917,Home Improvement,North West,17500,12,7.9,2025-02-24,2025-02-25,1,Approved,Low,10329.74
L0001369,C001918,Debt Consolidation,North West,10500,60,15.9,2025-07-28,2025-08-01,4,Approved,Medium,4745.91
L0001370,C001920,Car Finance,London,12500,24,9.9,2025-10-14,2025-10-22,8,Defaulted,Low,9462.75
L0001371,C001921,Car Finance,South West,17000,60,15.9,2025-03-20,2025-03-25,5,Active,High,5668.33
L0001372,C001922,Car Finance,Wales,9000,48,15.9,2026-01-28,2026-01-31,3,Active,Medium,3073.11
L0001373,C001923,Debt Consolidation,North West,17000,60,18.9,2026-05-25,2026-05-30,5,Active,High,7822.57
L0001374,C001924,Home Improvement,London,12000,12,15.9,2026-02-28,2026-03-03,3,Closed,Low,0
L0001375,C001926,Car Finance,South East,28500,36,18.9,2025-08-03,2025-08-07,4,Active,Low,4886.07
L0001376,C001927,Personal Loan,London,15000,60,7.9,2026-03-16,2026-03-20,4,Active,Low,11290.53
L0001377,C001930,Home Improvement,London,7500,12,9.9,2026-02-16,2026-02-21,5,Active,Low,7349.3
L0001378,C001931,Personal Loan,Wales,15000,36,18.9,2025-08-14,2025-08-16,2,Delinquent,Low,12565.21
L0001379,C001933,Home Improvement,London,19500,60,9.9,2025-04-27,2025-05-02,5,Active,Low,7833.92
L0001380,C001934,Car Finance,North West,22500,12,9.9,2026-04-08,2026-04-16,8,Active,Low,17044.34
L0001381,C001935,Personal Loan,Wales,28000,36,9.9,2025-01-09,2025-01-17,8,Delinquent,Low,24968.73
L0001382,C001936,Debt Consolidation,London,5000,36,15.9,2025-09-14,2025-09-18,4,Active,Low,4337.85
L0001383,C001937,Personal Loan,South East,26500,24,15.9,2025-08-21,2025-08-27,6,Delinquent,Low,21658.16
L0001384,C001938,Debt Consolidation,London,12500,60,15.9,2025-12-10,2025-12-17,7,Active,Low,3114.44
L0001385,C001939,Debt Consolidation,Wales,8500,36,7.9,2025-04-18,2025-04-26,8,Active,High,5732.99
L0001386,C001940,Personal Loan,South East,21000,60,7.9,2025-12-10,2025-12-17,7,Active,Low,8482.29
L0001387,C001943,Debt Consolidation,Wales,8000,12,18.9,2026-05-26,2026-06-02,7,Active,Low,1332.73
L0001388,C001944,Debt Consolidation,North West,15500,24,15.9,2025-03-22,2025-03-26,4,Active,Low,3575.3
L0001389,C001945,Personal Loan,Scotland,23500,36,7.9,2025-07-02,2025-07-06,4,Active,Low,12203.97
L0001390,C001946,Debt Consolidation,London,3500,24,15.9,2026-04-26,2026-05-04,8,Closed,Medium,0
L0001391,C001947,Debt Consolidation,South West,8500,24,9.9,2026-05-18,2026-05-22,4,Delinquent,Low,5539.41
L0001392,C001951,Home Improvement,South East,9000,60,7.9,2025-10-11,2025-10-16,5,Active,High,5536.05
L0001393,C001952,Car Finance,Scotland,12000,48,9.9,2026-03-03,2026-03-05,2,Active,High,4757.08
L0001394,C001953,Debt Consolidation,Scotland,17500,48,15.9,2025-08-18,2025-08-24,6,Delinquent,Low,7056.99
L0001395,C001955,Personal Loan,London,4000,60,12.9,2026-06-02,2026-06-07,5,Closed,Medium,0
L0001396,C001956,Debt Consolidation,South East,18500,12,7.9,2025-09-30,2025-10-04,4,Active,High,7011.49
L0001397,C001958,Debt Consolidation,Wales,8500,48,18.9,2025-03-15,2025-03-17,2,Closed,Low,0
L0001398,C001959,Debt Consolidation,Midlands,4500,36,18.9,2026-05-31,2026-06-03,3,Approved,Medium,1284.09
L0001399,C001960,Personal Loan,Midlands,21000,48,12.9,2026-06-03,2026-06-10,7,Approved,Low,17558.02
L0001400,C001962,Car Finance,Midlands,13000,48,18.9,2025-12-03,2025-12-06,3,Approved,Low,11877.06
L0001401,C001963,Car Finance,London,23500,60,15.9,2025-06-11,2025-06-18,7,Active,Low,7962.8
L0001402,C001964,Home Improvement,Midlands,8000,60,15.9,2025-09-30,2025-10-02,2,Active,Medium,6794.67
L0001403,C001965,Personal Loan,North West,6000,24,9.9,2025-01-22,2025-01-28,6,Active,High,2863.57
L0001404,C001966,Car Finance,North West,26500,36,7.9,2026-03-28,2026-03-30,2,Active,Low,10926.87
L0001405,C001967,Car Finance,Wales,20500,60,7.9,2026-03-07,2026-03-12,5,Active,Medium,12541.01
L0001406,C001969,Personal Loan,North West,11000,12,15.9,2026-01-01,2026-01-03,2,Active,Medium,6100.6
L0001407,C001971,Debt Consolidation,Midlands,6500,12,15.9,2025-10-20,2025-10-29,9,Active,High,1340.11
L0001408,C001973,Personal Loan,London,26000,24,7.9,2025-06-21,2025-06-26,5,Active,Low,18679.22
L0001409,C001974,Car Finance,Scotland,6000,12,15.9,2025-07-18,2025-07-21,3,Closed,Medium,0
L0001410,C001975,Personal Loan,South West,21000,12,12.9,2025-03-05,2025-03-12,7,Active,Low,10028.83
L0001411,C001976,Debt Consolidation,North West,5500,12,7.9,2025-11-16,2025-11-23,7,Closed,Low,0
L0001412,C001978,Personal Loan,North West,11000,24,9.9,2025-05-02,2025-05-06,4,Closed,Low,0
L0001413,C001980,Car Finance,Wales,20500,24,12.9,2026-01-19,2026-01-22,3,Active,Medium,17402.83
L0001414,C001982,Personal Loan,South West,3500,24,9.9,2026-05-25,2026-05-30,5,Closed,Low,0
L0001415,C001983,Personal Loan,South West,28500,60,9.9,2025-05-06,2025-05-08,2,Active,Medium,22774.41
L0001416,C001984,Debt Consolidation,South West,4000,24,7.9,2026-04-18,2026-04-22,4,Active,Low,2284.78
L0001417,C001985,Debt Consolidation,South East,27000,60,12.9,2025-05-05,2025-05-10,5,Approved,Low,9881.03
L0001418,C001986,Car Finance,North West,2000,12,15.9,2025-04-25,2025-05-04,9,Active,Low,724.05
L0001419,C001987,Home Improvement,Wales,5500,48,12.9,2025-01-15,2025-01-21,6,Closed,High,0
L0001420,C001989,Personal Loan,Scotland,27500,48,15.9,2026-05-24,2026-05-25,1,Closed,Low,0
L0001421,C001991,Personal Loan,London,6500,36,9.9,2025-11-04,2025-11-09,5,Approved,Medium,5659.74
L0001422,C001997,Personal Loan,South East,3500,48,18.9,2025-10-05,2025-10-11,6,Active,Medium,2796.66
L0001423,C001998,Personal Loan,North West,15000,24,9.9,2025-12-30,2026-01-01,2,Delinquent,Low,14129.37
L0001424,C002001,Debt Consolidation,Wales,21500,36,12.9,2025-06-09,2025-06-15,6,Active,Low,20465.19
L0001425,C002002,Personal Loan,South West,26500,24,15.9,2025-09-24,2025-09-30,6,Closed,Low,0
L0001426,C002003,Home Improvement,North West,5000,36,7.9,2026-01-13,2026-01-21,8,Active,Medium,3332.03
L0001427,C002004,Debt Consolidation,South West,6500,12,15.9,2025-04-11,2025-04-17,6,Approved,Low,2354.83
L0001428,C002005,Home Improvement,North West,18000,60,12.9,2026-05-25,2026-05-31,6,Active,Low,16261.27
L0001429,C002006,Home Improvement,South East,26500,48,12.9,2025-09-12,2025-09-16,4,Active,Low,25009.88
L0001430,C002007,Debt Consolidation,Wales,3500,36,7.9,2025-11-17,2025-11-20,3,Closed,Medium,0
L0001431,C002009,Debt Consolidation,North West,14000,12,15.9,2025-10-22,2025-10-25,3,Approved,Low,2339.32
L0001432,C002010,Car Finance,Scotland,25000,60,7.9,2025-07-15,2025-07-23,8,Delinquent,High,19120.26
L0001433,C002011,Home Improvement,Midlands,9500,60,12.9,2025-10-16,2025-10-22,6,Active,Low,7115.28
L0001434,C002012,Personal Loan,Wales,17500,48,7.9,2026-02-26,2026-02-28,2,Closed,Low,0
L0001435,C002013,Debt Consolidation,South West,2500,24,12.9,2025-02-01,2025-02-07,6,Active,Medium,1307.18
L0001436,C002015,Car Finance,Scotland,9500,24,9.9,2026-04-22,2026-04-30,8,Delinquent,Medium,1791.18
L0001437,C002016,Debt Consolidation,South East,5000,12,7.9,2025-09-13,2025-09-20,7,Active,Low,3735.01
L0001438,C002017,Home Improvement,Midlands,3500,12,9.9,2025-04-16,2025-04-22,6,Closed,Low,0
L0001439,C002018,Home Improvement,Midlands,28500,36,18.9,2025-04-03,2025-04-09,6,Defaulted,Medium,12217.47
L0001440,C002019,Debt Consolidation,South East,18500,12,18.9,2025-08-19,2025-08-25,6,Active,Low,3066.87
L0001441,C002020,Home Improvement,Scotland,2500,60,15.9,2026-05-27,2026-05-31,4,Active,Low,1815.23
L0001442,C002023,Personal Loan,Wales,16500,60,12.9,2026-01-10,2026-01-15,5,Closed,Low,0
L0001443,C002025,Car Finance,Wales,10500,60,7.9,2025-07-24,2025-07-28,4,Closed,Low,0
L0001444,C002026,Car Finance,Scotland,22000,12,9.9,2025-10-05,2025-10-09,4,Active,Low,18064.18
L0001445,C002029,Personal Loan,South West,8000,24,15.9,2026-01-04,2026-01-11,7,Closed,Medium,0
L0001446,C002031,Debt Consolidation,South East,7000,60,18.9,2025-01-02,2025-01-09,7,Active,Low,6796.56
L0001447,C002033,Car Finance,Scotland,27000,60,9.9,2025-01-26,2025-02-02,7,Closed,Low,0
L0001448,C002034,Personal Loan,Midlands,15500,12,9.9,2026-02-22,2026-02-26,4,Active,Low,3398.09
L0001449,C002035,Home Improvement,South West,10500,36,9.9,2025-05-14,2025-05-20,6,Delinquent,High,1611.83
L0001450,C002036,Personal Loan,London,4000,60,18.9,2025-08-02,2025-08-08,6,Active,Medium,2041.25
L0001451,C002037,Personal Loan,Wales,8000,36,9.9,2026-05-04,2026-05-09,5,Active,Medium,1859.1
L0001452,C002038,Debt Consolidation,South East,23000,60,9.9,2025-11-01,2025-11-05,4,Active,Medium,9455.03
L0001453,C002039,Home Improvement,Scotland,20000,12,9.9,2025-09-19,2025-09-23,4,Active,Medium,18098.37
L0001454,C002040,Personal Loan,London,28500,12,12.9,2025-02-13,2025-02-20,7,Closed,High,0
L0001455,C002041,Home Improvement,Midlands,3000,60,12.9,2026-01-02,2026-01-10,8,Active,Medium,1128.24
L0001456,C002042,Car Finance,South West,20000,24,12.9,2026-01-13,2026-01-19,6,Active,High,4846.09
L0001457,C002043,Debt Consolidation,South West,15000,60,15.9,2025-10-29,2025-11-04,6,Active,Low,8203.76
L0001458,C002044,Home Improvement,Midlands,2000,36,18.9,2025-05-15,2025-05-19,4,Active,Medium,727.93
L0001459,C002045,Car Finance,Midlands,20000,36,18.9,2025-05-11,2025-05-14,3,Active,High,9703.55
L0001460,C002046,Home Improvement,Wales,21000,24,18.9,2026-01-03,2026-01-12,9,Active,Low,5959.44
L0001461,C002047,Debt Consolidation,Wales,29500,48,9.9,2025-05-29,2025-06-02,4,Approved,Low,18755.38
L0001462,C002048,Car Finance,Wales,18500,12,9.9,2025-11-15,2025-11-20,5,Approved,Medium,7302.26
L0001463,C002049,Debt Consolidation,London,4500,60,15.9,2025-07-23,2025-07-30,7,Active,Medium,3224.89
L0001464,C002051,Car Finance,Scotland,29000,60,9.9,2025-05-08,2025-05-14,6,Closed,Medium,0
L0001465,C002052,Car Finance,Scotland,26500,60,15.9,2025-09-04,2025-09-11,7,Active,Medium,17919.61
L0001466,C002054,Debt Consolidation,South West,26500,36,9.9,2025-11-18,2025-11-23,5,Closed,Low,0
L0001467,C002055,Car Finance,South East,16000,24,9.9,2026-02-16,2026-02-20,4,Closed,Medium,0
L0001468,C002056,Car Finance,Wales,13000,48,15.9,2025-03-14,2025-03-17,3,Active,Low,4163.46
L0001469,C002057,Home Improvement,Midlands,10500,48,7.9,2026-04-19,2026-04-27,8,Active,Medium,9118.94
L0001470,C002060,Personal Loan,South West,3500,12,12.9,2025-07-08,2025-07-13,5,Active,Low,1190.54
L0001471,C002062,Home Improvement,North West,2000,60,7.9,2026-04-24,2026-04-29,5,Active,Low,1490.06
L0001472,C002063,Home Improvement,South East,29500,36,15.9,2025-05-30,2025-06-04,5,Active,High,8252.09
L0001473,C002065,Home Improvement,South West,27000,60,18.9,2026-02-24,2026-03-01,5,Delinquent,Medium,11334.22
L0001474,C002066,Home Improvement,South East,22000,24,18.9,2025-07-04,2025-07-09,5,Closed,Low,0
L0001475,C002068,Debt Consolidation,London,5500,36,15.9,2026-05-01,2026-05-08,7,Active,Medium,3363.87
L0001476,C002069,Debt Consolidation,Wales,10000,36,9.9,2025-09-17,2025-09-19,2,Closed,Medium,0
L0001477,C002070,Car Finance,Midlands,16500,48,9.9,2025-09-03,2025-09-09,6,Active,Low,13280.89
L0001478,C002071,Car Finance,North West,3000,12,15.9,2025-10-08,2025-10-15,7,Active,Low,2618.7
L0001479,C002072,Car Finance,Scotland,27000,12,9.9,2026-05-13,2026-05-16,3,Delinquent,High,22855.16
L0001480,C002073,Home Improvement,Wales,18500,60,7.9,2025-06-23,2025-06-27,4,Approved,Low,5387.39
L0001481,C002074,Home Improvement,South East,15000,36,12.9,2025-12-21,2025-12-26,5,Active,Low,2558.68
L0001482,C002076,Home Improvement,South East,29500,60,7.9,2026-01-19,2026-01-23,4,Closed,Low,0
L0001483,C002078,Home Improvement,Midlands,4500,36,7.9,2025-03-05,2025-03-11,6,Active,Medium,2823.83
L0001484,C002079,Personal Loan,London,18000,24,15.9,2026-03-17,2026-03-22,5,Active,Low,17612.58
L0001485,C002080,Car Finance,Midlands,24000,48,9.9,2026-05-27,2026-06-01,5,Delinquent,Low,5439.63
L0001486,C002081,Debt Consolidation,Wales,27000,60,9.9,2025-03-24,2025-03-29,5,Closed,High,0
L0001487,C002082,Home Improvement,North West,9500,12,18.9,2025-07-17,2025-07-19,2,Active,Low,4271.63
L0001488,C002083,Personal Loan,Scotland,22500,24,7.9,2025-07-14,2025-07-19,5,Active,Low,18448.08
L0001489,C002084,Debt Consolidation,London,25500,12,9.9,2025-07-04,2025-07-09,5,Approved,Low,5442.15
L0001490,C002086,Home Improvement,London,23000,60,7.9,2026-02-21,2026-02-24,3,Active,High,7959.46
L0001491,C002087,Car Finance,South East,27000,24,12.9,2025-05-29,2025-06-01,3,Active,Medium,12719.67
L0001492,C002088,Personal Loan,South East,17000,36,18.9,2025-03-15,2025-03-19,4,Active,Low,15987.27
L0001493,C002090,Home Improvement,South West,2500,60,12.9,2026-01-06,2026-01-10,4,Closed,High,0
L0001494,C002091,Debt Consolidation,South East,8500,24,12.9,2025-07-24,2025-07-31,7,Closed,Low,0
L0001495,C002092,Personal Loan,Wales,15000,24,7.9,2025-10-16,2025-10-20,4,Active,Medium,3374.15
L0001496,C002093,Home Improvement,Scotland,28000,60,9.9,2025-03-18,2025-03-24,6,Active,Medium,26381.29
L0001497,C002096,Personal Loan,London,10000,48,18.9,2026-04-05,2026-04-11,6,Closed,Medium,0
L0001498,C002097,Personal Loan,Scotland,6500,24,12.9,2025-07-19,2025-07-24,5,Active,Low,3124.82
L0001499,C002098,Debt Consolidation,Wales,23000,48,15.9,2026-03-04,2026-03-06,2,Active,Low,12869.3
L0001500,C002099,Debt Consolidation,South East,12000,48,9.9,2025-09-16,2025-09-20,4,Closed,Low,0
L0001501,C002100,Debt Consolidation,Scotland,6000,60,18.9,2025-01-30,2025-02-04,5,Closed,Low,0
L0001502,C002101,Personal Loan,Scotland,27000,60,18.9,2025-11-22,2025-11-26,4,Approved,Medium,11444.47
L0001503,C002102,Debt Consolidation,North West,7500,12,7.9,2025-07-13,2025-07-17,4,Active,Medium,6112.82
L0001504,C002103,Car Finance,South East,15000,36,7.9,2025-07-12,2025-07-14,2,Closed,Low,0
L0001505,C002104,Home Improvement,London,14500,12,7.9,2025-03-28,2025-04-02,5,Closed,Medium,0
L0001506,C002105,Car Finance,London,24000,12,18.9,2025-11-08,2025-11-12,4,Closed,Medium,0
L0001507,C002106,Car Finance,Wales,15500,36,9.9,2025-07-15,2025-07-18,3,Defaulted,Low,4007.91
L0001508,C002107,Car Finance,Midlands,2500,48,18.9,2025-07-22,2025-07-25,3,Active,Low,2375.53
L0001509,C002109,Personal Loan,Scotland,11500,60,15.9,2026-03-21,2026-03-25,4,Active,Low,3350.07
L0001510,C002110,Home Improvement,Scotland,18000,36,9.9,2025-02-21,2025-02-23,2,Active,Low,8677.43
L0001511,C002112,Personal Loan,Scotland,26000,36,18.9,2025-10-31,2025-11-05,5,Closed,Low,0
L0001512,C002113,Home Improvement,Midlands,23000,60,15.9,2025-12-10,2025-12-12,2,Defaulted,Low,6414.38
L0001513,C002115,Debt Consolidation,South East,5000,12,18.9,2025-06-18,2025-06-20,2,Active,Low,4830.95
L0001514,C002117,Car Finance,Wales,29500,48,12.9,2026-05-01,2026-05-04,3,Closed,Low,0
L0001515,C002118,Car Finance,Scotland,18000,36,7.9,2025-06-26,2025-06-30,4,Active,Medium,11641.46
L0001516,C002119,Car Finance,Wales,5000,60,12.9,2026-02-07,2026-02-13,6,Active,Low,2312.05
L0001517,C002120,Home Improvement,Midlands,24500,24,9.9,2025-04-23,2025-04-28,5,Closed,Low,0
L0001518,C002121,Home Improvement,North West,8000,24,7.9,2025-12-15,2025-12-23,8,Active,Low,1775.41
L0001519,C002122,Car Finance,Wales,10000,12,12.9,2025-01-29,2025-02-03,5,Active,Low,4867.87
L0001520,C002123,Home Improvement,Scotland,16500,60,9.9,2025-05-26,2025-05-30,4,Active,Medium,12833.07
L0001521,C002125,Home Improvement,Scotland,29500,60,12.9,2025-07-23,2025-07-26,3,Active,Medium,15379.59
L0001522,C002127,Debt Consolidation,Midlands,2500,36,15.9,2025-06-27,2025-07-03,6,Active,Low,2076.76
L0001523,C002128,Home Improvement,South West,3000,60,18.9,2026-01-30,2026-02-03,4,Active,High,2899.93
L0001524,C002131,Personal Loan,North West,18000,60,12.9,2025-05-30,2025-06-04,5,Closed,Medium,0
L0001525,C002133,Home Improvement,Wales,2500,60,18.9,2025-12-16,2025-12-22,6,Active,Medium,926.22
L0001526,C002134,Home Improvement,London,23500,48,18.9,2025-10-16,2025-10-20,4,Approved,Low,18054.74
L0001527,C002137,Home Improvement,South West,22000,24,9.9,2025-11-04,2025-11-09,5,Defaulted,Low,7264.2
L0001528,C002139,Car Finance,South West,29000,12,15.9,2025-10-14,2025-10-17,3,Active,Medium,5855.28
L0001529,C002140,Debt Consolidation,Scotland,15500,12,9.9,2025-08-07,2025-08-15,8,Active,Low,5892.2
L0001530,C002141,Personal Loan,Midlands,2000,24,9.9,2026-03-05,2026-03-08,3,Active,High,758.88
L0001531,C002142,Home Improvement,London,4500,60,18.9,2025-04-24,2025-04-30,6,Active,Low,3561.61
L0001532,C002144,Debt Consolidation,Scotland,23500,36,7.9,2025-05-14,2025-05-19,5,Defaulted,Medium,18014.28
L0001533,C002146,Car Finance,South East,4500,24,7.9,2026-03-20,2026-03-25,5,Approved,Medium,777.21
L0001534,C002150,Car Finance,Wales,3500,24,15.9,2026-05-23,2026-05-27,4,Defaulted,Low,661.54
L0001535,C002151,Personal Loan,Wales,17000,12,12.9,2026-01-08,2026-01-16,8,Closed,Low,0
L0001536,C002152,Car Finance,London,27000,60,9.9,2026-04-28,2026-04-29,1,Active,Low,7139.66
L0001537,C002153,Car Finance,Scotland,9000,36,9.9,2025-04-07,2025-04-13,6,Active,Low,4615.44
L0001538,C002155,Debt Consolidation,South West,27000,48,9.9,2025-05-04,2025-05-08,4,Active,Medium,16456.92
L0001539,C002156,Home Improvement,London,17500,36,9.9,2026-03-07,2026-03-11,4,Active,Low,13531.27
L0001540,C002157,Personal Loan,Scotland,11000,24,15.9,2025-03-16,2025-03-18,2,Approved,High,2199.0
L0001541,C002159,Home Improvement,Scotland,5500,60,7.9,2025-09-07,2025-09-12,5,Active,Low,5328.6
L0001542,C002160,Home Improvement,North West,25500,36,7.9,2026-05-10,2026-05-16,6,Active,Low,13845.33
L0001543,C002163,Debt Consolidation,Scotland,17500,12,18.9,2025-12-28,2026-01-01,4,Active,Low,11832.18
L0001544,C002165,Personal Loan,Midlands,20500,36,7.9,2025-03-28,2025-03-31,3,Closed,Low,0
L0001545,C002166,Personal Loan,South East,13000,48,18.9,2025-07-08,2025-07-13,5,Active,Low,3325.12
L0001546,C002167,Personal Loan,Scotland,21000,48,7.9,2025-03-10,2025-03-16,6,Active,High,12050.6
L0001547,C002170,Personal Loan,North West,3500,60,9.9,2025-12-06,2025-12-09,3,Active,Medium,2236.12
L0001548,C002171,Car Finance,Scotland,15000,24,12.9,2025-08-22,2025-08-29,7,Delinquent,Low,9895.66
L0001549,C002172,Personal Loan,South East,6000,48,7.9,2026-03-20,2026-03-28,8,Active,Low,2319.6
L0001550,C002173,Home Improvement,Midlands,11500,60,7.9,2026-03-26,2026-04-01,6,Active,Low,3986.95
L0001551,C002176,Car Finance,London,18000,48,7.9,2026-05-20,2026-05-26,6,Approved,Low,12649.12
L0001552,C002177,Personal Loan,North West,2500,48,7.9,2025-09-27,2025-09-30,3,Active,Low,1581.62
L0001553,C002178,Home Improvement,Midlands,26500,48,12.9,2025-09-12,2025-09-16,4,Active,Low,24054.57
L0001554,C002179,Car Finance,Wales,5000,60,15.9,2026-04-19,2026-04-21,2,Delinquent,High,1333.85
L0001555,C002180,Personal Loan,South West,15500,12,15.9,2026-02-24,2026-03-02,6,Defaulted,Medium,9089.72
L0001556,C002181,Car Finance,North West,27500,48,18.9,2025-04-30,2025-05-05,5,Active,Medium,10197.35
L0001557,C002182,Debt Consolidation,Wales,22500,24,9.9,2026-04-16,2026-04-21,5,Active,Medium,9169.73
L0001558,C002183,Car Finance,London,5500,12,15.9,2026-04-12,2026-04-20,8,Active,High,2756.73
L0001559,C002184,Debt Consolidation,North West,4000,36,12.9,2025-11-05,2025-11-07,2,Closed,Medium,0
L0001560,C002185,Home Improvement,Wales,8000,48,15.9,2025-08-21,2025-08-26,5,Active,Low,6639.15
L0001561,C002186,Personal Loan,Scotland,23500,48,7.9,2026-04-13,2026-04-18,5,Active,High,12851.44
L0001562,C002187,Debt Consolidation,Midlands,8000,24,18.9,2025-11-24,2025-12-02,8,Active,Medium,5034.83
L0001563,C002189,Car Finance,Midlands,17500,24,18.9,2025-09-29,2025-10-06,7,Active,Low,14965.42
L0001564,C002190,Debt Consolidation,South East,9500,24,18.9,2026-01-05,2026-01-11,6,Active,Medium,6643.93
L0001565,C002192,Debt Consolidation,Wales,8500,24,9.9,2025-09-16,2025-09-20,4,Delinquent,Low,3528.79
L0001566,C002193,Debt Consolidation,South East,11000,24,12.9,2025-05-27,2025-05-31,4,Active,Low,7123.98
L0001567,C002194,Home Improvement,Midlands,16000,48,18.9,2026-02-22,2026-02-26,4,Delinquent,Medium,5980.74
L0001568,C002196,Car Finance,Wales,16000,36,15.9,2026-01-23,2026-01-28,5,Active,High,3821.94
L0001569,C002199,Car Finance,Wales,27500,48,18.9,2025-02-10,2025-02-11,1,Defaulted,Low,13738.9
L0001570,C002200,Car Finance,Wales,6500,48,12.9,2025-09-08,2025-09-16,8,Active,Low,4247.63
L0001571,C002201,Home Improvement,South East,7500,24,15.9,2025-07-23,2025-07-28,5,Active,Medium,6471.2
L0001572,C002202,Car Finance,Wales,5000,36,7.9,2025-02-10,2025-02-15,5,Active,High,4786.25
L0001573,C002203,Home Improvement,Midlands,12500,24,7.9,2025-11-14,2025-11-16,2,Delinquent,High,3323.46
L0001574,C002206,Car Finance,South East,2000,24,18.9,2025-04-15,2025-04-18,3,Active,High,1221.61
L0001575,C002207,Personal Loan,North West,9500,60,18.9,2025-11-15,2025-11-22,7,Delinquent,Low,3387.82
L0001576,C002208,Debt Consolidation,Midlands,14000,48,12.9,2026-04-13,2026-04-15,2,Closed,Medium,0
L0001577,C002209,Personal Loan,London,25000,60,7.9,2025-06-13,2025-06-18,5,Active,High,23431.54
L0001578,C002210,Personal Loan,Scotland,27500,12,9.9,2025-02-14,2025-02-20,6,Closed,Low,0
L0001579,C002211,Home Improvement,South West,8000,24,9.9,2026-01-05,2026-01-09,4,Closed,Low,0
L0001580,C002213,Debt Consolidation,South East,17000,24,15.9,2025-09-14,2025-09-19,5,Active,Low,13623.88
L0001581,C002215,Home Improvement,Scotland,9500,24,18.9,2026-02-13,2026-02-18,5,Active,Low,7980.14
L0001582,C002216,Personal Loan,Scotland,14500,48,18.9,2025-09-01,2025-09-05,4,Active,High,7402.62
L0001583,C002217,Home Improvement,Scotland,12500,36,15.9,2025-11-29,2025-12-06,7,Active,Medium,9335.36
L0001584,C002218,Home Improvement,Wales,27000,60,7.9,2026-01-19,2026-01-22,3,Active,Low,13368.32
L0001585,C002219,Car Finance,Scotland,4000,36,15.9,2026-03-25,2026-03-31,6,Active,Low,3308.57
L0001586,C002221,Car Finance,South West,28000,60,12.9,2025-06-05,2025-06-10,5,Active,Medium,17819.93
L0001587,C002223,Personal Loan,Scotland,26500,24,12.9,2025-04-03,2025-04-06,3,Active,Medium,19802.69
L0001588,C002224,Car Finance,North West,6000,60,18.9,2025-03-20,2025-03-24,4,Active,Low,4367.22
L0001589,C002225,Car Finance,Midlands,28500,12,18.9,2025-02-23,2025-02-26,3,Delinquent,Medium,19343.73
L0001590,C002227,Home Improvement,Midlands,23000,36,15.9,2025-02-27,2025-03-03,4,Active,Low,7904.44
L0001591,C002228,Personal Loan,London,18000,36,18.9,2025-04-29,2025-05-05,6,Active,Low,15830.94
L0001592,C002229,Car Finance,North West,19000,48,12.9,2025-08-24,2025-09-01,8,Active,Medium,18219.18
L0001593,C002230,Personal Loan,North West,18500,12,15.9,2025-12-01,2025-12-04,3,Active,Medium,5325.21
L0001594,C002231,Personal Loan,Scotland,18500,12,12.9,2025-02-06,2025-02-11,5,Active,Medium,17216.74
L0001595,C002232,Home Improvement,Wales,21500,12,15.9,2025-05-15,2025-05-18,3,Closed,Medium,0
L0001596,C002235,Debt Consolidation,Midlands,5000,36,7.9,2026-03-27,2026-04-03,7,Active,Low,4229.32
L0001597,C002238,Debt Consolidation,North West,11000,60,7.9,2025-07-01,2025-07-07,6,Closed,Low,0
L0001598,C002239,Debt Consolidation,London,11500,36,15.9,2025-09-11,2025-09-17,6,Delinquent,Low,8176.6
L0001599,C002240,Home Improvement,South West,11500,24,7.9,2025-10-25,2025-10-31,6,Active,Low,10622.62
L0001600,C002241,Personal Loan,South East,22500,60,15.9,2025-04-08,2025-04-16,8,Active,Low,18308.46
L0001601,C002242,Personal Loan,South West,27000,60,9.9,2026-03-20,2026-03-23,3,Approved,Low,5267.55
L0001602,C002243,Personal Loan,London,28000,48,18.9,2025-04-05,2025-04-11,6,Closed,Low,0
L0001603,C002245,Debt Consolidation,South West,24000,36,18.9,2025-04-14,2025-04-16,2,Closed,Low,0
L0001604,C002246,Personal Loan,Midlands,4500,24,15.9,2025-03-11,2025-03-13,2,Active,High,2870.1
L0001605,C002247,Car Finance,Scotland,9500,36,7.9,2025-10-02,2025-10-09,7,Closed,Medium,0
L0001606,C002249,Home Improvement,London,12500,12,9.9,2025-11-07,2025-11-12,5,Defaulted,Medium,10910.3
L0001607,C002253,Home Improvement,South West,14000,60,9.9,2025-02-26,2025-03-06,8,Approved,Medium,10429.72
L0001608,C002254,Home Improvement,South East,25000,12,18.9,2025-10-21,2025-10-25,4,Active,Medium,21104.28
L0001609,C002255,Debt Consolidation,North West,4500,60,7.9,2025-11-28,2025-12-02,4,Active,Medium,3321.0
L0001610,C002256,Car Finance,North West,24000,12,18.9,2025-04-30,2025-05-02,2,Active,Low,14322.95
L0001611,C002257,Car Finance,South East,9000,60,7.9,2025-03-07,2025-03-12,5,Active,Low,2399.88
L0001612,C002258,Personal Loan,South East,27000,36,7.9,2025-12-06,2025-12-13,7,Active,Low,20076.18
L0001613,C002259,Debt Consolidation,North West,23000,12,12.9,2026-04-02,2026-04-07,5,Delinquent,Low,20122.1
L0001614,C002260,Debt Consolidation,Midlands,9000,48,15.9,2026-02-20,2026-02-25,5,Active,Low,5894.24
L0001615,C002262,Car Finance,Midlands,27500,24,7.9,2025-05-08,2025-05-10,2,Delinquent,Medium,4955.53
L0001616,C002263,Debt Consolidation,North West,13000,48,7.9,2025-03-04,2025-03-06,2,Closed,Low,0
L0001617,C002264,Personal Loan,South West,8000,36,9.9,2025-02-06,2025-02-14,8,Active,Low,5608.88
L0001618,C002265,Debt Consolidation,Scotland,3500,48,12.9,2025-12-29,2026-01-03,5,Active,Low,2941.91
L0001619,C002266,Debt Consolidation,South East,29500,12,7.9,2025-10-13,2025-10-17,4,Active,Low,14929.89
L0001620,C002268,Home Improvement,South West,3000,48,9.9,2026-05-23,2026-05-28,5,Closed,Low,0
L0001621,C002269,Debt Consolidation,London,6000,48,12.9,2025-09-08,2025-09-14,6,Active,Low,2712.52
L0001622,C002271,Personal Loan,Midlands,25500,48,18.9,2025-08-19,2025-08-25,6,Closed,Low,0
L0001623,C002272,Car Finance,Midlands,8000,48,15.9,2025-11-23,2025-11-26,3,Active,Low,6238.13
L0001624,C002273,Personal Loan,London,4500,60,15.9,2026-01-01,2026-01-04,3,Active,Low,3063.03
L0001625,C002274,Car Finance,South West,27000,24,18.9,2025-10-08,2025-10-13,5,Delinquent,Medium,13251.08
L0001626,C002275,Home Improvement,London,6000,24,15.9,2025-06-14,2025-06-19,5,Active,High,3452.75
L0001627,C002276,Home Improvement,Wales,8000,36,15.9,2025-07-10,2025-07-11,1,Active,Medium,7666.11
L0001628,C002278,Personal Loan,South East,5500,60,18.9,2025-10-10,2025-10-14,4,Active,Medium,3298.06
L0001629,C002280,Car Finance,North West,3000,24,18.9,2025-08-02,2025-08-09,7,Active,Low,1608.91
L0001630,C002281,Car Finance,Wales,4000,60,18.9,2026-04-21,2026-04-28,7,Active,Low,2836.08
L0001631,C002283,Personal Loan,South West,25500,24,18.9,2026-02-03,2026-02-09,6,Closed,High,0
L0001632,C002284,Home Improvement,South West,25500,60,12.9,2025-03-02,2025-03-07,5,Active,Medium,24429.35
L0001633,C002285,Car Finance,South West,4000,48,12.9,2026-05-24,2026-05-30,6,Closed,Medium,0
L0001634,C002286,Personal Loan,North West,4000,48,15.9,2026-02-27,2026-03-06,7,Active,Low,1160.17
L0001635,C002287,Car Finance,Scotland,7500,12,12.9,2026-02-02,2026-02-09,7,Active,Low,3232.77
L0001636,C002288,Car Finance,North West,5500,36,7.9,2025-05-04,2025-05-08,4,Defaulted,Medium,5199.66
L0001637,C002289,Debt Consolidation,North West,28000,48,12.9,2025-11-11,2025-11-16,5,Approved,High,21525.74
L0001638,C002293,Debt Consolidation,South West,29500,12,18.9,2025-09-13,2025-09-20,7,Active,Low,4746.52
L0001639,C002294,Home Improvement,Scotland,5000,48,9.9,2025-07-19,2025-07-23,4,Closed,High,0
L0001640,C002295,Personal Loan,London,20500,48,9.9,2026-02-06,2026-02-07,1,Active,Medium,8609.8
L0001641,C002296,Home Improvement,Scotland,24000,24,12.9,2025-07-30,2025-08-04,5,Approved,Low,14696.72
L0001642,C002299,Car Finance,Wales,3000,60,12.9,2026-05-20,2026-05-24,4,Active,Low,2634.46
L0001643,C002302,Debt Consolidation,Wales,14500,24,7.9,2026-01-30,2026-02-06,7,Closed,Low,0
L0001644,C002303,Home Improvement,South West,29000,12,15.9,2026-04-06,2026-04-11,5,Approved,Medium,18936.3
L0001645,C002304,Debt Consolidation,Scotland,18500,12,7.9,2026-05-14,2026-05-17,3,Approved,Low,11121.4
L0001646,C002305,Personal Loan,South East,27000,12,12.9,2026-04-21,2026-04-25,4,Closed,Medium,0
L0001647,C002306,Car Finance,South West,29500,60,18.9,2025-09-08,2025-09-12,4,Active,High,21063.2
L0001648,C002307,Car Finance,North West,16000,48,9.9,2025-10-04,2025-10-09,5,Active,High,8888.6
L0001649,C002308,Car Finance,Midlands,15500,60,7.9,2026-06-05,2026-06-08,3,Active,Low,2511.54
L0001650,C002309,Home Improvement,North West,23000,12,7.9,2026-06-05,2026-06-09,4,Defaulted,Medium,7260.98
L0001651,C002312,Debt Consolidation,Wales,28500,36,12.9,2026-04-11,2026-04-17,6,Approved,Low,11772.3
L0001652,C002313,Car Finance,Wales,24500,24,12.9,2025-04-30,2025-05-03,3,Active,High,5538.82
L0001653,C002314,Personal Loan,London,27000,36,9.9,2026-02-19,2026-02-24,5,Active,Low,18432.36
L0001654,C002315,Personal Loan,North West,25500,60,15.9,2025-11-21,2025-11-26,5,Active,Medium,22461.61
L0001655,C002316,Car Finance,Scotland,5500,48,12.9,2025-01-10,2025-01-17,7,Active,Low,4688.92
L0001656,C002317,Home Improvement,Midlands,20500,48,7.9,2025-05-16,2025-05-22,6,Closed,Medium,0
L0001657,C002318,Car Finance,North West,24000,36,7.9,2025-12-19,2025-12-25,6,Active,Low,16348.58
L0001658,C002319,Home Improvement,Wales,15500,12,7.9,2025-03-04,2025-03-11,7,Closed,Low,0
L0001659,C002320,Car Finance,London,16000,36,9.9,2025-04-02,2025-04-07,5,Active,High,10402.96
L0001660,C002321,Car Finance,Midlands,16000,12,15.9,2025-12-02,2025-12-05,3,Active,High,4361.42
L0001661,C002322,Home Improvement,South West,9000,60,7.9,2025-01-24,2025-01-28,4,Active,Low,4962.24
L0001662,C002325,Debt Consolidation,South West,7000,48,15.9,2026-04-19,2026-04-22,3,Closed,Low,0
L0001663,C002326,Car Finance,London,22000,48,15.9,2025-08-19,2025-08-24,5,Active,Medium,9087.75
L0001664,C002327,Personal Loan,North West,15000,36,9.9,2025-09-25,2025-09-29,4,Active,Low,13651.5
L0001665,C002328,Debt Consolidation,London,4500,36,12.9,2025-05-08,2025-05-09,1,Closed,Medium,0
L0001666,C002330,Personal Loan,Wales,18500,36,7.9,2026-04-07,2026-04-14,7,Active,Medium,5487.16
L0001667,C002332,Car Finance,Midlands,5500,36,12.9,2025-05-05,2025-05-09,4,Delinquent,Medium,4331.99
L0001668,C002333,Personal Loan,London,27500,48,12.9,2025-02-16,2025-02-21,5,Active,Low,26619.81
L0001669,C002334,Debt Consolidation,London,16500,24,7.9,2025-06-29,2025-07-02,3,Active,Low,14830.33
L0001670,C002335,Debt Consolidation,London,13500,24,12.9,2025-04-16,2025-04-19,3,Closed,Low,0
L0001671,C002336,Debt Consolidation,London,4500,48,18.9,2025-12-22,2025-12-26,4,Approved,Medium,2403.91
L0001672,C002337,Car Finance,London,24000,36,18.9,2025-08-12,2025-08-17,5,Active,Medium,18516.7
L0001673,C002338,Debt Consolidation,London,22000,48,18.9,2025-11-27,2025-11-29,2,Active,Medium,10173.07
L0001674,C002339,Debt Consolidation,Wales,21500,60,9.9,2025-04-08,2025-04-13,5,Defaulted,Low,15006.59
L0001675,C002340,Car Finance,Wales,2000,24,9.9,2025-01-28,2025-02-02,5,Closed,Low,0
L0001676,C002341,Home Improvement,London,13000,12,12.9,2026-03-29,2026-04-02,4,Active,High,8001.4
L0001677,C002343,Debt Consolidation,North West,24000,24,15.9,2025-07-13,2025-07-16,3,Active,Low,23513.03
L0001678,C002344,Car Finance,North West,8500,36,7.9,2025-07-04,2025-07-11,7,Defaulted,Low,4775.37
L0001679,C002346,Car Finance,South West,9500,36,9.9,2026-01-16,2026-01-19,3,Active,Medium,5387.42
L0001680,C002347,Car Finance,Midlands,2000,12,18.9,2025-12-16,2025-12-18,2,Closed,Low,0
L0001681,C002348,Home Improvement,London,21500,48,12.9,2025-11-20,2025-11-24,4,Active,Low,10780.05
L0001682,C002349,Debt Consolidation,North West,5000,48,9.9,2025-11-07,2025-11-13,6,Active,Low,3620.77
L0001683,C002350,Personal Loan,Wales,26500,60,18.9,2025-05-10,2025-05-14,4,Approved,Low,15902.08
L0001684,C002351,Car Finance,North West,14500,48,15.9,2025-07-08,2025-07-12,4,Approved,Low,5406.87
L0001685,C002352,Car Finance,North West,27500,48,7.9,2026-01-22,2026-01-26,4,Delinquent,Low,23186.57
L0001686,C002353,Home Improvement,Wales,15500,36,18.9,2026-03-09,2026-03-16,7,Active,Low,9076.38
L0001687,C002354,Debt Consolidation,South East,25500,48,12.9,2026-01-28,2026-01-30,2,Approved,Low,19706.85
L0001688,C002355,Car Finance,South East,12000,48,15.9,2025-12-30,2026-01-05,6,Approved,Medium,4912.95
L0001689,C002356,Car Finance,North West,21500,36,18.9,2025-12-03,2025-12-07,4,Closed,Medium,0
L0001690,C002357,Personal Loan,South West,6000,48,7.9,2025-08-15,2025-08-21,6,Closed,Medium,0
L0001691,C002360,Debt Consolidation,South East,14500,36,7.9,2025-08-27,2025-09-01,5,Active,High,7509.98
L0001692,C002361,Home Improvement,South East,15000,60,9.9,2025-03-17,2025-03-20,3,Delinquent,Low,4938.15
L0001693,C002362,Home Improvement,Wales,28500,12,12.9,2025-12-02,2025-12-04,2,Delinquent,Medium,9346.14
L0001694,C002364,Personal Loan,South West,6500,60,7.9,2025-07-11,2025-07-15,4,Active,Low,2132.59
L0001695,C002365,Debt Consolidation,South West,27500,48,15.9,2026-02-22,2026-02-26,4,Approved,Medium,24396.95
L0001696,C002367,Home Improvement,South East,6500,12,7.9,2025-09-08,2025-09-11,3,Delinquent,Low,5365.08
L0001697,C002368,Personal Loan,South West,4500,36,9.9,2025-08-06,2025-08-13,7,Approved,Low,2801.62
L0001698,C002369,Home Improvement,South East,18500,12,7.9,2025-07-13,2025-07-19,6,Active,Low,11260.98
L0001699,C002370,Car Finance,Wales,25500,48,15.9,2025-10-17,2025-10-23,6,Active,Low,7838.38
L0001700,C002371,Personal Loan,Wales,5500,60,7.9,2026-04-10,2026-04-16,6,Active,High,4504.9
L0001701,C002372,Personal Loan,South West,16500,60,7.9,2025-03-17,2025-03-20,3,Closed,Low,0
L0001702,C002373,Car Finance,South West,27500,24,18.9,2025-07-09,2025-07-15,6,Active,Low,22693.06
L0001703,C002375,Personal Loan,London,6500,60,9.9,2025-03-31,2025-04-04,4,Active,High,5821.16
L0001704,C002379,Debt Consolidation,North West,5500,36,7.9,2026-05-17,2026-05-22,5,Active,High,4830.45
L0001705,C002381,Car Finance,Scotland,10000,48,15.9,2025-06-04,2025-06-08,4,Closed,Low,0
L0001706,C002382,Home Improvement,North West,14500,12,9.9,2026-03-26,2026-04-01,6,Active,High,4012.38
L0001707,C002383,Debt Consolidation,Wales,23000,12,7.9,2025-05-17,2025-05-21,4,Active,Low,7246.48
L0001708,C002384,Debt Consolidation,London,15500,48,15.9,2025-12-31,2026-01-09,9,Approved,Medium,10552.71
L0001709,C002386,Personal Loan,Midlands,24000,60,7.9,2025-01-07,2025-01-11,4,Active,Low,8974.45
L0001710,C002387,Home Improvement,North West,13000,36,9.9,2025-12-30,2026-01-04,5,Approved,Low,8522.81
L0001711,C002388,Personal Loan,Midlands,13000,48,18.9,2025-09-06,2025-09-10,4,Closed,Medium,0
L0001712,C002390,Debt Consolidation,Midlands,22000,24,15.9,2026-04-07,2026-04-14,7,Closed,Low,0
L0001713,C002391,Home Improvement,Midlands,12500,12,7.9,2026-05-16,2026-05-22,6,Active,Low,12082.2
L0001714,C002393,Debt Consolidation,South West,3500,12,12.9,2025-02-08,2025-02-13,5,Closed,Low,0
L0001715,C002394,Home Improvement,North West,2500,48,12.9,2025-06-23,2025-06-28,5,Closed,Low,0
L0001716,C002395,Car Finance,South West,12000,24,15.9,2025-07-10,2025-07-15,5,Approved,Low,10803.53
L0001717,C002397,Home Improvement,South West,19000,36,7.9,2025-07-11,2025-07-17,6,Active,Medium,9340.78
L0001718,C002398,Personal Loan,South East,7000,24,12.9,2025-10-14,2025-10-17,3,Approved,Low,1835.51
L0001719,C002400,Personal Loan,North West,24000,60,12.9,2025-10-15,2025-10-18,3,Active,Medium,21303.63
L0001720,C002401,Car Finance,London,23500,24,15.9,2025-03-06,2025-03-11,5,Active,Medium,21407.6
L0001721,C002402,Home Improvement,North West,3500,60,18.9,2025-01-17,2025-01-26,9,Active,Low,2096.76
L0001722,C002403,Personal Loan,South West,25500,60,12.9,2025-06-12,2025-06-15,3,Closed,Low,0
L0001723,C002405,Personal Loan,South East,6500,48,15.9,2026-04-01,2026-04-06,5,Active,Low,2239.28
L0001724,C002406,Personal Loan,Wales,25000,24,9.9,2025-04-22,2025-04-26,4,Approved,High,9675.42
L0001725,C002407,Personal Loan,Wales,16000,12,15.9,2025-05-19,2025-05-26,7,Closed,Low,0
L0001726,C002408,Debt Consolidation,Wales,22500,48,18.9,2026-04-16,2026-04-21,5,Delinquent,High,17622.52
L0001727,C002409,Home Improvement,Wales,29000,12,15.9,2026-04-29,2026-05-04,5,Approved,Low,26178.24
L0001728,C002410,Car Finance,South East,25000,24,12.9,2026-03-03,2026-03-08,5,Delinquent,Medium,18173.64
L0001729,C002411,Car Finance,North West,8000,12,9.9,2025-10-23,2025-10-28,5,Closed,Low,0
L0001730,C002412,Home Improvement,Wales,14500,48,7.9,2026-04-19,2026-04-25,6,Closed,Medium,0
L0001731,C002413,Debt Consolidation,South West,25000,24,12.9,2025-07-05,2025-07-09,4,Active,Low,14858.55
L0001732,C002415,Personal Loan,London,17000,24,9.9,2025-03-02,2025-03-08,6,Active,Low,3352.66
L0001733,C002416,Debt Consolidation,South West,3000,24,9.9,2026-03-14,2026-03-18,4,Closed,Low,0
L0001734,C002417,Car Finance,Wales,15000,60,15.9,2025-02-17,2025-02-22,5,Active,Low,8428.95
L0001735,C002420,Home Improvement,North West,8500,60,18.9,2025-09-21,2025-09-27,6,Active,Low,8076.41
L0001736,C002422,Car Finance,Midlands,26000,60,9.9,2026-02-21,2026-02-26,5,Closed,High,0
L0001737,C002424,Car Finance,Scotland,29500,60,9.9,2025-08-16,2025-08-21,5,Active,Low,17954.22
L0001738,C002425,Home Improvement,Scotland,6000,48,9.9,2025-02-15,2025-02-20,5,Closed,Low,0
L0001739,C002426,Personal Loan,North West,13000,24,18.9,2025-01-18,2025-01-25,7,Active,Low,2608.6
L0001740,C002428,Debt Consolidation,South West,23000,12,15.9,2026-01-05,2026-01-12,7,Delinquent,Low,7229.6
L0001741,C002429,Personal Loan,South West,16500,12,7.9,2025-11-03,2025-11-09,6,Active,Low,3515.52
L0001742,C002430,Home Improvement,Wales,16500,12,15.9,2025-01-19,2025-01-23,4,Active,Low,9227.04
L0001743,C002432,Home Improvement,Midlands,27000,12,7.9,2026-04-05,2026-04-09,4,Active,Low,10069.86
L0001744,C002433,Car Finance,South West,21000,12,18.9,2025-09-07,2025-09-12,5,Active,Low,9292.25
L0001745,C002434,Debt Consolidation,Midlands,8000,24,7.9,2025-07-14,2025-07-21,7,Closed,Medium,0
L0001746,C002435,Personal Loan,North West,11000,60,15.9,2026-02-22,2026-03-01,7,Closed,Medium,0
L0001747,C002436,Personal Loan,Midlands,11500,12,18.9,2025-05-31,2025-06-03,3,Active,Low,10581.04
L0001748,C002438,Car Finance,Wales,27500,36,12.9,2025-04-10,2025-04-15,5,Approved,Medium,15334.98
L0001749,C002439,Personal Loan,Midlands,11500,36,9.9,2025-04-19,2025-04-25,6,Active,Low,8965.57
L0001750,C002440,Home Improvement,Scotland,23500,48,9.9,2025-02-23,2025-02-27,4,Active,Low,19860.63
L0001751,C002441,Personal Loan,South West,21500,60,9.9,2026-02-16,2026-02-22,6,Approved,Low,15755.08
L0001752,C002442,Personal Loan,Midlands,19000,12,18.9,2025-05-29,2025-06-03,5,Delinquent,Low,17997.86
L0001753,C002443,Debt Consolidation,Scotland,13000,48,12.9,2025-09-26,2025-09-30,4,Active,Low,8154.12
L0001754,C002446,Personal Loan,North West,5500,12,9.9,2025-12-24,2025-12-31,7,Closed,Low,0
L0001755,C002448,Car Finance,Wales,28000,60,12.9,2025-10-02,2025-10-05,3,Active,High,26413.62
L0001756,C002449,Home Improvement,London,28500,60,9.9,2026-02-13,2026-02-22,9,Active,Low,8077.44
L0001757,C002450,Personal Loan,Midlands,15000,24,7.9,2025-03-23,2025-03-26,3,Active,Low,13689.78
L0001758,C002453,Home Improvement,Wales,29000,36,9.9,2025-10-26,2025-11-01,6,Active,Low,11960.32
L0001759,C002454,Personal Loan,South West,21500,24,18.9,2026-01-04,2026-01-11,7,Active,Low,9147.8
L0001760,C002455,Debt Consolidation,South West,17000,36,15.9,2025-05-09,2025-05-12,3,Approved,Medium,15281.7
L0001761,C002456,Home Improvement,London,26500,36,18.9,2026-04-26,2026-05-04,8,Active,Low,7494.04
L0001762,C002457,Home Improvement,Midlands,26000,12,12.9,2026-03-15,2026-03-20,5,Active,Medium,23565.27
L0001763,C002458,Home Improvement,Wales,8000,60,12.9,2026-01-04,2026-01-07,3,Active,Low,6121.26
L0001764,C002460,Home Improvement,North West,18500,24,18.9,2025-02-21,2025-02-24,3,Active,Low,4826.6
L0001765,C002464,Personal Loan,London,15000,36,15.9,2025-08-10,2025-08-16,6,Closed,Low,0
L0001766,C002466,Car Finance,Midlands,16000,24,12.9,2025-01-28,2025-02-03,6,Delinquent,Low,3036.21
L0001767,C002467,Debt Consolidation,Wales,14000,60,12.9,2026-05-31,2026-06-04,4,Active,Medium,13152.96
L0001768,C002468,Car Finance,South West,28000,24,15.9,2025-10-22,2025-10-29,7,Active,Medium,12116.3
L0001769,C002469,Home Improvement,Midlands,16500,24,9.9,2025-05-04,2025-05-08,4,Active,Low,9572.88
L0001770,C002470,Personal Loan,Wales,20000,24,12.9,2025-09-22,2025-09-28,6,Closed,High,0
L0001771,C002471,Home Improvement,South East,23500,24,18.9,2025-08-16,2025-08-23,7,Closed,Medium,0
L0001772,C002472,Debt Consolidation,South East,20500,36,18.9,2025-04-30,2025-05-06,6,Active,Medium,10210.6
L0001773,C002474,Car Finance,South East,9000,24,7.9,2025-06-24,2025-06-28,4,Defaulted,Low,8637.91
L0001774,C002476,Home Improvement,South West,19500,48,18.9,2025-01-17,2025-01-22,5,Approved,Low,4545.48
L0001775,C002477,Debt Consolidation,Scotland,8000,36,18.9,2026-03-17,2026-03-24,7,Closed,Low,0
L0001776,C002478,Personal Loan,Midlands,11000,12,18.9,2025-09-17,2025-09-24,7,Active,Low,2281.51
L0001777,C002480,Debt Consolidation,Midlands,10000,60,9.9,2025-04-07,2025-04-09,2,Active,Low,7965.38
L0001778,C002481,Home Improvement,London,23500,36,7.9,2025-05-19,2025-05-22,3,Active,Medium,13765.6
L0001779,C002482,Personal Loan,South East,25500,36,18.9,2025-03-16,2025-03-25,9,Active,Medium,8862.84
L0001780,C002484,Home Improvement,South East,2500,48,15.9,2025-10-05,2025-10-10,5,Closed,Medium,0
L0001781,C002485,Car Finance,South West,2000,12,7.9,2025-02-23,2025-03-01,6,Active,Low,1086.97
L0001782,C002486,Car Finance,North West,25000,12,12.9,2025-07-24,2025-07-28,4,Active,Low,4441.64
L0001783,C002487,Personal Loan,Scotland,13500,48,9.9,2025-09-25,2025-09-28,3,Active,Low,9913.2
L0001784,C002489,Personal Loan,South West,7000,12,18.9,2025-07-31,2025-08-05,5,Active,Low,1840.42
L0001785,C002490,Debt Consolidation,North West,21500,24,7.9,2025-02-19,2025-02-24,5,Active,Medium,17971.59
L0001786,C002491,Home Improvement,Midlands,6500,12,18.9,2025-03-04,2025-03-11,7,Active,Low,5961.35
L0001787,C002492,Home Improvement,South East,8000,60,15.9,2026-01-05,2026-01-11,6,Defaulted,Low,6619.13
L0001788,C002493,Debt Consolidation,North West,14000,48,12.9,2025-05-21,2025-05-28,7,Delinquent,Low,3038.79
L0001789,C002494,Personal Loan,South East,13000,12,15.9,2025-04-08,2025-04-16,8,Delinquent,Medium,6398.07
L0001790,C002495,Car Finance,North West,3500,48,12.9,2025-01-15,2025-01-21,6,Closed,Low,0
L0001791,C002497,Personal Loan,South West,21500,36,12.9,2025-10-22,2025-10-28,6,Closed,Low,0
L0001792,C002498,Debt Consolidation,Scotland,15000,36,7.9,2025-03-17,2025-03-24,7,Active,Low,5674.44
L0001793,C002499,Car Finance,Scotland,5500,36,9.9,2025-11-05,2025-11-09,4,Active,Medium,4524.62
