VerificationID,LoanID,CustomerID,KYCStatus,VerificationDate,DocumentType,VerificationMethod
V0000001,L0000001,C000001,Verified,2026-03-29,BRP,API
V0000002,L0000002,C000004,Verified,2026-01-27,Utility Bill,Manual
V0000003,L0000003,C000005,Manual Review,2025-09-21,BRP,API
V0000004,L0000004,C000006,Verified,2026-02-26,Utility Bill,Email
V0000005,L0000005,C000008,Verified,2025-03-03,Passport,Manual
V0000006,L0000006,C000010,Verified,2025-02-13,Utility Bill,Manual
V0000007,L0000007,C000013,Verified,2026-05-04,Utility Bill,API
V0000008,L0000008,C000016,Verified,2025-04-30,BRP,Manual
V0000009,L0000009,C000017,Failed,2025-10-20,Utility Bill,Email
V0000010,L0000010,C000018,Manual Review,2025-06-17,BRP,Email
V0000011,L0000011,C000019,Verified,2026-05-18,Utility Bill,Manual
V0000012,L0000012,C000020,Verified,2026-05-18,Passport,API
V0000013,L0000013,C000021,Verified,2025-08-10,Utility Bill,Manual
V0000014,L0000014,C000022,Verified,2026-01-18,Passport,Email
V0000015,L0000015,C000023,Manual Review,2025-05-09,Driving Licence,Email
V0000016,L0000016,C000024,Verified,2025-05-29,Utility Bill,Email
V0000017,L0000017,C000025,Verified,2025-01-13,Passport,Email
V0000018,L0000018,C000026,Verified,2026-01-19,Driving Licence,Manual
V0000019,L0000019,C000027,Manual Review,2025-07-10,BRP,Email
V0000020,L0000020,C000030,Verified,2025-07-24,Utility Bill,Email
V0000021,L0000021,C000031,Verified,2026-05-31,BRP,API
V0000022,L0000022,C000032,Verified,2025-02-20,Passport,Manual
V0000023,L0000023,C000033,Failed,2026-01-18,BRP,API
V0000024,L0000024,C000034,Verified,2025-06-15,Driving Licence,Manual
V0000025,L0000025,C000035,Verified,2025-09-22,BRP,Manual
V0000026,L0000026,C000036,Verified,2025-11-14,Utility Bill,API
V0000027,L0000027,C000037,Verified,2026-03-31,Passport,Email
V0000028,L0000028,C000039,Verified,2025-03-20,Utility Bill,Email
V0000029,L0000029,C000040,Verified,2026-05-06,Driving Licence,Manual
V0000030,L0000030,C000041,Manual Review,2026-01-06,Driving Licence,Manual
V0000031,L0000031,C000043,Manual Review,2025-11-03,BRP,Email
V0000032,L0000032,C000044,Verified,2025-04-05,Utility Bill,API
V0000033,L0000033,C000045,Verified,2026-01-01,Driving Licence,Manual
V0000034,L0000034,C000046,Verified,2025-11-13,Driving Licence,Email
V0000035,L0000035,C000047,Verified,2025-11-20,Passport,Email
V0000036,L0000036,C000048,Verified,2025-12-18,Passport,Email
V0000037,L0000037,C000049,Manual Review,2025-07-02,BRP,Email
V0000038,L0000038,C000050,Verified,2025-06-20,Driving Licence,Manual
V0000039,L0000039,C000052,Verified,2025-07-02,Utility Bill,Email
V0000040,L0000040,C000053,Verified,2025-02-04,Passport,Manual
V0000041,L0000041,C000054,Verified,2025-04-13,BRP,API
V0000042,L0000042,C000055,Verified,2025-05-14,Utility Bill,Manual
V0000043,L0000043,C000056,Manual Review,2025-01-31,Driving Licence,API
V0000044,L0000044,C000058,Verified,2025-07-24,Utility Bill,Manual
V0000045,L0000045,C000061,Verified,2026-02-01,Utility Bill,Manual
V0000046,L0000046,C000062,Verified,2026-04-11,BRP,API
V0000047,L0000047,C000063,Verified,2025-06-02,Driving Licence,Email
V0000048,L0000048,C000064,Manual Review,2026-06-03,BRP,Manual
V0000049,L0000049,C000065,Verified,2025-09-30,Driving Licence,API
V0000050,L0000050,C000066,Manual Review,2026-03-22,Driving Licence,API
V0000051,L0000051,C000067,Verified,2025-10-22,Driving Licence,Email
V0000052,L0000052,C000069,Failed,2026-05-16,BRP,API
V0000053,L0000053,C000071,Verified,2025-07-01,Driving Licence,Email
V0000054,L0000054,C000072,Verified,2026-04-11,Passport,Manual
V0000055,L0000055,C000073,Verified,2025-11-29,Utility Bill,Email
V0000056,L0000056,C000074,Verified,2026-02-26,BRP,Email
V0000057,L0000057,C000075,Verified,2025-02-24,Driving Licence,Email
V0000058,L0000058,C000077,Verified,2026-03-28,BRP,API
V0000059,L0000059,C000079,Verified,2025-01-10,Driving Licence,Email
V0000060,L0000060,C000080,Verified,2026-05-04,Passport,API
V0000061,L0000061,C000081,Verified,2025-04-11,Utility Bill,API
V0000062,L0000062,C000083,Failed,2025-09-15,BRP,Email
V0000063,L0000063,C000086,Verified,2025-02-26,Utility Bill,Manual
V0000064,L0000064,C000089,Verified,2026-02-13,BRP,Manual
V0000065,L0000065,C000090,Verified,2026-01-29,Utility Bill,API
V0000066,L0000066,C000091,Verified,2025-09-24,Driving Licence,Email
V0000067,L0000067,C000092,Verified,2026-04-19,Driving Licence,Email
V0000068,L0000068,C000093,Verified,2025-04-26,Utility Bill,Manual
V0000069,L0000069,C000094,Failed,2025-12-19,Utility Bill,Email
V0000070,L0000070,C000096,Verified,2026-02-23,Utility Bill,Email
V0000071,L0000071,C000098,Verified,2025-06-20,Driving Licence,API
V0000072,L0000072,C000099,Verified,2026-01-25,Utility Bill,Manual
V0000073,L0000073,C000100,Verified,2025-08-05,Utility Bill,API
V0000074,L0000074,C000101,Manual Review,2026-04-10,Utility Bill,API
V0000075,L0000075,C000105,Manual Review,2026-05-18,Utility Bill,Manual
V0000076,L0000076,C000106,Verified,2025-11-27,Driving Licence,Manual
V0000077,L0000077,C000107,Verified,2025-06-17,Passport,Email
V0000078,L0000078,C000110,Verified,2025-01-16,Driving Licence,Manual
V0000079,L0000079,C000115,Verified,2026-04-11,Passport,API
V0000080,L0000080,C000116,Verified,2025-08-30,Utility Bill,API
V0000081,L0000081,C000119,Verified,2025-09-17,Utility Bill,API
V0000082,L0000082,C000120,Verified,2025-01-16,Driving Licence,Email
V0000083,L0000083,C000122,Verified,2025-02-24,Utility Bill,Manual
V0000084,L0000084,C000123,Verified,2026-01-10,Utility Bill,Manual
V0000085,L0000085,C000124,Verified,2025-03-02,Passport,API
V0000086,L0000086,C000126,Manual Review,2025-01-19,Utility Bill,Email
V0000087,L0000087,C000129,Verified,2026-01-20,Passport,Manual
V0000088,L0000088,C000131,Verified,2025-06-10,BRP,Manual
V0000089,L0000089,C000132,Verified,2025-07-10,Driving Licence,Email
V0000090,L0000090,C000133,Verified,2025-04-03,BRP,Manual
V0000091,L0000091,C000134,Manual Review,2026-04-30,Driving Licence,Manual
V0000092,L0000092,C000135,Verified,2026-03-08,Driving Licence,Email
V0000093,L0000093,C000136,Verified,2026-03-13,Utility Bill,Manual
V0000094,L0000094,C000137,Verified,2025-12-13,Driving Licence,Manual
V0000095,L0000095,C000139,Manual Review,2025-11-07,Passport,API
V0000096,L0000096,C000140,Verified,2025-11-30,Utility Bill,Manual
V0000097,L0000097,C000141,Verified,2026-04-25,Utility Bill,API
V0000098,L0000098,C000143,Verified,2026-04-22,Utility Bill,Email
V0000099,L0000099,C000144,Manual Review,2025-09-13,Utility Bill,Manual
V0000100,L0000100,C000145,Verified,2026-03-27,BRP,Manual
V0000101,L0000101,C000146,Verified,2025-02-08,BRP,Email
V0000102,L0000102,C000147,Verified,2026-05-12,Driving Licence,API
V0000103,L0000103,C000149,Verified,2025-10-05,BRP,API
V0000104,L0000104,C000151,Failed,2026-03-31,Utility Bill,Email
V0000105,L0000105,C000153,Manual Review,2025-11-24,BRP,API
V0000106,L0000106,C000155,Verified,2026-02-23,BRP,Email
V0000107,L0000107,C000156,Verified,2026-05-01,BRP,Email
V0000108,L0000108,C000158,Verified,2025-11-19,BRP,Manual
V0000109,L0000109,C000159,Failed,2025-02-02,BRP,Email
V0000110,L0000110,C000160,Verified,2025-06-01,Driving Licence,Manual
V0000111,L0000111,C000161,Verified,2025-04-04,Passport,Manual
V0000112,L0000112,C000162,Verified,2025-05-25,Utility Bill,API
V0000113,L0000113,C000163,Failed,2026-01-22,Utility Bill,Manual
V0000114,L0000114,C000164,Verified,2025-08-22,Driving Licence,API
V0000115,L0000115,C000165,Verified,2026-05-12,Utility Bill,API
V0000116,L0000116,C000166,Verified,2025-06-07,BRP,Manual
V0000117,L0000117,C000169,Verified,2025-05-20,Passport,Manual
V0000118,L0000118,C000171,Verified,2026-02-16,Passport,Email
V0000119,L0000119,C000172,Manual Review,2025-06-23,Utility Bill,Manual
V0000120,L0000120,C000174,Verified,2025-04-14,Utility Bill,Email
V0000121,L0000121,C000175,Verified,2025-01-28,Driving Licence,Email
V0000122,L0000122,C000177,Verified,2025-11-10,Driving Licence,Email
V0000123,L0000123,C000178,Verified,2025-12-29,Driving Licence,API
V0000124,L0000124,C000180,Verified,2025-07-11,Driving Licence,Manual
V0000125,L0000125,C000181,Verified,2025-10-05,Passport,Manual
V0000126,L0000126,C000183,Failed,2025-03-07,BRP,API
V0000127,L0000127,C000185,Verified,2025-03-04,Driving Licence,API
V0000128,L0000128,C000186,Verified,2026-04-02,Passport,Manual
V0000129,L0000129,C000188,Manual Review,2026-02-09,Utility Bill,Manual
V0000130,L0000130,C000190,Verified,2025-02-19,BRP,Email
V0000131,L0000131,C000192,Verified,2025-07-02,Driving Licence,API
V0000132,L0000132,C000193,Verified,2025-03-13,BRP,API
V0000133,L0000133,C000194,Verified,2025-01-18,Utility Bill,Email
V0000134,L0000134,C000195,Verified,2026-04-07,BRP,Manual
V0000135,L0000135,C000196,Verified,2025-09-10,Driving Licence,Email
V0000136,L0000136,C000197,Verified,2025-06-26,BRP,Manual
V0000137,L0000137,C000199,Verified,2025-07-01,Utility Bill,API
V0000138,L0000138,C000200,Verified,2025-11-06,Passport,Manual
V0000139,L0000139,C000201,Verified,2026-03-12,Passport,Email
V0000140,L0000140,C000202,Verified,2025-03-25,BRP,Manual
V0000141,L0000141,C000203,Verified,2025-11-27,Driving Licence,Manual
V0000142,L0000142,C000204,Verified,2026-05-17,Utility Bill,Manual
V0000143,L0000143,C000206,Verified,2025-04-19,Driving Licence,Email
V0000144,L0000144,C000207,Verified,2026-04-30,Driving Licence,Email
V0000145,L0000145,C000210,Verified,2026-04-08,Passport,Manual
V0000146,L0000146,C000212,Verified,2025-09-25,Utility Bill,Email
V0000147,L0000147,C000213,Manual Review,2025-07-02,BRP,Manual
V0000148,L0000148,C000214,Verified,2025-03-06,BRP,API
V0000149,L0000149,C000215,Verified,2025-03-25,Driving Licence,Email
V0000150,L0000150,C000216,Verified,2025-02-14,Driving Licence,Manual
V0000151,L0000151,C000218,Verified,2025-04-22,BRP,API
V0000152,L0000152,C000219,Manual Review,2025-05-26,Passport,API
V0000153,L0000153,C000220,Verified,2026-04-22,Driving Licence,API
V0000154,L0000154,C000222,Verified,2025-06-30,Utility Bill,Email
V0000155,L0000155,C000223,Verified,2025-06-19,Utility Bill,API
V0000156,L0000156,C000224,Verified,2025-05-03,Utility Bill,Email
V0000157,L0000157,C000225,Verified,2025-11-27,Utility Bill,API
V0000158,L0000158,C000227,Verified,2025-07-01,BRP,Email
V0000159,L0000159,C000228,Verified,2025-03-10,BRP,Email
V0000160,L0000160,C000229,Verified,2026-02-07,Passport,Manual
V0000161,L0000161,C000230,Verified,2026-01-19,BRP,API
V0000162,L0000162,C000231,Verified,2025-05-23,Passport,Manual
V0000163,L0000163,C000232,Verified,2026-05-25,Passport,Manual
V0000164,L0000164,C000233,Verified,2025-09-04,BRP,API
V0000165,L0000165,C000234,Verified,2026-02-01,Utility Bill,API
V0000166,L0000166,C000235,Verified,2026-04-27,Driving Licence,Manual
V0000167,L0000167,C000237,Verified,2025-08-24,Driving Licence,API
V0000168,L0000168,C000238,Verified,2025-07-03,BRP,API
V0000169,L0000169,C000239,Verified,2025-07-01,Utility Bill,Email
V0000170,L0000170,C000240,Verified,2025-07-25,BRP,Email
V0000171,L0000171,C000242,Verified,2025-10-05,Driving Licence,Manual
V0000172,L0000172,C000243,Verified,2025-05-29,Passport,API
V0000173,L0000173,C000244,Verified,2025-03-11,Driving Licence,Manual
V0000174,L0000174,C000245,Verified,2025-11-04,BRP,API
V0000175,L0000175,C000246,Manual Review,2025-04-07,Driving Licence,Email
V0000176,L0000176,C000247,Verified,2026-05-01,Utility Bill,API
V0000177,L0000177,C000248,Verified,2025-02-05,Utility Bill,Email
V0000178,L0000178,C000249,Verified,2025-07-21,Driving Licence,Manual
V0000179,L0000179,C000250,Manual Review,2025-02-09,Utility Bill,API
V0000180,L0000180,C000251,Manual Review,2025-05-13,BRP,Manual
V0000181,L0000181,C000252,Verified,2025-05-07,Passport,Email
V0000182,L0000182,C000253,Verified,2025-07-24,Driving Licence,Manual
V0000183,L0000183,C000255,Verified,2025-04-20,Driving Licence,API
V0000184,L0000184,C000256,Verified,2026-02-20,Passport,API
V0000185,L0000185,C000257,Verified,2025-04-19,Driving Licence,Email
V0000186,L0000186,C000258,Verified,2025-04-30,Passport,Email
V0000187,L0000187,C000259,Verified,2025-05-09,BRP,API
V0000188,L0000188,C000260,Verified,2026-03-14,Driving Licence,Email
V0000189,L0000189,C000261,Verified,2025-04-12,BRP,Email
V0000190,L0000190,C000262,Manual Review,2026-01-02,Utility Bill,API
V0000191,L0000191,C000263,Verified,2025-10-13,BRP,Email
V0000192,L0000192,C000264,Verified,2025-08-21,Utility Bill,API
V0000193,L0000193,C000265,Verified,2026-04-05,BRP,Manual
V0000194,L0000194,C000266,Verified,2025-07-04,BRP,Email
V0000195,L0000195,C000268,Verified,2025-10-10,Driving Licence,API
V0000196,L0000196,C000269,Verified,2026-04-26,Driving Licence,API
V0000197,L0000197,C000270,Verified,2025-02-26,BRP,API
V0000198,L0000198,C000271,Verified,2025-03-09,Driving Licence,Email
V0000199,L0000199,C000273,Manual Review,2025-08-10,Utility Bill,API
V0000200,L0000200,C000274,Verified,2026-06-04,BRP,Manual
V0000201,L0000201,C000276,Failed,2025-07-23,Utility Bill,API
V0000202,L0000202,C000277,Manual Review,2025-12-23,Driving Licence,API
V0000203,L0000203,C000278,Verified,2026-02-24,Passport,Email
V0000204,L0000204,C000280,Failed,2025-09-28,Driving Licence,Manual
V0000205,L0000205,C000281,Verified,2025-02-19,Driving Licence,Email
V0000206,L0000206,C000283,Verified,2025-05-27,Utility Bill,API
V0000207,L0000207,C000292,Verified,2025-05-27,BRP,Manual
V0000208,L0000208,C000293,Manual Review,2025-11-15,Utility Bill,API
V0000209,L0000209,C000296,Verified,2025-03-10,Utility Bill,API
V0000210,L0000210,C000297,Verified,2025-11-18,Utility Bill,API
V0000211,L0000211,C000298,Verified,2025-11-01,Driving Licence,Email
V0000212,L0000212,C000300,Verified,2025-04-21,Passport,Manual
V0000213,L0000213,C000301,Verified,2026-02-17,Utility Bill,Email
V0000214,L0000214,C000303,Verified,2026-04-04,Passport,Email
V0000215,L0000215,C000304,Verified,2025-01-19,Driving Licence,Email
V0000216,L0000216,C000305,Verified,2026-03-30,BRP,API
V0000217,L0000217,C000306,Verified,2025-02-25,Driving Licence,Email
V0000218,L0000218,C000308,Verified,2025-04-18,Utility Bill,API
V0000219,L0000219,C000309,Verified,2025-02-19,Driving Licence,Manual
V0000220,L0000220,C000310,Verified,2025-01-17,Passport,Manual
V0000221,L0000221,C000311,Failed,2025-12-25,Utility Bill,Manual
V0000222,L0000222,C000315,Verified,2025-01-08,BRP,Email
V0000223,L0000223,C000316,Manual Review,2025-08-18,BRP,Manual
V0000224,L0000224,C000317,Verified,2025-06-19,Driving Licence,Manual
V0000225,L0000225,C000318,Verified,2026-03-27,Passport,Manual
V0000226,L0000226,C000319,Verified,2025-06-21,Driving Licence,Manual
V0000227,L0000227,C000320,Verified,2026-05-28,BRP,Manual
V0000228,L0000228,C000323,Verified,2025-05-14,BRP,API
V0000229,L0000229,C000326,Verified,2026-01-02,Driving Licence,API
V0000230,L0000230,C000327,Verified,2026-02-14,Utility Bill,Manual
V0000231,L0000231,C000328,Verified,2025-01-14,Passport,API
V0000232,L0000232,C000329,Verified,2026-01-11,Driving Licence,API
V0000233,L0000233,C000330,Manual Review,2025-03-29,Driving Licence,Manual
V0000234,L0000234,C000331,Verified,2025-12-23,BRP,Manual
V0000235,L0000235,C000332,Verified,2026-04-04,Utility Bill,Manual
V0000236,L0000236,C000333,Verified,2025-07-22,Utility Bill,Manual
V0000237,L0000237,C000334,Verified,2025-02-02,Utility Bill,Email
V0000238,L0000238,C000338,Verified,2026-05-21,Driving Licence,API
V0000239,L0000239,C000340,Verified,2025-08-08,BRP,Email
V0000240,L0000240,C000341,Verified,2025-12-31,BRP,API
V0000241,L0000241,C000342,Manual Review,2026-05-04,Utility Bill,API
V0000242,L0000242,C000343,Verified,2026-04-10,BRP,API
V0000243,L0000243,C000344,Verified,2025-04-09,Passport,Manual
V0000244,L0000244,C000345,Manual Review,2025-02-12,Passport,Manual
V0000245,L0000245,C000346,Verified,2026-03-28,Driving Licence,Email
V0000246,L0000246,C000347,Verified,2026-01-07,Passport,API
V0000247,L0000247,C000348,Verified,2025-11-16,Driving Licence,API
V0000248,L0000248,C000350,Verified,2025-10-26,Utility Bill,API
V0000249,L0000249,C000352,Verified,2025-01-16,BRP,Email
V0000250,L0000250,C000353,Verified,2025-12-27,BRP,Email
V0000251,L0000251,C000356,Verified,2026-02-14,Utility Bill,Email
V0000252,L0000252,C000357,Manual Review,2025-02-04,BRP,Manual
V0000253,L0000253,C000358,Verified,2026-06-03,Driving Licence,Manual
V0000254,L0000254,C000359,Verified,2025-06-02,Utility Bill,Email
V0000255,L0000255,C000360,Verified,2025-05-18,Utility Bill,API
V0000256,L0000256,C000361,Verified,2025-02-02,Passport,Manual
V0000257,L0000257,C000363,Verified,2025-05-22,Utility Bill,Manual
V0000258,L0000258,C000364,Verified,2026-02-21,Passport,Manual
V0000259,L0000259,C000365,Manual Review,2025-07-12,Driving Licence,Manual
V0000260,L0000260,C000369,Verified,2026-01-12,Utility Bill,API
V0000261,L0000261,C000371,Verified,2026-04-29,BRP,API
V0000262,L0000262,C000372,Verified,2025-02-05,Passport,Email
V0000263,L0000263,C000373,Verified,2025-08-08,Driving Licence,API
V0000264,L0000264,C000374,Verified,2025-12-10,Driving Licence,API
V0000265,L0000265,C000376,Verified,2025-12-04,Driving Licence,API
V0000266,L0000266,C000378,Manual Review,2026-03-26,Passport,Manual
V0000267,L0000267,C000380,Verified,2025-06-28,Passport,API
V0000268,L0000268,C000381,Verified,2026-01-19,Driving Licence,Manual
V0000269,L0000269,C000382,Verified,2026-02-05,BRP,API
V0000270,L0000270,C000383,Verified,2025-09-17,BRP,Email
V0000271,L0000271,C000385,Verified,2026-01-15,Passport,API
V0000272,L0000272,C000386,Verified,2025-02-17,BRP,API
V0000273,L0000273,C000387,Verified,2025-08-25,Passport,API
V0000274,L0000274,C000388,Verified,2025-05-11,Passport,Manual
V0000275,L0000275,C000389,Verified,2025-03-18,BRP,Email
V0000276,L0000276,C000390,Verified,2025-10-21,Driving Licence,Email
V0000277,L0000277,C000391,Failed,2026-01-25,Driving Licence,Email
V0000278,L0000278,C000392,Verified,2026-02-22,Driving Licence,Manual
V0000279,L0000279,C000393,Verified,2026-06-01,Passport,Email
V0000280,L0000280,C000394,Verified,2025-07-05,BRP,Manual
V0000281,L0000281,C000395,Verified,2026-05-27,Driving Licence,Email
V0000282,L0000282,C000396,Verified,2025-11-14,BRP,Email
V0000283,L0000283,C000397,Verified,2025-06-28,BRP,API
V0000284,L0000284,C000399,Verified,2026-03-23,Utility Bill,Manual
V0000285,L0000285,C000400,Verified,2026-01-24,Utility Bill,API
V0000286,L0000286,C000401,Verified,2025-11-21,Passport,API
V0000287,L0000287,C000402,Verified,2025-01-18,Passport,Manual
V0000288,L0000288,C000403,Verified,2025-03-24,Utility Bill,Email
V0000289,L0000289,C000404,Verified,2025-12-24,BRP,Manual
V0000290,L0000290,C000405,Verified,2026-04-21,Driving Licence,API
V0000291,L0000291,C000406,Manual Review,2026-03-02,Driving Licence,Email
V0000292,L0000292,C000407,Verified,2026-05-04,Utility Bill,API
V0000293,L0000293,C000409,Verified,2026-04-30,Utility Bill,API
V0000294,L0000294,C000410,Verified,2026-02-07,Passport,Email
V0000295,L0000295,C000411,Manual Review,2026-02-12,Driving Licence,Manual
V0000296,L0000296,C000412,Verified,2026-02-16,Utility Bill,Manual
V0000297,L0000297,C000413,Verified,2025-08-10,BRP,Manual
V0000298,L0000298,C000414,Verified,2025-11-26,BRP,Email
V0000299,L0000299,C000416,Verified,2025-02-07,Passport,Manual
V0000300,L0000300,C000417,Verified,2026-01-22,Utility Bill,API
V0000301,L0000301,C000419,Verified,2025-01-19,BRP,API
V0000302,L0000302,C000420,Verified,2025-01-30,Passport,API
V0000303,L0000303,C000421,Verified,2026-03-23,Driving Licence,Email
V0000304,L0000304,C000422,Verified,2025-04-25,Passport,Manual
V0000305,L0000305,C000423,Verified,2025-01-07,BRP,Manual
V0000306,L0000306,C000426,Verified,2025-08-02,Passport,Email
V0000307,L0000307,C000427,Verified,2026-06-07,Passport,Manual
V0000308,L0000308,C000428,Verified,2025-06-24,Driving Licence,Email
V0000309,L0000309,C000429,Verified,2026-02-12,Driving Licence,Manual
V0000310,L0000310,C000430,Verified,2026-02-09,Passport,Manual
V0000311,L0000311,C000431,Manual Review,2025-04-19,Passport,API
V0000312,L0000312,C000434,Verified,2025-04-11,Utility Bill,Manual
V0000313,L0000313,C000435,Verified,2025-07-06,Driving Licence,Manual
V0000314,L0000314,C000437,Verified,2026-03-14,Driving Licence,Email
V0000315,L0000315,C000438,Verified,2025-04-05,Driving Licence,Manual
V0000316,L0000316,C000440,Verified,2026-05-04,Passport,Manual
V0000317,L0000317,C000441,Verified,2025-04-21,BRP,Email
V0000318,L0000318,C000442,Manual Review,2025-10-27,Utility Bill,Email
V0000319,L0000319,C000443,Verified,2025-03-18,Driving Licence,Manual
V0000320,L0000320,C000444,Manual Review,2026-03-13,Passport,Email
V0000321,L0000321,C000445,Verified,2025-12-02,Utility Bill,API
V0000322,L0000322,C000449,Verified,2025-10-27,BRP,Manual
V0000323,L0000323,C000451,Verified,2025-03-28,Utility Bill,Manual
V0000324,L0000324,C000452,Verified,2025-01-24,Passport,Email
V0000325,L0000325,C000453,Failed,2025-12-05,Passport,API
V0000326,L0000326,C000454,Manual Review,2025-05-11,BRP,API
V0000327,L0000327,C000455,Verified,2025-07-08,BRP,API
V0000328,L0000328,C000456,Verified,2025-12-11,BRP,Manual
V0000329,L0000329,C000457,Verified,2026-01-26,Driving Licence,Email
V0000330,L0000330,C000458,Verified,2025-03-26,Utility Bill,Email
V0000331,L0000331,C000459,Verified,2025-11-06,Driving Licence,API
V0000332,L0000332,C000460,Verified,2025-03-02,Utility Bill,Email
V0000333,L0000333,C000461,Verified,2026-02-27,Utility Bill,Email
V0000334,L0000334,C000463,Failed,2026-04-16,Utility Bill,Manual
V0000335,L0000335,C000464,Verified,2026-01-16,Driving Licence,Email
V0000336,L0000336,C000465,Verified,2025-09-16,Passport,API
V0000337,L0000337,C000466,Verified,2026-06-05,BRP,API
V0000338,L0000338,C000467,Manual Review,2026-03-06,Passport,API
V0000339,L0000339,C000468,Verified,2025-01-31,BRP,API
V0000340,L0000340,C000470,Verified,2025-06-17,Utility Bill,Manual
V0000341,L0000341,C000471,Verified,2026-05-12,Utility Bill,Email
V0000342,L0000342,C000472,Manual Review,2026-03-16,Passport,Email
V0000343,L0000343,C000473,Verified,2026-03-11,Passport,Email
V0000344,L0000344,C000474,Verified,2026-05-26,Passport,Email
V0000345,L0000345,C000476,Verified,2026-04-25,Utility Bill,Manual
V0000346,L0000346,C000479,Verified,2025-05-06,Driving Licence,Manual
V0000347,L0000347,C000480,Verified,2025-05-01,Driving Licence,API
V0000348,L0000348,C000482,Verified,2025-04-15,Driving Licence,Manual
V0000349,L0000349,C000483,Verified,2025-04-26,Utility Bill,Email
V0000350,L0000350,C000485,Verified,2025-10-31,Utility Bill,Manual
V0000351,L0000351,C000486,Manual Review,2025-08-25,Passport,Manual
V0000352,L0000352,C000487,Manual Review,2025-05-24,Passport,Manual
V0000353,L0000353,C000488,Verified,2025-01-31,BRP,API
V0000354,L0000354,C000490,Verified,2026-05-18,BRP,Email
V0000355,L0000355,C000491,Manual Review,2025-02-11,BRP,API
V0000356,L0000356,C000492,Verified,2026-03-17,Driving Licence,Manual
V0000357,L0000357,C000493,Manual Review,2026-01-08,Passport,API
V0000358,L0000358,C000494,Verified,2025-03-02,BRP,Manual
V0000359,L0000359,C000495,Verified,2025-05-19,BRP,API
V0000360,L0000360,C000496,Verified,2025-11-23,Utility Bill,API
V0000361,L0000361,C000497,Verified,2025-11-03,Driving Licence,Email
V0000362,L0000362,C000498,Verified,2025-10-25,BRP,Email
V0000363,L0000363,C000501,Verified,2025-11-04,BRP,API
V0000364,L0000364,C000502,Verified,2026-04-20,BRP,Manual
V0000365,L0000365,C000504,Verified,2025-10-18,Passport,Email
V0000366,L0000366,C000507,Verified,2025-12-17,BRP,API
V0000367,L0000367,C000508,Verified,2026-02-03,Utility Bill,API
V0000368,L0000368,C000509,Verified,2025-01-18,Utility Bill,API
V0000369,L0000369,C000510,Verified,2025-12-26,Driving Licence,Email
V0000370,L0000370,C000511,Manual Review,2026-01-30,BRP,Manual
V0000371,L0000371,C000513,Verified,2025-03-27,Passport,Manual
V0000372,L0000372,C000514,Verified,2025-05-03,Utility Bill,Email
V0000373,L0000373,C000516,Failed,2025-09-26,BRP,Manual
V0000374,L0000374,C000518,Verified,2025-03-21,Driving Licence,Email
V0000375,L0000375,C000520,Failed,2025-04-07,Driving Licence,API
V0000376,L0000376,C000523,Verified,2026-04-24,Utility Bill,API
V0000377,L0000377,C000525,Verified,2026-03-10,Utility Bill,API
V0000378,L0000378,C000526,Verified,2025-06-10,Utility Bill,Email
V0000379,L0000379,C000527,Verified,2025-05-17,Utility Bill,Manual
V0000380,L0000380,C000528,Manual Review,2026-01-30,BRP,Email
V0000381,L0000381,C000529,Verified,2025-03-10,Passport,API
V0000382,L0000382,C000530,Verified,2025-07-07,Driving Licence,Email
V0000383,L0000383,C000531,Verified,2025-12-27,Passport,Email
V0000384,L0000384,C000532,Manual Review,2026-03-04,Utility Bill,Manual
V0000385,L0000385,C000533,Verified,2025-12-30,Driving Licence,Manual
V0000386,L0000386,C000534,Verified,2026-01-28,Driving Licence,Email
V0000387,L0000387,C000535,Verified,2026-05-12,Driving Licence,API
V0000388,L0000388,C000536,Failed,2025-07-12,BRP,API
V0000389,L0000389,C000538,Verified,2025-05-23,BRP,Email
V0000390,L0000390,C000539,Verified,2026-05-13,Utility Bill,API
V0000391,L0000391,C000540,Verified,2026-03-16,Passport,Email
V0000392,L0000392,C000543,Verified,2026-03-18,Driving Licence,Email
V0000393,L0000393,C000544,Verified,2025-06-02,Utility Bill,API
V0000394,L0000394,C000545,Verified,2025-07-24,Utility Bill,API
V0000395,L0000395,C000546,Manual Review,2025-11-26,Utility Bill,Manual
V0000396,L0000396,C000547,Verified,2026-05-08,BRP,Manual
V0000397,L0000397,C000548,Verified,2025-07-08,Driving Licence,Manual
V0000398,L0000398,C000549,Verified,2025-12-19,Passport,API
V0000399,L0000399,C000550,Verified,2025-09-03,Passport,Email
V0000400,L0000400,C000551,Verified,2026-01-02,Utility Bill,Email
V0000401,L0000401,C000552,Manual Review,2025-05-15,Driving Licence,Email
V0000402,L0000402,C000553,Verified,2025-09-20,Utility Bill,Email
V0000403,L0000403,C000554,Verified,2026-02-22,Driving Licence,API
V0000404,L0000404,C000555,Verified,2025-03-01,Driving Licence,Manual
V0000405,L0000405,C000556,Verified,2026-03-13,Utility Bill,API
V0000406,L0000406,C000557,Verified,2025-12-08,Passport,API
V0000407,L0000407,C000558,Verified,2025-01-16,Passport,Email
V0000408,L0000408,C000563,Manual Review,2025-05-24,Passport,API
V0000409,L0000409,C000566,Verified,2025-06-14,Utility Bill,Email
V0000410,L0000410,C000569,Verified,2026-05-29,Passport,Manual
V0000411,L0000411,C000570,Verified,2025-11-07,Utility Bill,API
V0000412,L0000412,C000572,Verified,2025-02-09,BRP,Manual
V0000413,L0000413,C000574,Verified,2025-12-06,BRP,Email
V0000414,L0000414,C000575,Verified,2026-02-08,Utility Bill,Email
V0000415,L0000415,C000579,Verified,2025-08-13,Driving Licence,Manual
V0000416,L0000416,C000580,Verified,2026-03-21,Driving Licence,Manual
V0000417,L0000417,C000581,Manual Review,2025-12-11,BRP,Manual
V0000418,L0000418,C000582,Verified,2026-04-09,Passport,API
V0000419,L0000419,C000583,Verified,2026-04-09,BRP,API
V0000420,L0000420,C000584,Verified,2026-05-19,Driving Licence,Manual
V0000421,L0000421,C000585,Verified,2026-04-28,BRP,API
V0000422,L0000422,C000586,Verified,2026-01-18,Passport,Manual
V0000423,L0000423,C000587,Verified,2026-02-22,Passport,API
V0000424,L0000424,C000589,Verified,2025-09-14,BRP,Email
V0000425,L0000425,C000590,Verified,2025-04-16,Driving Licence,Manual
V0000426,L0000426,C000591,Failed,2025-08-27,Driving Licence,Manual
V0000427,L0000427,C000594,Verified,2025-07-29,Utility Bill,API
V0000428,L0000428,C000595,Verified,2025-04-14,Utility Bill,API
V0000429,L0000429,C000598,Verified,2026-02-04,Driving Licence,API
V0000430,L0000430,C000599,Verified,2026-04-08,Passport,API
V0000431,L0000431,C000600,Verified,2025-02-05,BRP,Email
V0000432,L0000432,C000601,Verified,2025-04-05,BRP,API
V0000433,L0000433,C000602,Verified,2025-12-05,Passport,Manual
V0000434,L0000434,C000603,Verified,2025-03-19,Driving Licence,Manual
V0000435,L0000435,C000604,Verified,2025-02-19,Utility Bill,Email
V0000436,L0000436,C000605,Verified,2025-08-17,Utility Bill,API
V0000437,L0000437,C000606,Verified,2025-10-11,Utility Bill,API
V0000438,L0000438,C000607,Manual Review,2025-02-09,Passport,API
V0000439,L0000439,C000609,Verified,2025-11-04,Passport,Email
V0000440,L0000440,C000611,Verified,2025-01-28,Utility Bill,Manual
V0000441,L0000441,C000612,Verified,2026-03-31,Driving Licence,API
V0000442,L0000442,C000613,Verified,2025-01-06,BRP,Manual
V0000443,L0000443,C000615,Manual Review,2026-02-03,Passport,Manual
V0000444,L0000444,C000616,Failed,2026-02-21,Passport,API
V0000445,L0000445,C000617,Verified,2025-09-05,Passport,API
V0000446,L0000446,C000620,Verified,2026-01-23,Passport,Email
V0000447,L0000447,C000621,Verified,2025-04-01,Passport,Manual
V0000448,L0000448,C000622,Verified,2026-01-12,Passport,API
V0000449,L0000449,C000623,Verified,2025-09-08,Driving Licence,API
V0000450,L0000450,C000624,Verified,2026-01-31,BRP,Manual
V0000451,L0000451,C000625,Manual Review,2025-04-24,Passport,Manual
V0000452,L0000452,C000626,Verified,2025-02-22,BRP,API
V0000453,L0000453,C000627,Verified,2025-04-23,Passport,Manual
V0000454,L0000454,C000628,Verified,2025-08-11,Passport,Manual
V0000455,L0000455,C000630,Manual Review,2026-01-01,BRP,Manual
V0000456,L0000456,C000631,Verified,2025-02-15,BRP,API
V0000457,L0000457,C000632,Verified,2026-05-04,Utility Bill,API
V0000458,L0000458,C000633,Verified,2025-10-13,Driving Licence,Email
V0000459,L0000459,C000634,Verified,2025-01-20,Driving Licence,API
V0000460,L0000460,C000635,Verified,2026-04-26,BRP,Manual
V0000461,L0000461,C000637,Verified,2026-02-07,Passport,Email
V0000462,L0000462,C000638,Failed,2025-11-14,Driving Licence,Email
V0000463,L0000463,C000639,Verified,2025-05-08,Passport,Manual
V0000464,L0000464,C000640,Verified,2026-02-09,Driving Licence,Email
V0000465,L0000465,C000641,Verified,2025-07-14,Utility Bill,API
V0000466,L0000466,C000642,Verified,2025-06-04,BRP,Email
V0000467,L0000467,C000645,Verified,2026-01-13,BRP,Manual
V0000468,L0000468,C000646,Verified,2026-03-22,Utility Bill,Manual
V0000469,L0000469,C000650,Manual Review,2026-04-26,Passport,API
V0000470,L0000470,C000651,Verified,2025-03-22,Utility Bill,Manual
V0000471,L0000471,C000652,Verified,2025-07-19,Passport,Email
V0000472,L0000472,C000653,Failed,2025-04-21,Passport,Email
V0000473,L0000473,C000654,Manual Review,2026-03-19,Driving Licence,API
V0000474,L0000474,C000655,Verified,2026-01-12,Driving Licence,Manual
V0000475,L0000475,C000656,Verified,2025-06-10,Utility Bill,Email
V0000476,L0000476,C000658,Verified,2025-04-13,Utility Bill,Manual
V0000477,L0000477,C000661,Verified,2025-12-21,Driving Licence,API
V0000478,L0000478,C000662,Verified,2025-09-08,BRP,Manual
V0000479,L0000479,C000663,Verified,2025-05-15,Driving Licence,API
V0000480,L0000480,C000664,Verified,2026-05-29,Utility Bill,Manual
V0000481,L0000481,C000666,Verified,2026-04-15,Utility Bill,API
V0000482,L0000482,C000667,Verified,2025-04-27,Passport,Manual
V0000483,L0000483,C000668,Manual Review,2025-10-16,Driving Licence,Email
V0000484,L0000484,C000669,Verified,2025-04-10,Driving Licence,Manual
V0000485,L0000485,C000670,Manual Review,2025-07-13,Passport,Manual
V0000486,L0000486,C000673,Manual Review,2025-10-07,Utility Bill,Manual
V0000487,L0000487,C000674,Verified,2025-06-30,BRP,API
V0000488,L0000488,C000675,Verified,2025-03-04,Passport,Email
V0000489,L0000489,C000677,Failed,2025-11-13,Driving Licence,API
V0000490,L0000490,C000678,Verified,2025-06-30,BRP,API
V0000491,L0000491,C000679,Verified,2025-07-13,Driving Licence,API
V0000492,L0000492,C000681,Verified,2026-03-15,Utility Bill,Manual
V0000493,L0000493,C000682,Verified,2025-10-09,Utility Bill,Email
V0000494,L0000494,C000684,Verified,2025-08-10,Utility Bill,Manual
V0000495,L0000495,C000685,Verified,2025-10-13,Passport,API
V0000496,L0000496,C000686,Verified,2025-09-10,Driving Licence,API
V0000497,L0000497,C000687,Manual Review,2025-12-10,Utility Bill,Manual
V0000498,L0000498,C000688,Verified,2025-03-17,Passport,Manual
V0000499,L0000499,C000689,Verified,2026-04-23,Utility Bill,Manual
V0000500,L0000500,C000693,Verified,2026-01-03,Driving Licence,Email
V0000501,L0000501,C000694,Verified,2025-11-12,Passport,Manual
V0000502,L0000502,C000695,Verified,2025-10-21,BRP,API
V0000503,L0000503,C000697,Verified,2025-04-04,Driving Licence,Manual
V0000504,L0000504,C000698,Verified,2025-04-08,Driving Licence,Email
V0000505,L0000505,C000702,Verified,2026-04-19,Passport,Email
V0000506,L0000506,C000704,Verified,2026-04-08,Utility Bill,Manual
V0000507,L0000507,C000705,Failed,2025-03-27,Passport,API
V0000508,L0000508,C000707,Verified,2025-03-29,Utility Bill,API
V0000509,L0000509,C000708,Verified,2025-12-27,Utility Bill,Manual
V0000510,L0000510,C000712,Verified,2026-02-15,Driving Licence,Manual
V0000511,L0000511,C000713,Manual Review,2025-02-25,Utility Bill,API
V0000512,L0000512,C000715,Verified,2026-02-09,Driving Licence,Manual
V0000513,L0000513,C000717,Verified,2026-06-01,Utility Bill,Manual
V0000514,L0000514,C000718,Verified,2026-05-18,Driving Licence,Email
V0000515,L0000515,C000719,Verified,2026-02-19,BRP,API
V0000516,L0000516,C000721,Manual Review,2025-11-05,BRP,Manual
V0000517,L0000517,C000722,Verified,2025-06-06,BRP,API
V0000518,L0000518,C000723,Verified,2025-03-12,Passport,Manual
V0000519,L0000519,C000725,Verified,2025-09-05,Driving Licence,Manual
V0000520,L0000520,C000727,Verified,2025-11-14,BRP,API
V0000521,L0000521,C000728,Verified,2026-04-02,Driving Licence,Email
V0000522,L0000522,C000729,Verified,2025-02-12,Driving Licence,Email
V0000523,L0000523,C000731,Verified,2026-01-09,Utility Bill,Manual
V0000524,L0000524,C000732,Verified,2026-04-26,BRP,Manual
V0000525,L0000525,C000733,Verified,2025-09-28,BRP,API
V0000526,L0000526,C000734,Verified,2025-11-23,Driving Licence,API
V0000527,L0000527,C000735,Verified,2025-04-15,BRP,API
V0000528,L0000528,C000736,Verified,2026-03-10,Driving Licence,API
V0000529,L0000529,C000738,Verified,2026-03-17,Passport,Email
V0000530,L0000530,C000741,Manual Review,2025-06-25,Utility Bill,Manual
V0000531,L0000531,C000742,Verified,2025-09-08,Driving Licence,Email
V0000532,L0000532,C000743,Verified,2026-01-31,Utility Bill,Manual
V0000533,L0000533,C000744,Verified,2025-12-20,Utility Bill,Manual
V0000534,L0000534,C000745,Verified,2026-03-22,Utility Bill,API
V0000535,L0000535,C000746,Verified,2025-06-21,BRP,Manual
V0000536,L0000536,C000747,Verified,2025-11-10,Driving Licence,Manual
V0000537,L0000537,C000748,Manual Review,2025-08-25,Driving Licence,Email
V0000538,L0000538,C000749,Verified,2025-11-16,Passport,Manual
V0000539,L0000539,C000750,Verified,2025-01-23,Utility Bill,Email
V0000540,L0000540,C000751,Verified,2025-06-26,Driving Licence,Manual
V0000541,L0000541,C000752,Verified,2025-12-18,BRP,API
V0000542,L0000542,C000755,Manual Review,2025-03-28,Passport,Manual
V0000543,L0000543,C000757,Verified,2025-08-22,Passport,Email
V0000544,L0000544,C000758,Verified,2025-02-05,Passport,API
V0000545,L0000545,C000760,Verified,2025-11-29,Passport,API
V0000546,L0000546,C000761,Manual Review,2025-02-10,Driving Licence,Manual
V0000547,L0000547,C000762,Verified,2025-05-29,BRP,Email
V0000548,L0000548,C000764,Verified,2025-12-15,BRP,Manual
V0000549,L0000549,C000765,Verified,2025-12-16,Passport,Manual
V0000550,L0000550,C000766,Verified,2025-03-18,Driving Licence,Email
V0000551,L0000551,C000767,Verified,2025-12-28,Driving Licence,Manual
V0000552,L0000552,C000768,Manual Review,2026-01-17,Utility Bill,Manual
V0000553,L0000553,C000771,Verified,2025-11-08,Driving Licence,Manual
V0000554,L0000554,C000772,Verified,2026-05-08,BRP,Manual
V0000555,L0000555,C000773,Failed,2025-10-27,Passport,Manual
V0000556,L0000556,C000774,Verified,2026-01-06,BRP,Email
V0000557,L0000557,C000775,Verified,2025-06-03,Passport,API
V0000558,L0000558,C000776,Verified,2025-09-30,BRP,Email
V0000559,L0000559,C000778,Verified,2025-08-27,Passport,Email
V0000560,L0000560,C000780,Verified,2025-04-22,Utility Bill,Manual
V0000561,L0000561,C000781,Verified,2025-12-23,BRP,Manual
V0000562,L0000562,C000783,Verified,2026-06-05,Utility Bill,Manual
V0000563,L0000563,C000785,Verified,2025-04-16,BRP,API
V0000564,L0000564,C000787,Verified,2025-01-29,BRP,Manual
V0000565,L0000565,C000788,Verified,2025-09-25,Utility Bill,API
V0000566,L0000566,C000789,Verified,2026-04-04,BRP,Manual
V0000567,L0000567,C000790,Verified,2025-03-17,BRP,API
V0000568,L0000568,C000793,Verified,2026-02-20,Passport,Manual
V0000569,L0000569,C000794,Verified,2026-03-10,BRP,API
V0000570,L0000570,C000795,Verified,2026-03-16,BRP,API
V0000571,L0000571,C000796,Failed,2025-02-23,Utility Bill,API
V0000572,L0000572,C000797,Verified,2026-05-18,Driving Licence,Manual
V0000573,L0000573,C000798,Verified,2025-06-01,Passport,API
V0000574,L0000574,C000799,Verified,2025-01-03,Utility Bill,Manual
V0000575,L0000575,C000800,Verified,2025-02-09,Utility Bill,Manual
V0000576,L0000576,C000801,Verified,2025-12-08,Utility Bill,Email
V0000577,L0000577,C000802,Verified,2026-03-02,Passport,Manual
V0000578,L0000578,C000803,Verified,2026-03-23,Driving Licence,Email
V0000579,L0000579,C000804,Manual Review,2025-08-17,Passport,Manual
V0000580,L0000580,C000805,Manual Review,2025-07-30,Driving Licence,Manual
V0000581,L0000581,C000806,Verified,2026-02-09,Utility Bill,Email
V0000582,L0000582,C000807,Verified,2025-02-16,Driving Licence,Manual
V0000583,L0000583,C000809,Verified,2026-03-04,BRP,API
V0000584,L0000584,C000810,Verified,2025-11-26,Driving Licence,Email
V0000585,L0000585,C000811,Verified,2025-12-04,Passport,API
V0000586,L0000586,C000812,Verified,2025-01-15,BRP,Email
V0000587,L0000587,C000813,Verified,2025-03-06,BRP,Manual
V0000588,L0000588,C000814,Verified,2025-03-16,Passport,Manual
V0000589,L0000589,C000815,Verified,2025-11-28,Passport,API
V0000590,L0000590,C000816,Verified,2025-12-19,Driving Licence,API
V0000591,L0000591,C000817,Verified,2025-06-02,Utility Bill,API
V0000592,L0000592,C000818,Verified,2026-01-20,Passport,Email
V0000593,L0000593,C000819,Manual Review,2025-06-05,Passport,Email
V0000594,L0000594,C000820,Manual Review,2026-03-09,Driving Licence,API
V0000595,L0000595,C000822,Verified,2025-08-26,Utility Bill,API
V0000596,L0000596,C000824,Failed,2026-03-30,Driving Licence,Email
V0000597,L0000597,C000825,Verified,2026-05-13,Driving Licence,Manual
V0000598,L0000598,C000826,Verified,2026-04-03,Utility Bill,Manual
V0000599,L0000599,C000827,Verified,2025-06-07,Passport,API
V0000600,L0000600,C000828,Verified,2025-11-05,Utility Bill,API
V0000601,L0000601,C000830,Manual Review,2026-02-17,BRP,Manual
V0000602,L0000602,C000831,Verified,2025-06-21,BRP,Email
V0000603,L0000603,C000832,Verified,2026-04-20,Utility Bill,API
V0000604,L0000604,C000833,Verified,2025-09-20,BRP,Email
V0000605,L0000605,C000836,Verified,2025-12-07,Driving Licence,Manual
V0000606,L0000606,C000837,Verified,2026-03-11,Driving Licence,API
V0000607,L0000607,C000838,Verified,2025-11-01,BRP,Email
V0000608,L0000608,C000840,Verified,2025-07-09,Passport,Email
V0000609,L0000609,C000841,Verified,2025-04-05,BRP,Manual
V0000610,L0000610,C000845,Verified,2026-05-31,BRP,Manual
V0000611,L0000611,C000846,Verified,2025-02-06,Driving Licence,API
V0000612,L0000612,C000847,Verified,2025-04-08,Passport,Manual
V0000613,L0000613,C000848,Verified,2025-07-31,Passport,Manual
V0000614,L0000614,C000849,Verified,2025-12-22,BRP,API
V0000615,L0000615,C000850,Verified,2026-03-08,Driving Licence,Manual
V0000616,L0000616,C000851,Verified,2025-09-20,Utility Bill,Email
V0000617,L0000617,C000852,Verified,2025-01-07,Passport,Email
V0000618,L0000618,C000853,Verified,2025-10-06,Driving Licence,API
V0000619,L0000619,C000857,Verified,2026-04-30,BRP,Email
V0000620,L0000620,C000862,Verified,2025-09-15,Passport,Email
V0000621,L0000621,C000863,Verified,2025-06-23,BRP,Manual
V0000622,L0000622,C000865,Verified,2026-05-14,BRP,Email
V0000623,L0000623,C000866,Verified,2026-04-30,Utility Bill,Manual
V0000624,L0000624,C000867,Verified,2026-05-10,BRP,Manual
V0000625,L0000625,C000869,Verified,2026-02-25,Driving Licence,Manual
V0000626,L0000626,C000870,Verified,2026-05-01,Utility Bill,Email
V0000627,L0000627,C000871,Verified,2026-03-31,Driving Licence,Manual
V0000628,L0000628,C000874,Verified,2025-03-31,Driving Licence,API
V0000629,L0000629,C000875,Verified,2025-08-27,BRP,Manual
V0000630,L0000630,C000876,Manual Review,2025-02-24,Utility Bill,API
V0000631,L0000631,C000877,Verified,2026-01-17,Driving Licence,Manual
V0000632,L0000632,C000878,Verified,2025-07-29,Utility Bill,Email
V0000633,L0000633,C000879,Verified,2026-03-16,BRP,Manual
V0000634,L0000634,C000880,Verified,2026-01-14,Passport,API
V0000635,L0000635,C000882,Verified,2025-07-22,Passport,Email
V0000636,L0000636,C000883,Verified,2026-03-05,Utility Bill,Email
V0000637,L0000637,C000884,Verified,2025-06-19,BRP,API
V0000638,L0000638,C000885,Verified,2026-02-21,Passport,Email
V0000639,L0000639,C000886,Verified,2025-01-13,Passport,Manual
V0000640,L0000640,C000887,Verified,2026-05-20,BRP,Email
V0000641,L0000641,C000888,Verified,2025-03-03,Passport,Email
V0000642,L0000642,C000889,Verified,2026-01-01,Passport,Manual
V0000643,L0000643,C000890,Verified,2026-05-29,Driving Licence,API
V0000644,L0000644,C000891,Verified,2025-10-23,Utility Bill,API
V0000645,L0000645,C000892,Verified,2026-02-10,Driving Licence,Manual
V0000646,L0000646,C000893,Verified,2025-11-25,Driving Licence,API
V0000647,L0000647,C000894,Verified,2025-05-31,Driving Licence,API
V0000648,L0000648,C000895,Verified,2026-03-23,BRP,Manual
V0000649,L0000649,C000896,Verified,2025-11-26,Driving Licence,Manual
V0000650,L0000650,C000897,Verified,2025-05-14,BRP,API
V0000651,L0000651,C000898,Verified,2025-10-21,BRP,API
V0000652,L0000652,C000899,Verified,2026-01-11,Passport,Manual
V0000653,L0000653,C000902,Verified,2026-02-11,Utility Bill,Manual
V0000654,L0000654,C000904,Verified,2025-09-26,Utility Bill,Email
V0000655,L0000655,C000906,Verified,2025-12-16,Passport,API
V0000656,L0000656,C000907,Verified,2025-12-14,BRP,API
V0000657,L0000657,C000908,Verified,2025-03-16,BRP,API
V0000658,L0000658,C000909,Verified,2025-01-21,Passport,Manual
V0000659,L0000659,C000911,Verified,2026-01-07,Passport,Manual
V0000660,L0000660,C000913,Verified,2025-08-06,Utility Bill,Manual
V0000661,L0000661,C000914,Manual Review,2026-02-12,Utility Bill,Email
V0000662,L0000662,C000915,Verified,2026-01-24,Utility Bill,API
V0000663,L0000663,C000916,Verified,2025-05-22,Driving Licence,API
V0000664,L0000664,C000918,Verified,2026-02-06,BRP,API
V0000665,L0000665,C000919,Manual Review,2025-11-03,Passport,Manual
V0000666,L0000666,C000920,Verified,2025-10-21,Passport,Email
V0000667,L0000667,C000921,Manual Review,2025-09-21,Passport,Email
V0000668,L0000668,C000923,Verified,2025-09-29,BRP,Email
V0000669,L0000669,C000926,Manual Review,2025-09-03,Utility Bill,API
V0000670,L0000670,C000927,Verified,2025-12-15,Driving Licence,Manual
V0000671,L0000671,C000928,Verified,2025-10-27,BRP,Manual
V0000672,L0000672,C000929,Verified,2026-01-09,Passport,Manual
V0000673,L0000673,C000932,Verified,2026-05-10,Driving Licence,API
V0000674,L0000674,C000935,Manual Review,2026-06-01,Utility Bill,Email
V0000675,L0000675,C000936,Verified,2025-04-23,BRP,Email
V0000676,L0000676,C000937,Verified,2025-04-06,Driving Licence,API
V0000677,L0000677,C000938,Verified,2025-11-11,Utility Bill,Manual
V0000678,L0000678,C000940,Verified,2025-07-08,BRP,Manual
V0000679,L0000679,C000941,Manual Review,2026-02-13,Utility Bill,Email
V0000680,L0000680,C000942,Manual Review,2025-11-26,Utility Bill,Manual
V0000681,L0000681,C000943,Verified,2025-07-06,BRP,API
V0000682,L0000682,C000944,Manual Review,2025-07-25,Driving Licence,API
V0000683,L0000683,C000945,Verified,2026-03-01,BRP,API
V0000684,L0000684,C000947,Verified,2025-08-26,Driving Licence,API
V0000685,L0000685,C000948,Verified,2025-11-21,BRP,API
V0000686,L0000686,C000950,Failed,2026-04-08,Utility Bill,API
V0000687,L0000687,C000951,Verified,2026-04-27,Utility Bill,Email
V0000688,L0000688,C000953,Verified,2025-03-19,Driving Licence,Email
V0000689,L0000689,C000954,Verified,2025-01-15,BRP,Manual
V0000690,L0000690,C000957,Verified,2025-08-16,Passport,Email
V0000691,L0000691,C000958,Verified,2026-02-17,Passport,Email
V0000692,L0000692,C000960,Verified,2026-05-25,Driving Licence,Email
V0000693,L0000693,C000961,Verified,2025-07-15,Utility Bill,Email
V0000694,L0000694,C000962,Verified,2025-10-12,BRP,Manual
V0000695,L0000695,C000963,Verified,2025-05-10,Passport,Email
V0000696,L0000696,C000965,Verified,2025-09-20,Driving Licence,Manual
V0000697,L0000697,C000966,Verified,2025-03-13,BRP,API
V0000698,L0000698,C000967,Verified,2025-06-24,BRP,Email
V0000699,L0000699,C000969,Verified,2025-07-03,Driving Licence,Manual
V0000700,L0000700,C000971,Verified,2025-05-02,Driving Licence,API
V0000701,L0000701,C000972,Verified,2025-02-15,Utility Bill,Manual
V0000702,L0000702,C000973,Manual Review,2025-04-27,Passport,Manual
V0000703,L0000703,C000974,Verified,2026-02-09,Utility Bill,Email
V0000704,L0000704,C000976,Manual Review,2026-04-20,BRP,Email
V0000705,L0000705,C000977,Verified,2025-06-20,Driving Licence,Manual
V0000706,L0000706,C000979,Verified,2025-03-15,Driving Licence,Email
V0000707,L0000707,C000980,Verified,2025-11-13,Driving Licence,Email
V0000708,L0000708,C000982,Manual Review,2026-05-30,BRP,Email
V0000709,L0000709,C000983,Manual Review,2025-04-08,Passport,Email
V0000710,L0000710,C000984,Verified,2025-03-07,Driving Licence,API
V0000711,L0000711,C000985,Verified,2025-08-26,Utility Bill,Email
V0000712,L0000712,C000986,Verified,2026-05-29,Passport,Manual
V0000713,L0000713,C000987,Verified,2025-11-18,Utility Bill,Email
V0000714,L0000714,C000988,Verified,2025-01-11,Utility Bill,API
V0000715,L0000715,C000990,Verified,2026-04-23,Passport,Manual
V0000716,L0000716,C000993,Verified,2025-09-25,BRP,API
V0000717,L0000717,C000994,Verified,2026-01-12,Driving Licence,Manual
V0000718,L0000718,C000995,Verified,2025-02-26,Driving Licence,Manual
V0000719,L0000719,C000997,Verified,2025-11-17,Driving Licence,Manual
V0000720,L0000720,C000998,Verified,2026-01-17,Driving Licence,Email
V0000721,L0000721,C000999,Verified,2025-10-30,Utility Bill,Manual
V0000722,L0000722,C001000,Verified,2025-08-18,Passport,Email
V0000723,L0000723,C001001,Verified,2025-09-29,Passport,API
V0000724,L0000724,C001002,Verified,2025-10-12,BRP,Email
V0000725,L0000725,C001003,Manual Review,2025-12-14,Utility Bill,Manual
V0000726,L0000726,C001004,Verified,2025-01-27,Driving Licence,API
V0000727,L0000727,C001005,Verified,2026-05-01,Driving Licence,Manual
V0000728,L0000728,C001008,Verified,2026-04-23,Passport,Manual
V0000729,L0000729,C001009,Verified,2026-02-07,Driving Licence,API
V0000730,L0000730,C001010,Verified,2025-03-30,Utility Bill,Email
V0000731,L0000731,C001013,Verified,2025-09-12,Utility Bill,Manual
V0000732,L0000732,C001014,Verified,2025-11-09,Driving Licence,Manual
V0000733,L0000733,C001015,Verified,2025-11-15,Utility Bill,Manual
V0000734,L0000734,C001016,Verified,2026-06-04,BRP,API
V0000735,L0000735,C001018,Manual Review,2026-01-25,Driving Licence,Manual
V0000736,L0000736,C001019,Verified,2025-03-07,Utility Bill,API
V0000737,L0000737,C001021,Manual Review,2025-02-08,BRP,API
V0000738,L0000738,C001022,Verified,2026-03-24,Passport,Email
V0000739,L0000739,C001024,Verified,2025-02-19,Driving Licence,Email
V0000740,L0000740,C001025,Failed,2026-02-06,Passport,Email
V0000741,L0000741,C001027,Verified,2025-10-08,BRP,Email
V0000742,L0000742,C001028,Verified,2026-02-13,Passport,Manual
V0000743,L0000743,C001031,Verified,2025-09-14,Utility Bill,Manual
V0000744,L0000744,C001032,Verified,2025-09-06,Passport,Manual
V0000745,L0000745,C001034,Verified,2026-05-29,Passport,API
V0000746,L0000746,C001035,Verified,2025-10-10,Utility Bill,Email
V0000747,L0000747,C001036,Verified,2026-01-05,BRP,Email
V0000748,L0000748,C001037,Verified,2026-01-14,Passport,Manual
V0000749,L0000749,C001038,Verified,2025-01-19,Driving Licence,API
V0000750,L0000750,C001039,Verified,2026-04-27,Passport,API
V0000751,L0000751,C001040,Manual Review,2026-03-14,Driving Licence,Manual
V0000752,L0000752,C001042,Verified,2025-06-25,Driving Licence,API
V0000753,L0000753,C001044,Verified,2025-07-28,BRP,API
V0000754,L0000754,C001045,Verified,2025-03-16,BRP,API
V0000755,L0000755,C001046,Failed,2025-01-16,Driving Licence,API
V0000756,L0000756,C001049,Verified,2025-09-03,Passport,API
V0000757,L0000757,C001050,Verified,2025-01-30,Utility Bill,Email
V0000758,L0000758,C001051,Manual Review,2025-02-12,Passport,Manual
V0000759,L0000759,C001052,Verified,2025-12-04,BRP,Email
V0000760,L0000760,C001053,Verified,2025-07-20,Utility Bill,Manual
V0000761,L0000761,C001054,Verified,2026-02-07,BRP,Manual
V0000762,L0000762,C001056,Verified,2026-04-24,BRP,Manual
V0000763,L0000763,C001057,Verified,2025-01-19,Driving Licence,Manual
V0000764,L0000764,C001058,Manual Review,2026-04-10,Driving Licence,API
V0000765,L0000765,C001059,Manual Review,2025-02-02,Passport,API
V0000766,L0000766,C001060,Verified,2025-11-04,Utility Bill,Manual
V0000767,L0000767,C001061,Verified,2025-02-20,Utility Bill,API
V0000768,L0000768,C001062,Verified,2025-03-24,Utility Bill,Email
V0000769,L0000769,C001063,Verified,2026-05-19,BRP,Manual
V0000770,L0000770,C001064,Verified,2025-05-19,Utility Bill,API
V0000771,L0000771,C001066,Verified,2025-05-15,BRP,Manual
V0000772,L0000772,C001067,Verified,2025-06-29,BRP,Email
V0000773,L0000773,C001068,Verified,2025-05-27,Utility Bill,Manual
V0000774,L0000774,C001070,Verified,2025-08-26,Utility Bill,API
V0000775,L0000775,C001071,Verified,2025-09-14,Passport,Email
V0000776,L0000776,C001072,Verified,2025-04-20,Driving Licence,Email
V0000777,L0000777,C001074,Manual Review,2025-08-02,Driving Licence,Email
V0000778,L0000778,C001078,Verified,2026-01-11,Driving Licence,API
V0000779,L0000779,C001079,Verified,2026-05-13,Driving Licence,API
V0000780,L0000780,C001080,Failed,2025-11-30,Passport,Email
V0000781,L0000781,C001081,Verified,2025-05-31,Utility Bill,Email
V0000782,L0000782,C001083,Verified,2025-06-05,Driving Licence,Manual
V0000783,L0000783,C001084,Verified,2026-04-02,Passport,API
V0000784,L0000784,C001086,Verified,2025-08-05,Driving Licence,Manual
V0000785,L0000785,C001087,Verified,2025-06-27,Passport,Email
V0000786,L0000786,C001090,Manual Review,2026-02-18,Driving Licence,API
V0000787,L0000787,C001091,Verified,2025-09-09,BRP,Email
V0000788,L0000788,C001092,Verified,2025-09-01,Passport,Email
V0000789,L0000789,C001093,Verified,2026-02-24,BRP,Email
V0000790,L0000790,C001097,Verified,2026-05-17,Driving Licence,Email
V0000791,L0000791,C001098,Verified,2025-11-10,Passport,Email
V0000792,L0000792,C001099,Manual Review,2025-09-19,Passport,API
V0000793,L0000793,C001100,Verified,2026-04-20,BRP,Email
V0000794,L0000794,C001101,Failed,2025-05-20,Driving Licence,Manual
V0000795,L0000795,C001102,Manual Review,2025-06-30,Driving Licence,Email
V0000796,L0000796,C001103,Verified,2025-04-17,Driving Licence,API
V0000797,L0000797,C001104,Verified,2026-03-23,Driving Licence,Manual
V0000798,L0000798,C001105,Verified,2025-12-12,BRP,API
V0000799,L0000799,C001106,Verified,2025-08-11,BRP,Manual
V0000800,L0000800,C001110,Manual Review,2025-01-06,BRP,Manual
V0000801,L0000801,C001111,Verified,2026-02-02,Driving Licence,Manual
V0000802,L0000802,C001112,Failed,2025-04-08,Driving Licence,Manual
V0000803,L0000803,C001114,Verified,2025-01-19,Driving Licence,Manual
V0000804,L0000804,C001115,Verified,2025-07-19,Passport,Email
V0000805,L0000805,C001117,Verified,2025-11-23,BRP,API
V0000806,L0000806,C001119,Verified,2025-04-26,Utility Bill,API
V0000807,L0000807,C001120,Manual Review,2026-02-13,BRP,Manual
V0000808,L0000808,C001121,Verified,2025-05-10,Driving Licence,Manual
V0000809,L0000809,C001122,Verified,2026-01-23,BRP,Manual
V0000810,L0000810,C001123,Verified,2026-03-18,BRP,Manual
V0000811,L0000811,C001124,Manual Review,2026-04-26,Utility Bill,Manual
V0000812,L0000812,C001126,Verified,2025-12-20,Passport,Manual
V0000813,L0000813,C001127,Verified,2025-03-12,Passport,Email
V0000814,L0000814,C001128,Verified,2025-12-07,Utility Bill,Email
V0000815,L0000815,C001129,Manual Review,2025-01-22,Utility Bill,Manual
V0000816,L0000816,C001130,Verified,2026-02-21,Driving Licence,Manual
V0000817,L0000817,C001131,Verified,2025-06-13,Driving Licence,API
V0000818,L0000818,C001134,Verified,2025-12-11,Passport,Manual
V0000819,L0000819,C001135,Verified,2026-05-25,BRP,API
V0000820,L0000820,C001136,Verified,2025-12-23,BRP,Manual
V0000821,L0000821,C001138,Verified,2025-01-05,Driving Licence,API
V0000822,L0000822,C001139,Verified,2025-02-06,Utility Bill,Email
V0000823,L0000823,C001140,Verified,2025-06-14,Driving Licence,Email
V0000824,L0000824,C001141,Verified,2026-03-05,Driving Licence,Manual
V0000825,L0000825,C001142,Verified,2025-02-09,Driving Licence,Email
V0000826,L0000826,C001143,Verified,2025-12-19,Passport,API
V0000827,L0000827,C001144,Verified,2026-03-13,Passport,Manual
V0000828,L0000828,C001146,Verified,2026-04-05,Driving Licence,API
V0000829,L0000829,C001147,Verified,2025-10-18,Utility Bill,Email
V0000830,L0000830,C001149,Verified,2026-04-03,Utility Bill,API
V0000831,L0000831,C001150,Verified,2025-05-19,Utility Bill,Email
V0000832,L0000832,C001151,Verified,2025-12-30,Driving Licence,Email
V0000833,L0000833,C001154,Verified,2025-12-10,Utility Bill,API
V0000834,L0000834,C001155,Manual Review,2026-01-17,BRP,Manual
V0000835,L0000835,C001157,Verified,2025-11-24,BRP,Email
V0000836,L0000836,C001158,Verified,2025-02-09,Passport,Manual
V0000837,L0000837,C001159,Verified,2025-03-09,Passport,Email
V0000838,L0000838,C001160,Verified,2026-05-20,BRP,Email
V0000839,L0000839,C001165,Verified,2025-02-21,Passport,Email
V0000840,L0000840,C001166,Verified,2026-05-21,Utility Bill,Manual
V0000841,L0000841,C001168,Verified,2025-06-26,Utility Bill,API
V0000842,L0000842,C001169,Verified,2025-03-19,Driving Licence,Email
V0000843,L0000843,C001170,Verified,2025-11-05,Driving Licence,Manual
V0000844,L0000844,C001171,Verified,2026-06-06,Passport,Email
V0000845,L0000845,C001173,Verified,2025-05-18,Driving Licence,Email
V0000846,L0000846,C001175,Failed,2025-09-13,Driving Licence,Manual
V0000847,L0000847,C001176,Verified,2025-01-19,Driving Licence,Manual
V0000848,L0000848,C001179,Verified,2025-11-22,Driving Licence,API
V0000849,L0000849,C001182,Verified,2026-03-02,Utility Bill,Email
V0000850,L0000850,C001184,Verified,2026-03-31,Passport,API
V0000851,L0000851,C001185,Verified,2026-01-28,Driving Licence,Email
V0000852,L0000852,C001188,Verified,2026-02-09,Driving Licence,Email
V0000853,L0000853,C001189,Verified,2026-03-25,Utility Bill,Manual
V0000854,L0000854,C001190,Manual Review,2025-05-13,Driving Licence,Manual
V0000855,L0000855,C001191,Verified,2025-04-30,BRP,Manual
V0000856,L0000856,C001192,Verified,2025-06-25,Passport,Email
V0000857,L0000857,C001193,Verified,2025-10-09,BRP,Email
V0000858,L0000858,C001194,Verified,2025-08-06,BRP,Manual
V0000859,L0000859,C001196,Verified,2026-04-15,Driving Licence,Email
V0000860,L0000860,C001197,Verified,2025-05-04,Driving Licence,Email
V0000861,L0000861,C001198,Failed,2026-02-11,Utility Bill,Manual
V0000862,L0000862,C001199,Verified,2025-08-01,Passport,Manual
V0000863,L0000863,C001200,Verified,2025-12-27,Utility Bill,Email
V0000864,L0000864,C001201,Verified,2025-01-19,BRP,Manual
V0000865,L0000865,C001202,Verified,2026-02-01,Passport,Email
V0000866,L0000866,C001203,Verified,2025-04-23,Passport,Manual
V0000867,L0000867,C001204,Verified,2026-05-21,Passport,Manual
V0000868,L0000868,C001205,Manual Review,2026-01-10,Driving Licence,API
V0000869,L0000869,C001206,Verified,2025-01-31,Passport,Email
V0000870,L0000870,C001208,Verified,2025-11-23,Passport,Manual
V0000871,L0000871,C001211,Verified,2026-01-22,Driving Licence,Email
V0000872,L0000872,C001214,Verified,2026-05-11,Passport,Email
V0000873,L0000873,C001215,Verified,2025-12-02,Utility Bill,Manual
V0000874,L0000874,C001216,Manual Review,2025-05-01,BRP,API
V0000875,L0000875,C001217,Verified,2025-07-15,Driving Licence,API
V0000876,L0000876,C001218,Verified,2025-07-08,Passport,Manual
V0000877,L0000877,C001220,Verified,2025-11-26,BRP,Manual
V0000878,L0000878,C001221,Verified,2025-02-27,BRP,API
V0000879,L0000879,C001222,Verified,2025-02-01,BRP,Manual
V0000880,L0000880,C001223,Verified,2025-01-19,Utility Bill,API
V0000881,L0000881,C001224,Verified,2025-05-29,Utility Bill,API
V0000882,L0000882,C001227,Verified,2025-08-29,Driving Licence,Manual
V0000883,L0000883,C001228,Verified,2026-01-16,Utility Bill,Manual
V0000884,L0000884,C001230,Manual Review,2025-10-29,Utility Bill,Manual
V0000885,L0000885,C001231,Manual Review,2025-05-01,Utility Bill,Manual
V0000886,L0000886,C001232,Verified,2025-06-18,Utility Bill,Manual
V0000887,L0000887,C001233,Verified,2025-06-12,Driving Licence,API
V0000888,L0000888,C001234,Verified,2026-04-12,Utility Bill,Manual
V0000889,L0000889,C001235,Verified,2025-01-28,Utility Bill,Manual
V0000890,L0000890,C001236,Verified,2025-10-02,Utility Bill,API
V0000891,L0000891,C001237,Verified,2026-06-05,Utility Bill,API
V0000892,L0000892,C001238,Failed,2026-04-26,Passport,Email
V0000893,L0000893,C001239,Verified,2025-03-17,Passport,Email
V0000894,L0000894,C001240,Verified,2026-03-20,Driving Licence,Email
V0000895,L0000895,C001241,Verified,2025-10-23,Driving Licence,API
V0000896,L0000896,C001242,Verified,2025-09-04,Utility Bill,Manual
V0000897,L0000897,C001244,Verified,2026-01-24,Passport,API
V0000898,L0000898,C001245,Verified,2025-10-14,Driving Licence,Email
V0000899,L0000899,C001246,Manual Review,2025-07-17,Utility Bill,API
V0000900,L0000900,C001247,Verified,2026-02-19,Passport,Manual
V0000901,L0000901,C001248,Verified,2025-09-27,Utility Bill,Manual
V0000902,L0000902,C001250,Verified,2025-02-17,Driving Licence,API
V0000903,L0000903,C001251,Verified,2025-10-01,Passport,Manual
V0000904,L0000904,C001252,Verified,2025-10-18,Utility Bill,Manual
V0000905,L0000905,C001254,Verified,2025-10-17,Driving Licence,Manual
V0000906,L0000906,C001256,Verified,2025-03-14,Passport,API
V0000907,L0000907,C001257,Failed,2025-05-01,BRP,API
V0000908,L0000908,C001258,Verified,2025-11-21,Passport,API
V0000909,L0000909,C001259,Verified,2025-03-18,Utility Bill,Email
V0000910,L0000910,C001261,Verified,2025-06-04,Driving Licence,Manual
V0000911,L0000911,C001262,Verified,2025-03-15,BRP,API
V0000912,L0000912,C001263,Verified,2025-01-30,Utility Bill,Manual
V0000913,L0000913,C001266,Verified,2025-07-15,Passport,Email
V0000914,L0000914,C001267,Verified,2026-02-15,BRP,Manual
V0000915,L0000915,C001268,Verified,2026-04-15,Driving Licence,Email
V0000916,L0000916,C001270,Verified,2025-02-28,Passport,Email
V0000917,L0000917,C001272,Verified,2025-04-12,BRP,Manual
V0000918,L0000918,C001274,Verified,2026-05-14,BRP,Manual
V0000919,L0000919,C001276,Verified,2025-06-19,Utility Bill,API
V0000920,L0000920,C001277,Verified,2025-11-17,BRP,Email
V0000921,L0000921,C001279,Manual Review,2025-02-20,BRP,API
V0000922,L0000922,C001281,Manual Review,2025-11-19,Utility Bill,API
V0000923,L0000923,C001282,Verified,2025-06-01,Driving Licence,Email
V0000924,L0000924,C001284,Verified,2025-03-13,Utility Bill,Manual
V0000925,L0000925,C001285,Verified,2026-05-10,Passport,API
V0000926,L0000926,C001286,Verified,2026-01-26,Utility Bill,API
V0000927,L0000927,C001290,Verified,2026-04-29,Passport,Email
V0000928,L0000928,C001293,Verified,2026-03-16,Utility Bill,API
V0000929,L0000929,C001294,Verified,2025-08-20,Passport,API
V0000930,L0000930,C001295,Verified,2025-02-23,Utility Bill,Manual
V0000931,L0000931,C001297,Verified,2025-07-13,Driving Licence,API
V0000932,L0000932,C001298,Verified,2025-01-07,Utility Bill,Email
V0000933,L0000933,C001300,Verified,2026-02-23,Passport,API
V0000934,L0000934,C001304,Verified,2026-04-14,Driving Licence,API
V0000935,L0000935,C001307,Verified,2026-04-19,Utility Bill,API
V0000936,L0000936,C001308,Verified,2026-03-20,Utility Bill,Email
V0000937,L0000937,C001310,Verified,2026-05-18,Utility Bill,Email
V0000938,L0000938,C001311,Verified,2025-05-04,BRP,Email
V0000939,L0000939,C001312,Manual Review,2025-03-10,Passport,Email
V0000940,L0000940,C001314,Verified,2025-02-02,Utility Bill,Manual
V0000941,L0000941,C001315,Verified,2025-08-07,BRP,API
V0000942,L0000942,C001316,Verified,2025-01-05,Driving Licence,API
V0000943,L0000943,C001317,Verified,2025-08-15,Utility Bill,Manual
V0000944,L0000944,C001319,Manual Review,2026-01-26,Utility Bill,API
V0000945,L0000945,C001322,Verified,2026-05-01,Passport,API
V0000946,L0000946,C001323,Verified,2025-05-16,Passport,Email
V0000947,L0000947,C001324,Verified,2026-05-25,Utility Bill,API
V0000948,L0000948,C001326,Verified,2025-10-18,Passport,Email
V0000949,L0000949,C001327,Verified,2026-01-22,Utility Bill,Manual
V0000950,L0000950,C001329,Verified,2025-11-19,Passport,Manual
V0000951,L0000951,C001330,Verified,2025-07-05,Utility Bill,API
V0000952,L0000952,C001332,Manual Review,2025-10-17,Driving Licence,API
V0000953,L0000953,C001333,Verified,2026-03-30,Driving Licence,Email
V0000954,L0000954,C001334,Verified,2025-11-14,BRP,Email
V0000955,L0000955,C001335,Verified,2025-01-24,Passport,Manual
V0000956,L0000956,C001336,Verified,2026-05-17,Utility Bill,API
V0000957,L0000957,C001337,Verified,2025-11-01,BRP,API
V0000958,L0000958,C001338,Verified,2025-09-12,BRP,Email
V0000959,L0000959,C001339,Verified,2026-01-28,Utility Bill,API
V0000960,L0000960,C001341,Verified,2025-12-10,Passport,Email
V0000961,L0000961,C001342,Verified,2026-04-22,Passport,Email
V0000962,L0000962,C001343,Verified,2025-06-18,BRP,Email
V0000963,L0000963,C001344,Failed,2025-09-03,Driving Licence,API
V0000964,L0000964,C001345,Verified,2025-08-24,Driving Licence,Manual
V0000965,L0000965,C001347,Verified,2025-06-24,Passport,Manual
V0000966,L0000966,C001348,Verified,2026-02-23,BRP,Email
V0000967,L0000967,C001349,Verified,2026-02-19,Passport,API
V0000968,L0000968,C001350,Verified,2025-10-10,BRP,API
V0000969,L0000969,C001351,Verified,2025-11-11,BRP,Manual
V0000970,L0000970,C001352,Verified,2026-01-18,Utility Bill,Email
V0000971,L0000971,C001353,Verified,2026-02-06,Passport,Manual
V0000972,L0000972,C001354,Manual Review,2025-04-17,BRP,Email
V0000973,L0000973,C001355,Manual Review,2025-10-19,Passport,Email
V0000974,L0000974,C001356,Verified,2025-07-06,Utility Bill,Email
V0000975,L0000975,C001360,Verified,2025-06-18,BRP,API
V0000976,L0000976,C001361,Verified,2026-05-10,Driving Licence,Email
V0000977,L0000977,C001362,Verified,2026-01-24,Utility Bill,Email
V0000978,L0000978,C001363,Verified,2026-02-27,Driving Licence,API
V0000979,L0000979,C001364,Verified,2025-06-29,Utility Bill,API
V0000980,L0000980,C001365,Verified,2025-09-07,Utility Bill,Manual
V0000981,L0000981,C001367,Verified,2025-11-01,Passport,Email
V0000982,L0000982,C001369,Verified,2025-12-01,Utility Bill,Manual
V0000983,L0000983,C001370,Verified,2025-03-05,BRP,Email
V0000984,L0000984,C001371,Verified,2025-12-09,Driving Licence,Email
V0000985,L0000985,C001372,Verified,2025-12-28,Driving Licence,Email
V0000986,L0000986,C001374,Verified,2025-12-30,Passport,API
V0000987,L0000987,C001375,Verified,2025-08-13,Driving Licence,Manual
V0000988,L0000988,C001376,Verified,2025-01-21,Utility Bill,Email
V0000989,L0000989,C001377,Verified,2026-05-07,Utility Bill,API
V0000990,L0000990,C001381,Verified,2025-01-08,Passport,API
V0000991,L0000991,C001383,Verified,2025-06-20,Passport,Email
V0000992,L0000992,C001384,Verified,2026-01-17,Utility Bill,Email
V0000993,L0000993,C001385,Verified,2025-02-16,BRP,API
V0000994,L0000994,C001386,Manual Review,2025-06-19,Passport,Email
V0000995,L0000995,C001387,Verified,2026-03-20,Utility Bill,Manual
V0000996,L0000996,C001388,Verified,2026-01-20,Utility Bill,Email
V0000997,L0000997,C001389,Verified,2025-03-31,Driving Licence,API
V0000998,L0000998,C001390,Verified,2025-07-27,BRP,Email
V0000999,L0000999,C001392,Verified,2025-12-08,BRP,Email
V0001000,L0001000,C001393,Verified,2026-03-24,BRP,Email
V0001001,L0001001,C001395,Verified,2025-04-14,Driving Licence,API
V0001002,L0001002,C001396,Verified,2026-04-10,BRP,Manual
V0001003,L0001003,C001398,Verified,2025-01-10,Utility Bill,Email
V0001004,L0001004,C001399,Manual Review,2026-04-26,Passport,Email
V0001005,L0001005,C001401,Verified,2026-05-15,Driving Licence,Manual
V0001006,L0001006,C001402,Verified,2026-06-05,Passport,Manual
V0001007,L0001007,C001403,Verified,2026-04-15,BRP,Email
V0001008,L0001008,C001405,Verified,2025-02-11,Utility Bill,Email
V0001009,L0001009,C001406,Verified,2025-03-26,Utility Bill,Manual
V0001010,L0001010,C001408,Verified,2025-06-21,Passport,API
V0001011,L0001011,C001409,Verified,2026-06-06,Utility Bill,API
V0001012,L0001012,C001410,Manual Review,2026-03-31,Passport,Email
V0001013,L0001013,C001412,Verified,2025-11-22,Utility Bill,Email
V0001014,L0001014,C001413,Verified,2025-08-05,Driving Licence,Manual
V0001015,L0001015,C001414,Verified,2025-02-27,Passport,Email
V0001016,L0001016,C001415,Verified,2026-06-04,Utility Bill,API
V0001017,L0001017,C001418,Manual Review,2025-12-11,Utility Bill,Manual
V0001018,L0001018,C001419,Verified,2025-11-28,Utility Bill,Email
V0001019,L0001019,C001420,Verified,2025-02-20,Driving Licence,API
V0001020,L0001020,C001422,Verified,2025-06-16,Driving Licence,Manual
V0001021,L0001021,C001423,Verified,2025-06-01,BRP,Email
V0001022,L0001022,C001424,Verified,2025-01-30,Driving Licence,API
V0001023,L0001023,C001425,Verified,2025-08-22,Driving Licence,API
V0001024,L0001024,C001426,Verified,2025-03-02,BRP,API
V0001025,L0001025,C001427,Verified,2025-12-27,Utility Bill,Email
V0001026,L0001026,C001428,Verified,2025-04-18,Driving Licence,API
V0001027,L0001027,C001429,Verified,2025-11-06,BRP,API
V0001028,L0001028,C001430,Failed,2026-02-26,BRP,API
V0001029,L0001029,C001431,Verified,2025-02-10,Driving Licence,Manual
V0001030,L0001030,C001432,Verified,2025-08-02,Passport,Email
V0001031,L0001031,C001433,Verified,2025-08-24,Driving Licence,API
V0001032,L0001032,C001434,Verified,2026-03-15,Passport,Email
V0001033,L0001033,C001435,Manual Review,2025-02-16,Driving Licence,Email
V0001034,L0001034,C001436,Manual Review,2026-04-13,Passport,Email
V0001035,L0001035,C001438,Verified,2026-03-05,BRP,Email
V0001036,L0001036,C001443,Verified,2025-03-22,Passport,Manual
V0001037,L0001037,C001445,Manual Review,2025-11-15,Utility Bill,Manual
V0001038,L0001038,C001448,Verified,2026-05-21,Utility Bill,Email
V0001039,L0001039,C001449,Verified,2025-05-27,Utility Bill,Manual
V0001040,L0001040,C001450,Verified,2025-12-15,Driving Licence,Manual
V0001041,L0001041,C001451,Verified,2025-08-18,Utility Bill,Email
V0001042,L0001042,C001453,Verified,2025-07-28,Utility Bill,Email
V0001043,L0001043,C001454,Verified,2025-11-14,Driving Licence,Email
V0001044,L0001044,C001455,Verified,2026-02-19,Passport,Manual
V0001045,L0001045,C001456,Verified,2025-08-22,BRP,API
V0001046,L0001046,C001457,Failed,2026-02-03,Utility Bill,Email
V0001047,L0001047,C001459,Verified,2025-03-05,Utility Bill,Manual
V0001048,L0001048,C001460,Failed,2025-12-05,Utility Bill,Manual
V0001049,L0001049,C001461,Verified,2025-09-23,Driving Licence,Manual
V0001050,L0001050,C001464,Verified,2026-04-04,Utility Bill,API
V0001051,L0001051,C001465,Verified,2026-04-09,Utility Bill,Email
V0001052,L0001052,C001466,Verified,2025-06-24,BRP,Email
V0001053,L0001053,C001468,Verified,2026-03-28,Driving Licence,Email
V0001054,L0001054,C001469,Verified,2025-07-12,Passport,Manual
V0001055,L0001055,C001471,Verified,2025-02-13,Passport,Manual
V0001056,L0001056,C001472,Verified,2025-10-29,Driving Licence,Manual
V0001057,L0001057,C001473,Manual Review,2025-01-21,Driving Licence,Email
V0001058,L0001058,C001475,Verified,2025-09-04,Passport,Manual
V0001059,L0001059,C001476,Verified,2025-03-11,BRP,Manual
V0001060,L0001060,C001477,Verified,2026-01-10,Utility Bill,API
V0001061,L0001061,C001478,Verified,2025-06-28,Utility Bill,API
V0001062,L0001062,C001479,Verified,2025-03-18,BRP,API
V0001063,L0001063,C001481,Verified,2026-05-06,Driving Licence,Email
V0001064,L0001064,C001482,Verified,2026-05-24,BRP,Email
V0001065,L0001065,C001484,Verified,2025-10-06,BRP,Email
V0001066,L0001066,C001486,Verified,2026-02-21,Utility Bill,Email
V0001067,L0001067,C001487,Verified,2025-10-18,Passport,Manual
V0001068,L0001068,C001488,Verified,2025-09-28,Passport,API
V0001069,L0001069,C001489,Failed,2025-03-28,Driving Licence,Email
V0001070,L0001070,C001490,Verified,2025-10-17,Passport,API
V0001071,L0001071,C001491,Verified,2025-04-24,Driving Licence,Email
V0001072,L0001072,C001492,Verified,2026-05-26,Driving Licence,API
V0001073,L0001073,C001493,Verified,2025-10-30,BRP,Email
V0001074,L0001074,C001495,Verified,2025-04-23,Passport,Manual
V0001075,L0001075,C001496,Manual Review,2025-06-09,Passport,Manual
V0001076,L0001076,C001498,Verified,2025-07-20,Utility Bill,Email
V0001077,L0001077,C001499,Verified,2025-06-24,BRP,API
V0001078,L0001078,C001500,Verified,2026-04-09,Driving Licence,API
V0001079,L0001079,C001502,Manual Review,2025-11-16,Utility Bill,API
V0001080,L0001080,C001503,Verified,2025-10-04,Passport,Manual
V0001081,L0001081,C001504,Verified,2025-03-22,Passport,Email
V0001082,L0001082,C001506,Manual Review,2025-08-13,Utility Bill,Manual
V0001083,L0001083,C001507,Verified,2025-04-02,BRP,Email
V0001084,L0001084,C001508,Verified,2025-09-11,Passport,Email
V0001085,L0001085,C001509,Verified,2025-10-03,Utility Bill,API
V0001086,L0001086,C001510,Failed,2026-02-11,Driving Licence,API
V0001087,L0001087,C001511,Verified,2025-09-29,Driving Licence,API
V0001088,L0001088,C001512,Verified,2025-01-05,Utility Bill,API
V0001089,L0001089,C001513,Verified,2026-04-01,Passport,Email
V0001090,L0001090,C001514,Failed,2025-06-22,BRP,API
V0001091,L0001091,C001515,Verified,2026-03-06,Passport,Manual
V0001092,L0001092,C001517,Manual Review,2025-03-23,BRP,API
V0001093,L0001093,C001519,Verified,2026-03-19,Utility Bill,Manual
V0001094,L0001094,C001520,Verified,2025-03-06,BRP,Email
V0001095,L0001095,C001521,Verified,2025-12-09,Driving Licence,Email
V0001096,L0001096,C001522,Verified,2025-02-03,Driving Licence,Manual
V0001097,L0001097,C001523,Verified,2026-03-29,Driving Licence,API
V0001098,L0001098,C001524,Verified,2025-01-07,Utility Bill,API
V0001099,L0001099,C001525,Verified,2025-04-04,Passport,API
V0001100,L0001100,C001527,Verified,2025-06-18,Passport,Email
V0001101,L0001101,C001528,Verified,2025-01-19,Passport,Manual
V0001102,L0001102,C001529,Verified,2025-07-08,BRP,Email
V0001103,L0001103,C001530,Verified,2025-11-14,Utility Bill,API
V0001104,L0001104,C001532,Verified,2025-03-20,Utility Bill,API
V0001105,L0001105,C001534,Verified,2025-06-30,Driving Licence,Email
V0001106,L0001106,C001536,Verified,2026-03-16,Utility Bill,Email
V0001107,L0001107,C001538,Manual Review,2025-10-15,Utility Bill,API
V0001108,L0001108,C001539,Verified,2026-06-05,Driving Licence,API
V0001109,L0001109,C001541,Verified,2025-09-06,Driving Licence,Email
V0001110,L0001110,C001542,Verified,2025-03-25,Passport,API
V0001111,L0001111,C001544,Verified,2025-10-05,Passport,Email
V0001112,L0001112,C001545,Verified,2025-07-29,Utility Bill,Manual
V0001113,L0001113,C001546,Verified,2025-07-21,Utility Bill,Email
V0001114,L0001114,C001547,Verified,2026-05-12,BRP,Email
V0001115,L0001115,C001549,Verified,2025-11-23,Passport,API
V0001116,L0001116,C001550,Verified,2025-04-06,BRP,API
V0001117,L0001117,C001551,Verified,2025-06-29,BRP,Manual
V0001118,L0001118,C001553,Verified,2025-05-13,Utility Bill,Email
V0001119,L0001119,C001555,Verified,2025-03-11,BRP,API
V0001120,L0001120,C001556,Verified,2025-06-18,BRP,Manual
V0001121,L0001121,C001557,Verified,2025-07-05,Driving Licence,Email
V0001122,L0001122,C001559,Verified,2025-01-13,Passport,API
V0001123,L0001123,C001562,Verified,2025-03-22,Driving Licence,Email
V0001124,L0001124,C001563,Verified,2025-05-10,Passport,API
V0001125,L0001125,C001564,Verified,2026-02-23,Passport,API
V0001126,L0001126,C001565,Verified,2025-06-08,Driving Licence,Manual
V0001127,L0001127,C001566,Verified,2026-01-01,Driving Licence,API
V0001128,L0001128,C001567,Verified,2025-12-20,Driving Licence,Manual
V0001129,L0001129,C001568,Manual Review,2025-09-24,Utility Bill,Email
V0001130,L0001130,C001569,Failed,2026-02-20,BRP,Email
V0001131,L0001131,C001570,Verified,2026-05-11,BRP,API
V0001132,L0001132,C001571,Failed,2025-06-25,Utility Bill,Manual
V0001133,L0001133,C001573,Verified,2026-05-27,Passport,Manual
V0001134,L0001134,C001574,Failed,2026-04-21,Driving Licence,API
V0001135,L0001135,C001576,Failed,2025-06-11,Driving Licence,Email
V0001136,L0001136,C001578,Verified,2025-06-25,BRP,API
V0001137,L0001137,C001579,Manual Review,2026-02-16,Driving Licence,Manual
V0001138,L0001138,C001581,Verified,2025-03-14,Driving Licence,Email
V0001139,L0001139,C001582,Verified,2025-06-28,Driving Licence,Manual
V0001140,L0001140,C001583,Verified,2026-01-13,Passport,API
V0001141,L0001141,C001584,Verified,2025-06-09,Utility Bill,Manual
V0001142,L0001142,C001585,Verified,2026-03-28,Passport,API
V0001143,L0001143,C001586,Verified,2025-01-17,BRP,Manual
V0001144,L0001144,C001587,Manual Review,2025-11-04,Driving Licence,Email
V0001145,L0001145,C001588,Verified,2025-01-23,Driving Licence,API
V0001146,L0001146,C001589,Verified,2026-05-17,Utility Bill,API
V0001147,L0001147,C001590,Verified,2026-03-17,BRP,Manual
V0001148,L0001148,C001591,Verified,2025-05-22,Utility Bill,Email
V0001149,L0001149,C001592,Verified,2025-02-12,BRP,Email
V0001150,L0001150,C001593,Manual Review,2025-12-13,Driving Licence,API
V0001151,L0001151,C001594,Verified,2025-12-21,Driving Licence,API
V0001152,L0001152,C001595,Verified,2025-08-14,Passport,Manual
V0001153,L0001153,C001597,Verified,2026-05-16,BRP,Manual
V0001154,L0001154,C001598,Verified,2026-03-25,Passport,Manual
V0001155,L0001155,C001600,Verified,2026-06-02,Passport,Email
V0001156,L0001156,C001601,Verified,2025-09-14,Utility Bill,Manual
V0001157,L0001157,C001603,Verified,2025-02-27,BRP,Email
V0001158,L0001158,C001604,Verified,2026-01-22,BRP,API
V0001159,L0001159,C001605,Verified,2026-05-07,Utility Bill,Manual
V0001160,L0001160,C001607,Verified,2025-02-01,BRP,API
V0001161,L0001161,C001608,Verified,2026-03-10,Utility Bill,Email
V0001162,L0001162,C001609,Manual Review,2025-07-20,Passport,API
V0001163,L0001163,C001610,Verified,2026-05-26,Passport,Email
V0001164,L0001164,C001611,Verified,2026-01-12,Driving Licence,API
V0001165,L0001165,C001613,Verified,2025-09-23,Driving Licence,Manual
V0001166,L0001166,C001614,Verified,2025-09-10,BRP,Email
V0001167,L0001167,C001615,Verified,2026-05-20,Passport,Manual
V0001168,L0001168,C001617,Verified,2025-08-25,Utility Bill,Manual
V0001169,L0001169,C001618,Verified,2025-07-30,Driving Licence,API
V0001170,L0001170,C001619,Failed,2025-08-18,BRP,Manual
V0001171,L0001171,C001620,Manual Review,2026-01-02,Passport,Manual
V0001172,L0001172,C001621,Verified,2025-03-29,BRP,API
V0001173,L0001173,C001622,Manual Review,2026-03-24,Passport,API
V0001174,L0001174,C001623,Verified,2025-05-28,Passport,Email
V0001175,L0001175,C001624,Verified,2025-01-16,Utility Bill,Email
V0001176,L0001176,C001627,Verified,2026-04-16,BRP,Email
V0001177,L0001177,C001628,Manual Review,2026-02-02,BRP,Manual
V0001178,L0001178,C001629,Manual Review,2025-09-29,Utility Bill,Email
V0001179,L0001179,C001631,Verified,2025-12-08,Driving Licence,Email
V0001180,L0001180,C001632,Verified,2025-11-19,Utility Bill,Manual
V0001181,L0001181,C001633,Failed,2025-03-04,Utility Bill,API
V0001182,L0001182,C001634,Verified,2025-01-31,Utility Bill,Manual
V0001183,L0001183,C001636,Verified,2025-04-17,Utility Bill,API
V0001184,L0001184,C001637,Verified,2026-05-10,Driving Licence,Manual
V0001185,L0001185,C001638,Verified,2025-07-21,Driving Licence,API
V0001186,L0001186,C001639,Verified,2025-01-30,BRP,Manual
V0001187,L0001187,C001640,Failed,2026-01-12,Utility Bill,API
V0001188,L0001188,C001641,Manual Review,2025-11-14,Utility Bill,API
V0001189,L0001189,C001643,Verified,2025-11-24,Driving Licence,API
V0001190,L0001190,C001646,Verified,2025-08-05,Driving Licence,Email
V0001191,L0001191,C001647,Verified,2025-04-18,BRP,API
V0001192,L0001192,C001648,Verified,2025-02-04,BRP,API
V0001193,L0001193,C001649,Verified,2025-12-15,Utility Bill,API
V0001194,L0001194,C001650,Verified,2025-10-04,Driving Licence,API
V0001195,L0001195,C001651,Verified,2025-07-31,BRP,Manual
V0001196,L0001196,C001652,Verified,2025-09-05,Utility Bill,Manual
V0001197,L0001197,C001654,Verified,2025-08-06,BRP,Manual
V0001198,L0001198,C001655,Verified,2025-04-14,Utility Bill,API
V0001199,L0001199,C001656,Manual Review,2025-03-30,Driving Licence,Manual
V0001200,L0001200,C001657,Verified,2025-08-01,BRP,Email
V0001201,L0001201,C001658,Failed,2025-08-05,Driving Licence,API
V0001202,L0001202,C001659,Verified,2026-04-09,Driving Licence,Email
V0001203,L0001203,C001660,Verified,2025-11-02,BRP,Manual
V0001204,L0001204,C001664,Verified,2025-05-21,Utility Bill,API
V0001205,L0001205,C001665,Verified,2025-07-10,Utility Bill,Manual
V0001206,L0001206,C001666,Verified,2025-08-18,BRP,API
V0001207,L0001207,C001668,Verified,2026-04-16,Driving Licence,API
V0001208,L0001208,C001669,Verified,2025-01-24,Utility Bill,API
V0001209,L0001209,C001670,Verified,2025-08-14,Utility Bill,API
V0001210,L0001210,C001673,Manual Review,2025-10-30,Driving Licence,API
V0001211,L0001211,C001675,Verified,2025-12-14,Utility Bill,API
V0001212,L0001212,C001676,Verified,2025-03-27,BRP,Manual
V0001213,L0001213,C001677,Verified,2025-04-05,Driving Licence,Email
V0001214,L0001214,C001678,Verified,2025-02-14,Utility Bill,Email
V0001215,L0001215,C001679,Manual Review,2025-05-28,Utility Bill,API
V0001216,L0001216,C001680,Verified,2026-01-21,Driving Licence,Email
V0001217,L0001217,C001681,Verified,2025-07-18,Driving Licence,API
V0001218,L0001218,C001682,Verified,2025-07-17,Utility Bill,Email
V0001219,L0001219,C001685,Manual Review,2025-01-18,Utility Bill,API
V0001220,L0001220,C001686,Verified,2025-11-05,Utility Bill,Email
V0001221,L0001221,C001687,Verified,2026-01-31,Passport,Manual
V0001222,L0001222,C001688,Manual Review,2026-05-30,Driving Licence,Manual
V0001223,L0001223,C001690,Verified,2026-05-10,Driving Licence,Manual
V0001224,L0001224,C001691,Failed,2025-08-23,Utility Bill,API
V0001225,L0001225,C001692,Verified,2025-07-11,Driving Licence,Manual
V0001226,L0001226,C001693,Verified,2025-07-08,Utility Bill,Email
V0001227,L0001227,C001697,Verified,2026-05-15,BRP,API
V0001228,L0001228,C001699,Verified,2025-03-31,Utility Bill,Email
V0001229,L0001229,C001700,Verified,2026-03-25,Passport,API
V0001230,L0001230,C001702,Verified,2025-12-09,Passport,API
V0001231,L0001231,C001703,Verified,2025-01-12,Driving Licence,Manual
V0001232,L0001232,C001704,Verified,2025-09-06,BRP,Manual
V0001233,L0001233,C001705,Verified,2025-03-22,BRP,Manual
V0001234,L0001234,C001707,Verified,2025-09-06,Driving Licence,Email
V0001235,L0001235,C001708,Verified,2026-03-09,Passport,API
V0001236,L0001236,C001709,Manual Review,2025-07-11,Driving Licence,Email
V0001237,L0001237,C001710,Verified,2025-12-20,Utility Bill,Email
V0001238,L0001238,C001712,Verified,2025-02-02,Driving Licence,Email
V0001239,L0001239,C001713,Verified,2025-02-28,Passport,Manual
V0001240,L0001240,C001714,Verified,2026-02-07,Passport,API
V0001241,L0001241,C001715,Verified,2026-03-02,Driving Licence,API
V0001242,L0001242,C001716,Verified,2025-10-11,Passport,API
V0001243,L0001243,C001717,Verified,2025-04-25,Driving Licence,API
V0001244,L0001244,C001718,Verified,2025-08-21,BRP,API
V0001245,L0001245,C001719,Verified,2026-01-05,Driving Licence,Email
V0001246,L0001246,C001720,Manual Review,2025-05-05,Driving Licence,Email
V0001247,L0001247,C001722,Verified,2025-09-11,BRP,API
V0001248,L0001248,C001724,Verified,2025-09-02,BRP,Email
V0001249,L0001249,C001727,Verified,2026-04-01,Passport,Email
V0001250,L0001250,C001729,Manual Review,2025-03-16,BRP,Email
V0001251,L0001251,C001730,Verified,2025-10-19,Driving Licence,Manual
V0001252,L0001252,C001732,Verified,2025-08-14,Passport,Email
V0001253,L0001253,C001733,Verified,2025-11-21,BRP,Email
V0001254,L0001254,C001734,Verified,2025-02-16,BRP,API
V0001255,L0001255,C001735,Verified,2025-07-22,Driving Licence,API
V0001256,L0001256,C001737,Verified,2025-03-10,Passport,Email
V0001257,L0001257,C001739,Verified,2025-06-12,BRP,Manual
V0001258,L0001258,C001740,Verified,2025-10-28,BRP,Email
V0001259,L0001259,C001741,Manual Review,2026-03-26,Driving Licence,Email
V0001260,L0001260,C001743,Verified,2025-01-24,Passport,Manual
V0001261,L0001261,C001744,Verified,2025-08-10,Driving Licence,Manual
V0001262,L0001262,C001746,Verified,2025-09-11,Driving Licence,API
V0001263,L0001263,C001748,Verified,2025-12-23,BRP,API
V0001264,L0001264,C001749,Verified,2025-01-12,Driving Licence,Manual
V0001265,L0001265,C001752,Manual Review,2025-06-16,Utility Bill,API
V0001266,L0001266,C001753,Verified,2025-11-01,Passport,API
V0001267,L0001267,C001754,Verified,2026-05-20,Driving Licence,Manual
V0001268,L0001268,C001755,Verified,2025-02-18,Utility Bill,API
V0001269,L0001269,C001756,Verified,2025-06-01,Passport,Email
V0001270,L0001270,C001757,Verified,2025-04-01,Passport,API
V0001271,L0001271,C001760,Verified,2025-11-19,Passport,Manual
V0001272,L0001272,C001761,Verified,2025-06-22,Driving Licence,Email
V0001273,L0001273,C001762,Verified,2025-12-09,Passport,API
V0001274,L0001274,C001764,Verified,2025-06-20,Driving Licence,Manual
V0001275,L0001275,C001765,Verified,2025-01-20,Utility Bill,API
V0001276,L0001276,C001766,Verified,2025-12-23,Utility Bill,Email
V0001277,L0001277,C001767,Failed,2025-07-31,Utility Bill,Manual
V0001278,L0001278,C001769,Verified,2025-02-14,Driving Licence,API
V0001279,L0001279,C001772,Verified,2025-10-24,Utility Bill,API
V0001280,L0001280,C001775,Verified,2026-05-19,BRP,Email
V0001281,L0001281,C001776,Failed,2025-05-21,Driving Licence,Manual
V0001282,L0001282,C001778,Failed,2025-11-23,BRP,Email
V0001283,L0001283,C001782,Verified,2025-02-11,Driving Licence,API
V0001284,L0001284,C001783,Failed,2025-12-17,Utility Bill,Manual
V0001285,L0001285,C001784,Verified,2025-10-26,Driving Licence,Manual
V0001286,L0001286,C001786,Verified,2026-02-18,Driving Licence,Manual
V0001287,L0001287,C001787,Verified,2025-03-28,Passport,Manual
V0001288,L0001288,C001788,Manual Review,2026-06-03,Passport,Email
V0001289,L0001289,C001791,Verified,2025-08-29,Passport,Manual
V0001290,L0001290,C001792,Manual Review,2025-12-25,Passport,API
V0001291,L0001291,C001793,Verified,2025-09-25,Driving Licence,Manual
V0001292,L0001292,C001794,Verified,2026-02-22,BRP,Email
V0001293,L0001293,C001797,Verified,2025-08-22,Passport,Email
V0001294,L0001294,C001798,Verified,2026-02-17,Passport,Email
V0001295,L0001295,C001800,Manual Review,2025-11-15,BRP,Manual
V0001296,L0001296,C001801,Verified,2025-07-27,BRP,API
V0001297,L0001297,C001802,Verified,2025-01-27,Driving Licence,API
V0001298,L0001298,C001804,Failed,2026-03-27,Driving Licence,Manual
V0001299,L0001299,C001805,Verified,2025-10-11,Driving Licence,API
V0001300,L0001300,C001806,Failed,2025-10-02,BRP,Email
V0001301,L0001301,C001807,Manual Review,2025-06-21,Passport,Email
V0001302,L0001302,C001811,Verified,2025-06-29,Utility Bill,Manual
V0001303,L0001303,C001812,Verified,2026-01-08,Driving Licence,API
V0001304,L0001304,C001815,Verified,2025-06-14,BRP,API
V0001305,L0001305,C001816,Manual Review,2026-04-17,Passport,Email
V0001306,L0001306,C001817,Verified,2025-02-26,Passport,API
V0001307,L0001307,C001818,Verified,2025-08-30,Utility Bill,Email
V0001308,L0001308,C001819,Verified,2026-06-01,Passport,API
V0001309,L0001309,C001820,Verified,2026-02-01,Utility Bill,API
V0001310,L0001310,C001822,Failed,2025-03-07,BRP,Email
V0001311,L0001311,C001823,Manual Review,2025-12-26,Driving Licence,Manual
V0001312,L0001312,C001825,Verified,2025-04-25,Driving Licence,Email
V0001313,L0001313,C001827,Verified,2025-01-29,BRP,Email
V0001314,L0001314,C001828,Verified,2025-04-15,BRP,API
V0001315,L0001315,C001829,Manual Review,2025-12-14,Utility Bill,API
V0001316,L0001316,C001830,Verified,2025-03-26,Driving Licence,API
V0001317,L0001317,C001833,Verified,2025-11-04,BRP,Email
V0001318,L0001318,C001834,Manual Review,2025-04-18,Passport,Email
V0001319,L0001319,C001836,Verified,2026-04-11,Driving Licence,Email
V0001320,L0001320,C001837,Verified,2025-03-30,Passport,Email
V0001321,L0001321,C001838,Verified,2025-10-13,Driving Licence,Email
V0001322,L0001322,C001841,Verified,2025-04-05,Passport,Manual
V0001323,L0001323,C001843,Verified,2026-01-08,Utility Bill,Manual
V0001324,L0001324,C001844,Failed,2026-01-22,Utility Bill,Manual
V0001325,L0001325,C001845,Manual Review,2026-04-11,BRP,Manual
V0001326,L0001326,C001847,Verified,2025-10-08,Passport,Manual
V0001327,L0001327,C001848,Verified,2025-05-25,Driving Licence,Email
V0001328,L0001328,C001850,Manual Review,2025-08-09,Passport,Manual
V0001329,L0001329,C001851,Verified,2026-04-21,Utility Bill,API
V0001330,L0001330,C001854,Manual Review,2026-02-24,Driving Licence,Email
V0001331,L0001331,C001855,Verified,2026-03-28,Driving Licence,API
V0001332,L0001332,C001856,Verified,2025-08-14,Utility Bill,API
V0001333,L0001333,C001857,Verified,2025-01-22,Passport,Manual
V0001334,L0001334,C001858,Verified,2026-05-10,BRP,Email
V0001335,L0001335,C001861,Verified,2026-02-01,Driving Licence,Manual
V0001336,L0001336,C001862,Verified,2025-07-16,Passport,Manual
V0001337,L0001337,C001863,Verified,2026-02-20,Driving Licence,Manual
V0001338,L0001338,C001864,Manual Review,2025-11-15,Driving Licence,API
V0001339,L0001339,C001866,Manual Review,2026-05-21,Driving Licence,API
V0001340,L0001340,C001867,Verified,2025-11-08,Driving Licence,Manual
V0001341,L0001341,C001868,Verified,2025-12-15,Driving Licence,Email
V0001342,L0001342,C001869,Failed,2026-03-09,Passport,Email
V0001343,L0001343,C001871,Verified,2026-02-06,Utility Bill,API
V0001344,L0001344,C001872,Verified,2025-03-28,Utility Bill,Manual
V0001345,L0001345,C001874,Verified,2025-04-30,Driving Licence,Manual
V0001346,L0001346,C001875,Verified,2026-02-03,Utility Bill,Manual
V0001347,L0001347,C001878,Verified,2025-03-02,Utility Bill,API
V0001348,L0001348,C001879,Verified,2025-02-14,Passport,API
V0001349,L0001349,C001880,Manual Review,2025-04-27,Passport,API
V0001350,L0001350,C001884,Verified,2025-12-22,BRP,API
V0001351,L0001351,C001885,Verified,2025-03-26,BRP,Manual
V0001352,L0001352,C001886,Manual Review,2026-02-14,BRP,API
V0001353,L0001353,C001888,Verified,2025-09-28,Utility Bill,API
V0001354,L0001354,C001889,Verified,2025-03-10,Utility Bill,Email
V0001355,L0001355,C001890,Manual Review,2025-06-06,Utility Bill,Email
V0001356,L0001356,C001892,Manual Review,2025-02-22,Utility Bill,Manual
V0001357,L0001357,C001896,Verified,2025-06-23,Driving Licence,Email
V0001358,L0001358,C001898,Verified,2025-09-17,BRP,Email
V0001359,L0001359,C001900,Verified,2025-11-30,Passport,Email
V0001360,L0001360,C001903,Verified,2025-09-07,BRP,Email
V0001361,L0001361,C001904,Verified,2025-09-26,Driving Licence,API
V0001362,L0001362,C001905,Verified,2025-07-25,Utility Bill,API
V0001363,L0001363,C001906,Manual Review,2025-03-13,Driving Licence,Email
V0001364,L0001364,C001907,Verified,2025-08-20,Driving Licence,Manual
V0001365,L0001365,C001913,Verified,2025-07-01,Utility Bill,API
V0001366,L0001366,C001915,Verified,2025-10-26,Utility Bill,Email
V0001367,L0001367,C001916,Verified,2025-04-21,Utility Bill,Manual
V0001368,L0001368,C001917,Verified,2025-02-25,BRP,Email
V0001369,L0001369,C001918,Verified,2025-07-29,Utility Bill,API
V0001370,L0001370,C001920,Verified,2025-10-15,Passport,Email
V0001371,L0001371,C001921,Verified,2025-03-20,Utility Bill,Email
V0001372,L0001372,C001922,Verified,2026-01-28,Driving Licence,API
V0001373,L0001373,C001923,Verified,2026-05-26,Utility Bill,Manual
V0001374,L0001374,C001924,Verified,2026-03-01,Utility Bill,API
V0001375,L0001375,C001926,Verified,2025-08-04,Driving Licence,Manual
V0001376,L0001376,C001927,Verified,2026-03-16,Utility Bill,Email
V0001377,L0001377,C001930,Verified,2026-02-16,Driving Licence,API
V0001378,L0001378,C001931,Verified,2025-08-14,Utility Bill,API
V0001379,L0001379,C001933,Verified,2025-04-27,Passport,API
V0001380,L0001380,C001934,Verified,2026-04-08,BRP,Email
V0001381,L0001381,C001935,Verified,2025-01-11,Utility Bill,Manual
V0001382,L0001382,C001936,Verified,2025-09-14,BRP,API
V0001383,L0001383,C001937,Manual Review,2025-08-21,BRP,API
V0001384,L0001384,C001938,Manual Review,2025-12-10,BRP,Manual
V0001385,L0001385,C001939,Verified,2025-04-20,Passport,API
V0001386,L0001386,C001940,Verified,2025-12-12,Utility Bill,Email
V0001387,L0001387,C001943,Failed,2026-05-26,BRP,API
V0001388,L0001388,C001944,Verified,2025-03-22,Passport,Email
V0001389,L0001389,C001945,Verified,2025-07-03,BRP,Email
V0001390,L0001390,C001946,Manual Review,2026-04-26,Driving Licence,Manual
V0001391,L0001391,C001947,Verified,2026-05-18,BRP,API
V0001392,L0001392,C001951,Verified,2025-10-12,Utility Bill,API
V0001393,L0001393,C001952,Verified,2026-03-05,Passport,Manual
V0001394,L0001394,C001953,Verified,2025-08-19,BRP,Manual
V0001395,L0001395,C001955,Verified,2026-06-03,Driving Licence,Manual
V0001396,L0001396,C001956,Verified,2025-10-01,Driving Licence,Manual
V0001397,L0001397,C001958,Verified,2025-03-15,Driving Licence,Email
V0001398,L0001398,C001959,Manual Review,2026-06-01,Passport,API
V0001399,L0001399,C001960,Verified,2026-06-03,Driving Licence,Manual
V0001400,L0001400,C001962,Verified,2025-12-04,Driving Licence,Email
V0001401,L0001401,C001963,Verified,2025-06-13,Passport,API
V0001402,L0001402,C001964,Verified,2025-09-30,Utility Bill,Email
V0001403,L0001403,C001965,Verified,2025-01-24,Driving Licence,Email
V0001404,L0001404,C001966,Failed,2026-03-29,Driving Licence,API
V0001405,L0001405,C001967,Verified,2026-03-07,Utility Bill,Manual
V0001406,L0001406,C001969,Verified,2026-01-01,Passport,Manual
V0001407,L0001407,C001971,Verified,2025-10-21,Utility Bill,Manual
V0001408,L0001408,C001973,Verified,2025-06-21,Passport,Email
V0001409,L0001409,C001974,Verified,2025-07-20,Utility Bill,Email
V0001410,L0001410,C001975,Manual Review,2025-03-05,Passport,Email
V0001411,L0001411,C001976,Verified,2025-11-17,BRP,Email
V0001412,L0001412,C001978,Verified,2025-05-02,Driving Licence,Manual
V0001413,L0001413,C001980,Verified,2026-01-19,Passport,Email
V0001414,L0001414,C001982,Verified,2026-05-25,Utility Bill,API
V0001415,L0001415,C001983,Verified,2025-05-06,Passport,Email
V0001416,L0001416,C001984,Verified,2026-04-20,Passport,Email
V0001417,L0001417,C001985,Verified,2025-05-06,Driving Licence,Manual
V0001418,L0001418,C001986,Failed,2025-04-26,BRP,API
V0001419,L0001419,C001987,Verified,2025-01-16,BRP,Manual
V0001420,L0001420,C001989,Verified,2026-05-26,Utility Bill,API
V0001421,L0001421,C001991,Manual Review,2025-11-04,Passport,API
V0001422,L0001422,C001997,Verified,2025-10-05,Driving Licence,API
V0001423,L0001423,C001998,Manual Review,2025-12-30,Driving Licence,API
V0001424,L0001424,C002001,Manual Review,2025-06-09,BRP,API
V0001425,L0001425,C002002,Verified,2025-09-25,BRP,Manual
V0001426,L0001426,C002003,Manual Review,2026-01-13,Passport,Manual
V0001427,L0001427,C002004,Verified,2025-04-13,BRP,Manual
V0001428,L0001428,C002005,Verified,2026-05-27,Driving Licence,API
V0001429,L0001429,C002006,Failed,2025-09-14,Passport,Manual
V0001430,L0001430,C002007,Verified,2025-11-17,BRP,Manual
V0001431,L0001431,C002009,Verified,2025-10-23,BRP,Manual
V0001432,L0001432,C002010,Verified,2025-07-17,Passport,Email
V0001433,L0001433,C002011,Verified,2025-10-17,BRP,Email
V0001434,L0001434,C002012,Verified,2026-02-28,Passport,API
V0001435,L0001435,C002013,Verified,2025-02-01,Utility Bill,Manual
V0001436,L0001436,C002015,Manual Review,2026-04-24,BRP,Email
V0001437,L0001437,C002016,Failed,2025-09-15,Passport,Manual
V0001438,L0001438,C002017,Verified,2025-04-17,BRP,API
V0001439,L0001439,C002018,Verified,2025-04-03,Utility Bill,API
V0001440,L0001440,C002019,Failed,2025-08-20,Utility Bill,Email
V0001441,L0001441,C002020,Manual Review,2026-05-27,Utility Bill,Manual
V0001442,L0001442,C002023,Manual Review,2026-01-11,Driving Licence,Email
V0001443,L0001443,C002025,Manual Review,2025-07-25,Driving Licence,Manual
V0001444,L0001444,C002026,Verified,2025-10-07,BRP,API
V0001445,L0001445,C002029,Verified,2026-01-05,Driving Licence,Manual
V0001446,L0001446,C002031,Verified,2025-01-04,Utility Bill,API
V0001447,L0001447,C002033,Verified,2025-01-28,Passport,Email
V0001448,L0001448,C002034,Verified,2026-02-22,Passport,API
V0001449,L0001449,C002035,Verified,2025-05-15,Utility Bill,Manual
V0001450,L0001450,C002036,Verified,2025-08-03,Utility Bill,API
V0001451,L0001451,C002037,Verified,2026-05-06,Passport,API
V0001452,L0001452,C002038,Verified,2025-11-01,Utility Bill,Email
V0001453,L0001453,C002039,Verified,2025-09-20,BRP,API
V0001454,L0001454,C002040,Verified,2025-02-15,BRP,Manual
V0001455,L0001455,C002041,Failed,2026-01-02,BRP,Manual
V0001456,L0001456,C002042,Verified,2026-01-14,BRP,Manual
V0001457,L0001457,C002043,Verified,2025-10-30,BRP,Email
V0001458,L0001458,C002044,Verified,2025-05-15,BRP,Manual
V0001459,L0001459,C002045,Verified,2025-05-11,Utility Bill,Email
V0001460,L0001460,C002046,Verified,2026-01-03,BRP,Email
V0001461,L0001461,C002047,Verified,2025-05-31,Utility Bill,Manual
V0001462,L0001462,C002048,Failed,2025-11-16,BRP,Manual
V0001463,L0001463,C002049,Verified,2025-07-25,Driving Licence,Email
V0001464,L0001464,C002051,Verified,2025-05-09,Passport,Email
V0001465,L0001465,C002052,Verified,2025-09-05,BRP,Manual
V0001466,L0001466,C002054,Verified,2025-11-19,Passport,API
V0001467,L0001467,C002055,Verified,2026-02-18,Utility Bill,Email
V0001468,L0001468,C002056,Verified,2025-03-15,Passport,API
V0001469,L0001469,C002057,Manual Review,2026-04-21,BRP,Email
V0001470,L0001470,C002060,Verified,2025-07-10,BRP,Email
V0001471,L0001471,C002062,Verified,2026-04-25,Driving Licence,API
V0001472,L0001472,C002063,Verified,2025-06-01,Passport,API
V0001473,L0001473,C002065,Verified,2026-02-26,Driving Licence,Manual
V0001474,L0001474,C002066,Verified,2025-07-06,Driving Licence,Email
V0001475,L0001475,C002068,Verified,2026-05-01,Passport,Email
V0001476,L0001476,C002069,Verified,2025-09-18,BRP,API
V0001477,L0001477,C002070,Failed,2025-09-05,BRP,API
V0001478,L0001478,C002071,Verified,2025-10-08,Utility Bill,Email
V0001479,L0001479,C002072,Verified,2026-05-13,Driving Licence,Manual
V0001480,L0001480,C002073,Verified,2025-06-25,Driving Licence,Manual
V0001481,L0001481,C002074,Verified,2025-12-23,Driving Licence,API
V0001482,L0001482,C002076,Verified,2026-01-19,BRP,Email
V0001483,L0001483,C002078,Verified,2025-03-07,Utility Bill,Manual
V0001484,L0001484,C002079,Verified,2026-03-18,Driving Licence,Manual
V0001485,L0001485,C002080,Manual Review,2026-05-27,Utility Bill,Email
V0001486,L0001486,C002081,Verified,2025-03-24,Passport,API
V0001487,L0001487,C002082,Verified,2025-07-17,Driving Licence,Manual
V0001488,L0001488,C002083,Verified,2025-07-14,Passport,API
V0001489,L0001489,C002084,Verified,2025-07-04,Passport,Email
V0001490,L0001490,C002086,Verified,2026-02-23,Utility Bill,API
V0001491,L0001491,C002087,Verified,2025-05-29,Utility Bill,API
V0001492,L0001492,C002088,Verified,2025-03-17,Utility Bill,Manual
V0001493,L0001493,C002090,Verified,2026-01-07,Utility Bill,Email
V0001494,L0001494,C002091,Verified,2025-07-25,BRP,Email
V0001495,L0001495,C002092,Verified,2025-10-18,BRP,Manual
V0001496,L0001496,C002093,Verified,2025-03-18,BRP,API
V0001497,L0001497,C002096,Verified,2026-04-05,BRP,API
V0001498,L0001498,C002097,Verified,2025-07-21,Utility Bill,Manual
V0001499,L0001499,C002098,Verified,2026-03-04,Utility Bill,Email
V0001500,L0001500,C002099,Verified,2025-09-18,Driving Licence,API
V0001501,L0001501,C002100,Verified,2025-01-30,Driving Licence,API
V0001502,L0001502,C002101,Verified,2025-11-22,BRP,Manual
V0001503,L0001503,C002102,Verified,2025-07-15,Passport,API
V0001504,L0001504,C002103,Verified,2025-07-12,Driving Licence,API
V0001505,L0001505,C002104,Verified,2025-03-28,Passport,API
V0001506,L0001506,C002105,Manual Review,2025-11-10,Passport,Manual
V0001507,L0001507,C002106,Failed,2025-07-17,BRP,API
V0001508,L0001508,C002107,Manual Review,2025-07-22,BRP,API
V0001509,L0001509,C002109,Verified,2026-03-21,Driving Licence,API
V0001510,L0001510,C002110,Verified,2025-02-23,Passport,API
V0001511,L0001511,C002112,Verified,2025-11-01,Driving Licence,Manual
V0001512,L0001512,C002113,Failed,2025-12-12,Utility Bill,Email
V0001513,L0001513,C002115,Failed,2025-06-19,Utility Bill,Manual
V0001514,L0001514,C002117,Verified,2026-05-02,Driving Licence,Manual
V0001515,L0001515,C002118,Verified,2025-06-27,Driving Licence,API
V0001516,L0001516,C002119,Failed,2026-02-09,Driving Licence,Manual
V0001517,L0001517,C002120,Verified,2025-04-23,Driving Licence,Email
V0001518,L0001518,C002121,Verified,2025-12-17,Utility Bill,API
V0001519,L0001519,C002122,Verified,2025-01-31,Passport,API
V0001520,L0001520,C002123,Manual Review,2025-05-28,Driving Licence,Manual
V0001521,L0001521,C002125,Verified,2025-07-25,Passport,API
V0001522,L0001522,C002127,Verified,2025-06-29,Utility Bill,API
V0001523,L0001523,C002128,Verified,2026-01-30,Driving Licence,Manual
V0001524,L0001524,C002131,Verified,2025-05-31,Driving Licence,API
V0001525,L0001525,C002133,Verified,2025-12-17,Driving Licence,Manual
V0001526,L0001526,C002134,Verified,2025-10-16,Passport,API
V0001527,L0001527,C002137,Manual Review,2025-11-04,Driving Licence,Manual
V0001528,L0001528,C002139,Verified,2025-10-15,Utility Bill,Manual
V0001529,L0001529,C002140,Verified,2025-08-07,Driving Licence,Manual
V0001530,L0001530,C002141,Verified,2026-03-05,BRP,Manual
V0001531,L0001531,C002142,Manual Review,2025-04-26,Driving Licence,API
V0001532,L0001532,C002144,Verified,2025-05-14,BRP,API
V0001533,L0001533,C002146,Verified,2026-03-20,Utility Bill,API
V0001534,L0001534,C002150,Manual Review,2026-05-25,Driving Licence,Email
V0001535,L0001535,C002151,Verified,2026-01-08,Passport,Manual
V0001536,L0001536,C002152,Verified,2026-04-30,Driving Licence,Manual
V0001537,L0001537,C002153,Verified,2025-04-09,Utility Bill,API
V0001538,L0001538,C002155,Verified,2025-05-04,BRP,Email
V0001539,L0001539,C002156,Verified,2026-03-08,Driving Licence,API
V0001540,L0001540,C002157,Verified,2025-03-16,Driving Licence,Email
V0001541,L0001541,C002159,Verified,2025-09-09,Driving Licence,API
V0001542,L0001542,C002160,Verified,2026-05-12,BRP,API
V0001543,L0001543,C002163,Verified,2025-12-28,Utility Bill,Manual
V0001544,L0001544,C002165,Verified,2025-03-30,BRP,Email
V0001545,L0001545,C002166,Verified,2025-07-10,BRP,API
V0001546,L0001546,C002167,Verified,2025-03-10,Passport,Email
V0001547,L0001547,C002170,Verified,2025-12-06,Utility Bill,Email
V0001548,L0001548,C002171,Verified,2025-08-22,Driving Licence,API
V0001549,L0001549,C002172,Verified,2026-03-20,BRP,API
V0001550,L0001550,C002173,Verified,2026-03-27,Utility Bill,Email
V0001551,L0001551,C002176,Verified,2026-05-22,BRP,Email
V0001552,L0001552,C002177,Verified,2025-09-28,Passport,Manual
V0001553,L0001553,C002178,Verified,2025-09-12,Utility Bill,API
V0001554,L0001554,C002179,Verified,2026-04-19,Utility Bill,Email
V0001555,L0001555,C002180,Verified,2026-02-24,Utility Bill,Manual
V0001556,L0001556,C002181,Verified,2025-05-02,BRP,Manual
V0001557,L0001557,C002182,Verified,2026-04-17,Utility Bill,API
V0001558,L0001558,C002183,Manual Review,2026-04-13,Driving Licence,Manual
V0001559,L0001559,C002184,Verified,2025-11-05,Passport,Email
V0001560,L0001560,C002185,Verified,2025-08-21,Utility Bill,Email
V0001561,L0001561,C002186,Verified,2026-04-13,Utility Bill,Email
V0001562,L0001562,C002187,Verified,2025-11-26,Driving Licence,Email
V0001563,L0001563,C002189,Manual Review,2025-09-30,BRP,API
V0001564,L0001564,C002190,Verified,2026-01-07,BRP,Email
V0001565,L0001565,C002192,Verified,2025-09-16,Driving Licence,Manual
V0001566,L0001566,C002193,Failed,2025-05-28,Utility Bill,Manual
V0001567,L0001567,C002194,Verified,2026-02-23,Driving Licence,Manual
V0001568,L0001568,C002196,Manual Review,2026-01-23,Driving Licence,Email
V0001569,L0001569,C002199,Verified,2025-02-11,Passport,Email
V0001570,L0001570,C002200,Manual Review,2025-09-10,Utility Bill,API
V0001571,L0001571,C002201,Verified,2025-07-25,Passport,API
V0001572,L0001572,C002202,Manual Review,2025-02-12,Utility Bill,Email
V0001573,L0001573,C002203,Manual Review,2025-11-15,Driving Licence,Email
V0001574,L0001574,C002206,Verified,2025-04-17,BRP,API
V0001575,L0001575,C002207,Verified,2025-11-17,Utility Bill,Manual
V0001576,L0001576,C002208,Manual Review,2026-04-14,Passport,API
V0001577,L0001577,C002209,Verified,2025-06-14,BRP,Manual
V0001578,L0001578,C002210,Verified,2025-02-15,BRP,API
V0001579,L0001579,C002211,Verified,2026-01-05,Utility Bill,API
V0001580,L0001580,C002213,Verified,2025-09-15,Passport,Manual
V0001581,L0001581,C002215,Manual Review,2026-02-13,BRP,Manual
V0001582,L0001582,C002216,Verified,2025-09-02,Utility Bill,API
V0001583,L0001583,C002217,Failed,2025-11-29,Passport,Manual
V0001584,L0001584,C002218,Verified,2026-01-20,BRP,Email
V0001585,L0001585,C002219,Verified,2026-03-25,Passport,API
V0001586,L0001586,C002221,Verified,2025-06-05,BRP,Manual
V0001587,L0001587,C002223,Verified,2025-04-04,BRP,API
V0001588,L0001588,C002224,Manual Review,2025-03-21,BRP,API
V0001589,L0001589,C002225,Verified,2025-02-25,BRP,API
V0001590,L0001590,C002227,Failed,2025-02-27,Passport,API
V0001591,L0001591,C002228,Verified,2025-04-30,BRP,API
V0001592,L0001592,C002229,Failed,2025-08-26,BRP,Email
V0001593,L0001593,C002230,Manual Review,2025-12-02,Driving Licence,Email
V0001594,L0001594,C002231,Verified,2025-02-07,BRP,API
V0001595,L0001595,C002232,Verified,2025-05-16,Passport,API
V0001596,L0001596,C002235,Verified,2026-03-29,Driving Licence,API
V0001597,L0001597,C002238,Verified,2025-07-03,Utility Bill,Email
V0001598,L0001598,C002239,Verified,2025-09-13,Utility Bill,API
V0001599,L0001599,C002240,Verified,2025-10-26,BRP,API
V0001600,L0001600,C002241,Verified,2025-04-08,Passport,Manual
V0001601,L0001601,C002242,Verified,2026-03-20,Passport,API
V0001602,L0001602,C002243,Verified,2025-04-07,Driving Licence,Email
V0001603,L0001603,C002245,Verified,2025-04-15,Passport,Email
V0001604,L0001604,C002246,Verified,2025-03-11,BRP,Manual
V0001605,L0001605,C002247,Verified,2025-10-04,Utility Bill,Manual
V0001606,L0001606,C002249,Verified,2025-11-09,Passport,API
V0001607,L0001607,C002253,Verified,2025-02-28,Passport,API
V0001608,L0001608,C002254,Verified,2025-10-23,Driving Licence,API
V0001609,L0001609,C002255,Verified,2025-11-30,Driving Licence,Email
V0001610,L0001610,C002256,Verified,2025-05-01,Driving Licence,API
V0001611,L0001611,C002257,Verified,2025-03-09,BRP,Manual
V0001612,L0001612,C002258,Verified,2025-12-06,Passport,Manual
V0001613,L0001613,C002259,Verified,2026-04-03,Driving Licence,Email
V0001614,L0001614,C002260,Verified,2026-02-22,Driving Licence,Email
V0001615,L0001615,C002262,Verified,2025-05-09,Utility Bill,Email
V0001616,L0001616,C002263,Verified,2025-03-05,BRP,Email
V0001617,L0001617,C002264,Verified,2025-02-08,Driving Licence,Manual
V0001618,L0001618,C002265,Verified,2025-12-30,Passport,Email
V0001619,L0001619,C002266,Verified,2025-10-13,Utility Bill,Manual
V0001620,L0001620,C002268,Verified,2026-05-23,Passport,API
V0001621,L0001621,C002269,Verified,2025-09-08,Utility Bill,API
V0001622,L0001622,C002271,Verified,2025-08-19,Passport,Manual
V0001623,L0001623,C002272,Verified,2025-11-24,Driving Licence,API
V0001624,L0001624,C002273,Verified,2026-01-03,BRP,API
V0001625,L0001625,C002274,Verified,2025-10-10,Passport,Manual
V0001626,L0001626,C002275,Verified,2025-06-14,Passport,Manual
V0001627,L0001627,C002276,Verified,2025-07-11,Passport,Email
V0001628,L0001628,C002278,Manual Review,2025-10-12,Passport,Email
V0001629,L0001629,C002280,Verified,2025-08-04,Utility Bill,API
V0001630,L0001630,C002281,Verified,2026-04-22,Passport,API
V0001631,L0001631,C002283,Manual Review,2026-02-05,Utility Bill,Email
V0001632,L0001632,C002284,Verified,2025-03-03,Driving Licence,Manual
V0001633,L0001633,C002285,Verified,2026-05-26,Driving Licence,Email
V0001634,L0001634,C002286,Verified,2026-03-01,BRP,API
V0001635,L0001635,C002287,Manual Review,2026-02-03,Utility Bill,API
V0001636,L0001636,C002288,Verified,2025-05-06,BRP,API
V0001637,L0001637,C002289,Verified,2025-11-13,BRP,API
V0001638,L0001638,C002293,Verified,2025-09-13,Passport,Manual
V0001639,L0001639,C002294,Verified,2025-07-20,Driving Licence,Manual
V0001640,L0001640,C002295,Verified,2026-02-08,Utility Bill,API
V0001641,L0001641,C002296,Manual Review,2025-08-01,Utility Bill,Manual
V0001642,L0001642,C002299,Verified,2026-05-20,Passport,API
V0001643,L0001643,C002302,Verified,2026-01-31,Driving Licence,Manual
V0001644,L0001644,C002303,Verified,2026-04-07,BRP,Manual
V0001645,L0001645,C002304,Verified,2026-05-16,Driving Licence,Manual
V0001646,L0001646,C002305,Verified,2026-04-21,Utility Bill,API
V0001647,L0001647,C002306,Verified,2025-09-10,BRP,Manual
V0001648,L0001648,C002307,Verified,2025-10-04,Passport,Manual
V0001649,L0001649,C002308,Verified,2026-06-05,Driving Licence,Manual
V0001650,L0001650,C002309,Manual Review,2026-06-05,Driving Licence,API
V0001651,L0001651,C002312,Verified,2026-04-13,Passport,Manual
V0001652,L0001652,C002313,Failed,2025-05-01,Passport,API
V0001653,L0001653,C002314,Verified,2026-02-20,Utility Bill,API
V0001654,L0001654,C002315,Verified,2025-11-22,Driving Licence,Manual
V0001655,L0001655,C002316,Verified,2025-01-12,Passport,Manual
V0001656,L0001656,C002317,Verified,2025-05-16,Utility Bill,API
V0001657,L0001657,C002318,Verified,2025-12-20,BRP,API
V0001658,L0001658,C002319,Verified,2025-03-04,Utility Bill,Email
V0001659,L0001659,C002320,Verified,2025-04-02,Passport,Email
V0001660,L0001660,C002321,Verified,2025-12-02,Passport,API
V0001661,L0001661,C002322,Verified,2025-01-24,Utility Bill,Email
V0001662,L0001662,C002325,Verified,2026-04-21,Driving Licence,Email
V0001663,L0001663,C002326,Verified,2025-08-20,Passport,Manual
V0001664,L0001664,C002327,Verified,2025-09-26,Utility Bill,Manual
V0001665,L0001665,C002328,Verified,2025-05-08,Utility Bill,Email
V0001666,L0001666,C002330,Manual Review,2026-04-07,Passport,Email
V0001667,L0001667,C002332,Verified,2025-05-06,Passport,API
V0001668,L0001668,C002333,Verified,2025-02-17,Utility Bill,Manual
V0001669,L0001669,C002334,Verified,2025-06-29,Utility Bill,Manual
V0001670,L0001670,C002335,Manual Review,2025-04-17,Passport,API
V0001671,L0001671,C002336,Verified,2025-12-24,Driving Licence,Manual
V0001672,L0001672,C002337,Failed,2025-08-14,Passport,API
V0001673,L0001673,C002338,Verified,2025-11-28,BRP,Email
V0001674,L0001674,C002339,Verified,2025-04-09,Passport,Email
V0001675,L0001675,C002340,Verified,2025-01-30,BRP,API
V0001676,L0001676,C002341,Verified,2026-03-30,Passport,Manual
V0001677,L0001677,C002343,Verified,2025-07-14,BRP,Email
V0001678,L0001678,C002344,Verified,2025-07-05,BRP,Email
V0001679,L0001679,C002346,Failed,2026-01-16,Driving Licence,API
V0001680,L0001680,C002347,Verified,2025-12-17,Utility Bill,API
V0001681,L0001681,C002348,Manual Review,2025-11-21,BRP,Email
V0001682,L0001682,C002349,Verified,2025-11-09,BRP,Email
V0001683,L0001683,C002350,Verified,2025-05-11,BRP,Manual
V0001684,L0001684,C002351,Manual Review,2025-07-08,BRP,API
V0001685,L0001685,C002352,Verified,2026-01-22,Utility Bill,API
V0001686,L0001686,C002353,Verified,2026-03-09,Driving Licence,Email
V0001687,L0001687,C002354,Verified,2026-01-28,Driving Licence,Email
V0001688,L0001688,C002355,Verified,2025-12-31,BRP,Email
V0001689,L0001689,C002356,Verified,2025-12-04,Passport,Email
V0001690,L0001690,C002357,Verified,2025-08-16,BRP,Email
V0001691,L0001691,C002360,Manual Review,2025-08-27,BRP,Manual
V0001692,L0001692,C002361,Manual Review,2025-03-17,BRP,Manual
V0001693,L0001693,C002362,Verified,2025-12-03,Utility Bill,API
V0001694,L0001694,C002364,Verified,2025-07-13,Utility Bill,Manual
V0001695,L0001695,C002365,Verified,2026-02-23,BRP,Email
V0001696,L0001696,C002367,Verified,2025-09-08,Passport,Manual
V0001697,L0001697,C002368,Verified,2025-08-06,Driving Licence,Email
V0001698,L0001698,C002369,Manual Review,2025-07-14,BRP,API
V0001699,L0001699,C002370,Verified,2025-10-17,Passport,Email
V0001700,L0001700,C002371,Manual Review,2026-04-12,BRP,Manual
V0001701,L0001701,C002372,Verified,2025-03-17,Passport,Email
V0001702,L0001702,C002373,Verified,2025-07-11,Driving Licence,Manual
V0001703,L0001703,C002375,Verified,2025-04-02,Utility Bill,Email
V0001704,L0001704,C002379,Verified,2026-05-17,BRP,Manual
V0001705,L0001705,C002381,Verified,2025-06-05,Passport,Email
V0001706,L0001706,C002382,Failed,2026-03-27,Driving Licence,Manual
V0001707,L0001707,C002383,Verified,2025-05-17,Driving Licence,Email
V0001708,L0001708,C002384,Verified,2026-01-01,Passport,API
V0001709,L0001709,C002386,Verified,2025-01-07,Driving Licence,API
V0001710,L0001710,C002387,Verified,2025-12-30,BRP,Email
V0001711,L0001711,C002388,Verified,2025-09-08,Passport,API
V0001712,L0001712,C002390,Verified,2026-04-07,Passport,API
V0001713,L0001713,C002391,Verified,2026-05-18,Utility Bill,Manual
V0001714,L0001714,C002393,Verified,2025-02-09,Passport,API
V0001715,L0001715,C002394,Verified,2025-06-25,BRP,API
V0001716,L0001716,C002395,Verified,2025-07-11,Passport,API
V0001717,L0001717,C002397,Verified,2025-07-11,BRP,Email
V0001718,L0001718,C002398,Verified,2025-10-15,Passport,Manual
V0001719,L0001719,C002400,Verified,2025-10-16,Driving Licence,Manual
V0001720,L0001720,C002401,Verified,2025-03-08,Utility Bill,API
V0001721,L0001721,C002402,Verified,2025-01-18,Driving Licence,Manual
V0001722,L0001722,C002403,Verified,2025-06-13,Utility Bill,Email
V0001723,L0001723,C002405,Verified,2026-04-03,BRP,Manual
V0001724,L0001724,C002406,Verified,2025-04-23,BRP,API
V0001725,L0001725,C002407,Verified,2025-05-20,Utility Bill,Manual
V0001726,L0001726,C002408,Verified,2026-04-18,Passport,Manual
V0001727,L0001727,C002409,Verified,2026-04-29,Driving Licence,API
V0001728,L0001728,C002410,Verified,2026-03-04,BRP,Manual
V0001729,L0001729,C002411,Verified,2025-10-24,Driving Licence,Manual
V0001730,L0001730,C002412,Verified,2026-04-19,BRP,API
V0001731,L0001731,C002413,Verified,2025-07-06,Passport,Manual
V0001732,L0001732,C002415,Verified,2025-03-02,Passport,API
V0001733,L0001733,C002416,Verified,2026-03-14,BRP,API
V0001734,L0001734,C002417,Verified,2025-02-19,Utility Bill,Email
V0001735,L0001735,C002420,Verified,2025-09-22,BRP,Manual
V0001736,L0001736,C002422,Verified,2026-02-23,BRP,Manual
V0001737,L0001737,C002424,Verified,2025-08-16,Passport,API
V0001738,L0001738,C002425,Verified,2025-02-17,Passport,Manual
V0001739,L0001739,C002426,Failed,2025-01-19,Driving Licence,Email
V0001740,L0001740,C002428,Verified,2026-01-07,Utility Bill,Manual
V0001741,L0001741,C002429,Verified,2025-11-04,Driving Licence,Email
V0001742,L0001742,C002430,Verified,2025-01-20,BRP,Manual
V0001743,L0001743,C002432,Verified,2026-04-07,Utility Bill,API
V0001744,L0001744,C002433,Verified,2025-09-08,Passport,Manual
V0001745,L0001745,C002434,Verified,2025-07-14,Driving Licence,API
V0001746,L0001746,C002435,Verified,2026-02-22,Driving Licence,Manual
V0001747,L0001747,C002436,Verified,2025-06-02,Utility Bill,API
V0001748,L0001748,C002438,Verified,2025-04-12,Passport,Manual
V0001749,L0001749,C002439,Verified,2025-04-19,Driving Licence,API
V0001750,L0001750,C002440,Verified,2025-02-24,Utility Bill,Manual
V0001751,L0001751,C002441,Verified,2026-02-16,BRP,Email
V0001752,L0001752,C002442,Verified,2025-05-30,Driving Licence,Email
V0001753,L0001753,C002443,Verified,2025-09-26,Utility Bill,Manual
V0001754,L0001754,C002446,Verified,2025-12-24,BRP,API
V0001755,L0001755,C002448,Verified,2025-10-04,Passport,Email
V0001756,L0001756,C002449,Verified,2026-02-15,Passport,API
V0001757,L0001757,C002450,Manual Review,2025-03-24,Utility Bill,API
V0001758,L0001758,C002453,Verified,2025-10-27,BRP,Manual
V0001759,L0001759,C002454,Verified,2026-01-04,Utility Bill,API
V0001760,L0001760,C002455,Verified,2025-05-09,Passport,Manual
V0001761,L0001761,C002456,Verified,2026-04-28,Driving Licence,Email
V0001762,L0001762,C002457,Verified,2026-03-17,Passport,Manual
V0001763,L0001763,C002458,Verified,2026-01-04,Utility Bill,Email
V0001764,L0001764,C002460,Verified,2025-02-21,BRP,API
V0001765,L0001765,C002464,Verified,2025-08-12,Driving Licence,API
V0001766,L0001766,C002466,Verified,2025-01-30,Utility Bill,Email
V0001767,L0001767,C002467,Verified,2026-06-01,Utility Bill,Manual
V0001768,L0001768,C002468,Verified,2025-10-24,Utility Bill,Email
V0001769,L0001769,C002469,Manual Review,2025-05-04,BRP,Manual
V0001770,L0001770,C002470,Verified,2025-09-23,Utility Bill,API
V0001771,L0001771,C002471,Verified,2025-08-17,BRP,API
V0001772,L0001772,C002472,Verified,2025-05-01,BRP,Manual
V0001773,L0001773,C002474,Verified,2025-06-26,Passport,Email
V0001774,L0001774,C002476,Verified,2025-01-18,Utility Bill,Email
V0001775,L0001775,C002477,Verified,2026-03-19,BRP,Manual
V0001776,L0001776,C002478,Manual Review,2025-09-18,Driving Licence,Email
V0001777,L0001777,C002480,Verified,2025-04-09,Utility Bill,API
V0001778,L0001778,C002481,Manual Review,2025-05-19,BRP,Email
V0001779,L0001779,C002482,Verified,2025-03-16,BRP,Manual
V0001780,L0001780,C002484,Verified,2025-10-06,Passport,Manual
V0001781,L0001781,C002485,Verified,2025-02-25,Utility Bill,Manual
V0001782,L0001782,C002486,Verified,2025-07-25,Driving Licence,Email
V0001783,L0001783,C002487,Verified,2025-09-25,BRP,API
V0001784,L0001784,C002489,Verified,2025-08-01,BRP,Email
V0001785,L0001785,C002490,Verified,2025-02-19,BRP,API
V0001786,L0001786,C002491,Verified,2025-03-04,Passport,Email
V0001787,L0001787,C002492,Verified,2026-01-07,Utility Bill,Email
V0001788,L0001788,C002493,Verified,2025-05-23,BRP,Manual
V0001789,L0001789,C002494,Manual Review,2025-04-09,BRP,Email
V0001790,L0001790,C002495,Verified,2025-01-17,Driving Licence,Manual
V0001791,L0001791,C002497,Manual Review,2025-10-22,BRP,Manual
V0001792,L0001792,C002498,Verified,2025-03-19,Passport,Email
V0001793,L0001793,C002499,Verified,2025-11-07,Driving Licence,API
